<?xml version = '1.0' encoding = 'UTF-8'?>
<Diagram class="oracle.dbtools.crest.swingui.logical.DPVLogical" name="Logical" id="C71C2614-E45B-32EF-D6F8-62286FF9ED57">
<createdBy>Charchilla</createdBy>
<modifiedBy>Charchilla</modifiedBy>
<createdTime>2025-10-11 15:57:23 UTC</createdTime>
<autoRoute>false</autoRoute>
<boxInbox>true</boxInbox>
<showLegend>false</showLegend>
<showLabels>false</showLabels>
<showRelAttributes>false</showRelAttributes>
<gridEnabled>false</gridEnabled>
<showGrid>false</showGrid>
<diagramColor>-1</diagramColor>
<display>false</display>
<notation>1</notation>
<objectViews>
<OView class="oracle.dbtools.crest.swingui.logical.TVEntity" oid="25FC76E3-4259-33C4-37EF-69C4AF0B8A4A" otype="Entity" vid="DF64F743-E828-FC4C-A6E5-B9D1DF237368">
<hideElementsInCurrentOnly>false</hideElementsInCurrentOnly>
<bounds x="285" y="340" width="160" height="70"/>
</OView>
<OView class="oracle.dbtools.crest.swingui.logical.TVEntity" oid="3E385B14-E406-9B8D-9988-6BD5B8417454" otype="Entity" vid="EF853E6F-8337-74A6-9BF9-170F51778DE6">
<hideElementsInCurrentOnly>false</hideElementsInCurrentOnly>
<bounds x="314" y="176" width="131" height="70"/>
</OView>
<OView class="oracle.dbtools.crest.swingui.logical.TVEntity" oid="4231F0CE-39EC-02BC-27DF-5FA53CB41FD3" otype="Entity" vid="551D3911-AAB6-B1DD-1F44-01CDDC6469AD">
<hideElementsInCurrentOnly>false</hideElementsInCurrentOnly>
<bounds x="9" y="177" width="97" height="54"/>
</OView>
<OView class="oracle.dbtools.crest.swingui.logical.TVEntity" oid="47811FA1-E382-8EA9-3EE7-C248DE56B23B" otype="Entity" vid="6FC2F4BB-E3F9-4A95-D26A-E60558582169">
<hideElementsInCurrentOnly>false</hideElementsInCurrentOnly>
<bounds x="143" y="157" width="312" height="266"/>
</OView>
<OView class="oracle.dbtools.crest.swingui.logical.TVEntity" oid="4EC5D852-2A5B-2291-8E82-CE91CB513ACE" otype="Entity" vid="D8556C99-C273-730D-A2FC-EEFA2B79E0EA">
<hideElementsInCurrentOnly>false</hideElementsInCurrentOnly>
<bounds x="306" y="255" width="119" height="70"/>
</OView>
<OView class="oracle.dbtools.crest.swingui.logical.TVEntity" oid="52FF3088-D915-5461-452C-344C469E3887" otype="Entity" vid="FE5DD3E0-699A-705D-232C-1D04829C2A81">
<hideElementsInCurrentOnly>false</hideElementsInCurrentOnly>
<bounds x="527" y="11" width="114" height="82"/>
</OView>
<OView class="oracle.dbtools.crest.swingui.logical.TVEntity" oid="710AE7BA-C7CF-4C45-F6E6-3AE2211855D1" otype="Entity" vid="877DB965-78DA-C824-23C7-FAE376B38682">
<hideElementsInCurrentOnly>false</hideElementsInCurrentOnly>
<bounds x="932" y="303" width="105" height="82"/>
</OView>
<OView class="oracle.dbtools.crest.swingui.logical.TVEntity" oid="78277AD3-D65A-85CB-5A68-B3A4AD53980D" otype="Entity" vid="88842814-5A59-01B7-E81D-2323C96D8DC7">
<hideElementsInCurrentOnly>false</hideElementsInCurrentOnly>
<bounds x="11" y="242" width="93" height="54"/>
</OView>
<OView class="oracle.dbtools.crest.swingui.logical.TVEntity" oid="ADBFFA37-AD66-C71C-BEEB-98F71108933C" otype="Entity" vid="58F5DBF1-3AE3-CC4E-0900-578D9AAF1359">
<hideElementsInCurrentOnly>false</hideElementsInCurrentOnly>
<bounds x="798" y="17" width="117" height="54"/>
</OView>
<OView class="oracle.dbtools.crest.swingui.logical.TVEntity" oid="B1757D73-DCBE-88A8-96B0-A4A1D4034E99" otype="Entity" vid="1565275E-EB3E-8962-333C-8696BB722B93">
<hideElementsInCurrentOnly>false</hideElementsInCurrentOnly>
<bounds x="751" y="279" width="124" height="68"/>
</OView>
<OView class="oracle.dbtools.crest.swingui.logical.TVEntity" oid="B34A59C8-641C-6019-6669-C50D32593361" otype="Entity" vid="5099DCFA-928A-553B-0B63-714D5CB98F1A">
<hideElementsInCurrentOnly>false</hideElementsInCurrentOnly>
<bounds x="179" y="13" width="111" height="54"/>
</OView>
<OView class="oracle.dbtools.crest.swingui.logical.TVEntity" oid="EB322E31-755A-488D-6A7C-77C7439302B7" otype="Entity" vid="BE7B15E4-1B4D-FE2A-4FA0-625DF9692AAD">
<hideElementsInCurrentOnly>false</hideElementsInCurrentOnly>
<bounds x="533" y="176" width="142" height="96"/>
</OView>
<OView class="oracle.dbtools.crest.swingui.logical.TVEntity" oid="F12FCFC7-742B-8988-B83C-9A8F28CD2FE4" otype="Entity" vid="54DE95F7-D760-B51B-9CA2-4C2A571D44D8">
<hideElementsInCurrentOnly>false</hideElementsInCurrentOnly>
<bounds x="358" y="8" width="109" height="82"/>
</OView>
<OView class="oracle.dbtools.crest.swingui.logical.TVEntity" oid="F45EF1AF-41C2-E141-71E7-4650A20D0C4B" otype="Entity" vid="B9F02D3A-3862-78BF-12E7-839D0A05221F">
<hideElementsInCurrentOnly>false</hideElementsInCurrentOnly>
<bounds x="17" y="7" width="102" height="54"/>
</OView>
</objectViews>
<connectors>
<Connector class="oracle.dbtools.crest.swingui.logical.TVRelation" oid="256DE45E-0E18-307F-6382-A2833ABC2F2C" otype="Relation" vid_source="5099DCFA-928A-553B-0B63-714D5CB98F1A" vid_target="54DE95F7-D760-B51B-9CA2-4C2A571D44D8">
<hideElementsInCurrentOnly>false</hideElementsInCurrentOnly>
<backgroundColor>-16777216</backgroundColor>
<lineWidth>1</lineWidth>
<points>
<point x="290" y="40"/>
<point x="358" y="40"/>
</points>
</Connector>
<Connector class="oracle.dbtools.crest.swingui.logical.TVRelation" oid="2ADF5AFB-60A2-9A06-9784-E1DDF546383E" otype="Relation" vid_source="6FC2F4BB-E3F9-4A95-D26A-E60558582169" vid_target="1565275E-EB3E-8962-333C-8696BB722B93">
<hideElementsInCurrentOnly>false</hideElementsInCurrentOnly>
<backgroundColor>-16777216</backgroundColor>
<lineWidth>1</lineWidth>
<points>
<point x="455" y="313"/>
<point x="751" y="313"/>
</points>
</Connector>
<Connector class="oracle.dbtools.crest.swingui.logical.TVInheritanceRelation" oid="3318397D-2966-0ABA-1AB5-53AE1E0CD8B8" otype="Hierarchy relation" vid_source="6FC2F4BB-E3F9-4A95-D26A-E60558582169" vid_target="DF64F743-E828-FC4C-A6E5-B9D1DF237368">
<hideElementsInCurrentOnly>false</hideElementsInCurrentOnly>
<backgroundColor>-65536</backgroundColor>
<lineWidth>1</lineWidth>
</Connector>
<Connector class="oracle.dbtools.crest.swingui.logical.TVRelation" oid="34CFBB8B-5A33-5968-4C1E-29F7B8B5E25A" otype="Relation" vid_source="877DB965-78DA-C824-23C7-FAE376B38682" vid_target="1565275E-EB3E-8962-333C-8696BB722B93">
<hideElementsInCurrentOnly>false</hideElementsInCurrentOnly>
<backgroundColor>-16777216</backgroundColor>
<lineWidth>1</lineWidth>
<points>
<point x="932" y="325"/>
<point x="875" y="325"/>
</points>
</Connector>
<Connector class="oracle.dbtools.crest.swingui.logical.TVRelation" oid="47697FF1-E5D2-79F1-1027-7D32CA9B75DD" otype="Relation" vid_source="B9F02D3A-3862-78BF-12E7-839D0A05221F" vid_target="5099DCFA-928A-553B-0B63-714D5CB98F1A">
<hideElementsInCurrentOnly>false</hideElementsInCurrentOnly>
<backgroundColor>-16777216</backgroundColor>
<lineWidth>1</lineWidth>
<points>
<point x="119" y="37"/>
<point x="179" y="37"/>
</points>
</Connector>
<Connector class="oracle.dbtools.crest.swingui.logical.TVRelation" oid="55F5D6A4-93E3-D3CA-857A-98C658F013C7" otype="Relation" vid_source="54DE95F7-D760-B51B-9CA2-4C2A571D44D8" vid_target="FE5DD3E0-699A-705D-232C-1D04829C2A81">
<hideElementsInCurrentOnly>false</hideElementsInCurrentOnly>
<backgroundColor>-16777216</backgroundColor>
<lineWidth>1</lineWidth>
<points>
<point x="467" y="50"/>
<point x="527" y="50"/>
</points>
</Connector>
<Connector class="oracle.dbtools.crest.swingui.logical.TVInheritanceRelation" oid="5608DEC2-3187-7BCC-D312-C1E9913B7607" otype="Hierarchy relation" vid_source="6FC2F4BB-E3F9-4A95-D26A-E60558582169" vid_target="D8556C99-C273-730D-A2FC-EEFA2B79E0EA">
<hideElementsInCurrentOnly>false</hideElementsInCurrentOnly>
<backgroundColor>-65536</backgroundColor>
<lineWidth>1</lineWidth>
</Connector>
<Connector class="oracle.dbtools.crest.swingui.logical.TVInheritanceRelation" oid="68F85BF5-ABEB-6DBF-118D-2011537BB3A9" otype="Hierarchy relation" vid_source="6FC2F4BB-E3F9-4A95-D26A-E60558582169" vid_target="EF853E6F-8337-74A6-9BF9-170F51778DE6">
<hideElementsInCurrentOnly>false</hideElementsInCurrentOnly>
<backgroundColor>-65536</backgroundColor>
<lineWidth>1</lineWidth>
</Connector>
<Connector class="oracle.dbtools.crest.swingui.logical.TVRelation" oid="6D2E6012-DBE8-EAC9-407F-14FC4CDA25AE" otype="Relation" vid_source="551D3911-AAB6-B1DD-1F44-01CDDC6469AD" vid_target="6FC2F4BB-E3F9-4A95-D26A-E60558582169">
<hideElementsInCurrentOnly>false</hideElementsInCurrentOnly>
<backgroundColor>-16777216</backgroundColor>
<lineWidth>1</lineWidth>
<points>
<point x="106" y="204"/>
<point x="143" y="204"/>
</points>
</Connector>
<Connector class="oracle.dbtools.crest.swingui.logical.TVRelation" oid="8140DC1C-EA08-2BEF-F3FA-E9BA89BA9349" otype="Relation" vid_source="58F5DBF1-3AE3-CC4E-0900-578D9AAF1359" vid_target="FE5DD3E0-699A-705D-232C-1D04829C2A81">
<hideElementsInCurrentOnly>false</hideElementsInCurrentOnly>
<backgroundColor>-16777216</backgroundColor>
<lineWidth>1</lineWidth>
<points>
<point x="798" y="44"/>
<point x="641" y="44"/>
</points>
</Connector>
<Connector class="oracle.dbtools.crest.swingui.logical.TVRelation" oid="8727094C-1CED-E3FA-40E8-0997CA6625EE" otype="Relation" vid_source="FE5DD3E0-699A-705D-232C-1D04829C2A81" vid_target="BE7B15E4-1B4D-FE2A-4FA0-625DF9692AAD">
<hideElementsInCurrentOnly>false</hideElementsInCurrentOnly>
<backgroundColor>-16777216</backgroundColor>
<lineWidth>1</lineWidth>
<points>
<point x="587" y="93"/>
<point x="587" y="176"/>
</points>
</Connector>
<Connector class="oracle.dbtools.crest.swingui.logical.TVRelation" oid="94D9C04E-F601-C574-2A7C-C8BB9AB5E5E2" otype="Relation" vid_source="88842814-5A59-01B7-E81D-2323C96D8DC7" vid_target="6FC2F4BB-E3F9-4A95-D26A-E60558582169">
<hideElementsInCurrentOnly>false</hideElementsInCurrentOnly>
<backgroundColor>-16777216</backgroundColor>
<lineWidth>1</lineWidth>
<points>
<point x="104" y="269"/>
<point x="143" y="269"/>
</points>
</Connector>
<Connector class="oracle.dbtools.crest.swingui.logical.TVRelation" oid="D9065A3A-B5B8-97FB-0755-E8E2C9EE500F" otype="Relation" vid_source="EF853E6F-8337-74A6-9BF9-170F51778DE6" vid_target="BE7B15E4-1B4D-FE2A-4FA0-625DF9692AAD">
<hideElementsInCurrentOnly>false</hideElementsInCurrentOnly>
<backgroundColor>-16777216</backgroundColor>
<lineWidth>1</lineWidth>
<points>
<point x="445" y="211"/>
<point x="533" y="211"/>
</points>
</Connector>
<Connector class="oracle.dbtools.crest.swingui.logical.TVRelation" oid="DC6463F6-AF47-0C0B-CC42-A7AD62BD9259" otype="Relation" vid_source="FE5DD3E0-699A-705D-232C-1D04829C2A81" vid_target="1565275E-EB3E-8962-333C-8696BB722B93">
<hideElementsInCurrentOnly>false</hideElementsInCurrentOnly>
<backgroundColor>-16777216</backgroundColor>
<lineWidth>1</lineWidth>
<points>
<point x="619" y="93"/>
<point x="783" y="279"/>
</points>
</Connector>
<Connector class="oracle.dbtools.crest.swingui.logical.TVRelation" oid="DFC439D2-D90F-A5F5-6780-15165BEACBB9" otype="Relation" vid_source="6FC2F4BB-E3F9-4A95-D26A-E60558582169" vid_target="6FC2F4BB-E3F9-4A95-D26A-E60558582169">
<hideElementsInCurrentOnly>false</hideElementsInCurrentOnly>
<backgroundColor>-16777216</backgroundColor>
<lineWidth>1</lineWidth>
<points>
<point x="455" y="355"/>
<point x="494" y="355"/>
<point x="494" y="508"/>
<point x="321" y="508"/>
<point x="321" y="423"/>
</points>
</Connector>
<Connector class="oracle.dbtools.crest.swingui.logical.TVRelation" oid="F1C73B81-A8CD-FDA4-C664-AC287BD36193" otype="Relation" vid_source="54DE95F7-D760-B51B-9CA2-4C2A571D44D8" vid_target="6FC2F4BB-E3F9-4A95-D26A-E60558582169">
<hideElementsInCurrentOnly>false</hideElementsInCurrentOnly>
<backgroundColor>-16777216</backgroundColor>
<lineWidth>1</lineWidth>
<points>
<point x="406" y="90"/>
<point x="406" y="157"/>
</points>
</Connector>
</connectors>
</Diagram>