<?xml version = '1.0' encoding = 'UTF-8'?>
<FKArc class="oracle.dbtools.crest.model.design.relational.FKArc" directorySegmentName="seg_0" id="720B71B9-DF98-6398-3303-EB66ECA05959" name="FKArc_1">
<createdBy>Charchilla</createdBy>
<createdTime>2025-08-31 04:13:48 UTC</createdTime>
<ownerDesignName>S3</ownerDesignName>
<mandatory>false</mandatory>
<reverseArc>true</reverseArc>
<table>4B806642-406C-5B11-CEA0-7B3DF7BFD7FC</table>
<fkeys>
<fkeyID>5E0A6BA7-FA9F-5E07-BFEC-0018D60F42AA</fkeyID>
<fkeyID>99E887FB-8FB9-5EB8-6616-80AFF33D2DAA</fkeyID>
</fkeys>
</FKArc>