<?xml version = '1.0' encoding = 'UTF-8'?>
<FKArc class="oracle.dbtools.crest.model.design.relational.FKArc" directorySegmentName="seg_0" id="EF73F497-7D27-CC76-6A23-98EFE34D0DED" name="FKArc_2">
<createdBy>Charchilla</createdBy>
<createdTime>2025-08-31 04:13:48 UTC</createdTime>
<ownerDesignName>S3</ownerDesignName>
<mandatory>false</mandatory>
<reverseArc>true</reverseArc>
<table>411E6F58-BAF2-A474-80C3-19B7C8B3959E</table>
<fkeys>
<fkeyID>847CD38E-6102-7339-0FCF-36984F26C55F</fkeyID>
<fkeyID>690EA1F1-54E0-FAF7-B6E3-AB9E0ADEFE37</fkeyID>
</fkeys>
</FKArc>