<?xml version = '1.0' encoding = 'UTF-8'?>
<Diagram class="oracle.dbtools.crest.swingui.relational.DPVRelational" name="Relational_1" id="0355A25A-48AC-4D59-E2CF-8FCCCF4183F1">
<createdBy>Charchilla</createdBy>
<modifiedBy>Charchilla</modifiedBy>
<createdTime>2025-09-13 21:11:19 UTC</createdTime>
<autoRoute>false</autoRoute>
<boxInbox>true</boxInbox>
<showLegend>false</showLegend>
<showLabels>false</showLabels>
<showRelAttributes>false</showRelAttributes>
<gridEnabled>false</gridEnabled>
<showGrid>false</showGrid>
<diagramColor>-1</diagramColor>
<display>false</display>
<notation>1</notation>
<objectViews>
<OView class="oracle.dbtools.crest.swingui.relational.TVTable" oid="0C62FB37-DA1B-244C-203B-82F27EF046FF" otype="Table" vid="2FC2A73C-C9F5-0128-FA88-F317B1E0845E">
<hideElementsInCurrentOnly>false</hideElementsInCurrentOnly>
<bounds x="20" y="20" width="159" height="60"/>
</OView>
<OView class="oracle.dbtools.crest.swingui.relational.TVTable" oid="1024F2F7-6921-64ED-52B1-806F57C20A52" otype="Table" vid="4F96284E-950D-75CE-5FD9-825FA2C4AE2D">
<hideElementsInCurrentOnly>false</hideElementsInCurrentOnly>
<bounds x="292" y="632" width="268" height="142"/>
</OView>
<OView class="oracle.dbtools.crest.swingui.relational.TVTable" oid="2A6C01F9-235E-09AB-FD30-7F4A06F380FE" otype="Table" vid="2C55E59B-12C2-0F23-1873-3AC96F05C6BC">
<hideElementsInCurrentOnly>false</hideElementsInCurrentOnly>
<bounds x="368" y="306" width="300" height="226"/>
</OView>
<OView class="oracle.dbtools.crest.swingui.relational.TVTable" oid="4E585DB8-47AD-DD0C-58D7-CFCA83859825" otype="Table" vid="D486886C-F997-0706-A698-8D3AA592E9C4">
<hideElementsInCurrentOnly>false</hideElementsInCurrentOnly>
<bounds x="1179" y="304" width="245" height="122"/>
</OView>
<OView class="oracle.dbtools.crest.swingui.relational.TVTable" oid="545CEAAD-1EC5-46EB-220C-897E24CD0111" otype="Table" vid="8C1A038D-1A9B-4C2A-E149-0682E6AA28D8">
<hideElementsInCurrentOnly>false</hideElementsInCurrentOnly>
<bounds x="777" y="315" width="278" height="192"/>
</OView>
<OView class="oracle.dbtools.crest.swingui.relational.TVTable" oid="6C58F6A9-BAF6-1962-BBF4-57248CB8DDE6" otype="Table" vid="67A509BB-8746-250D-4AD8-2B8209911A90">
<hideElementsInCurrentOnly>false</hideElementsInCurrentOnly>
<bounds x="15" y="115" width="169" height="74"/>
</OView>
<OView class="oracle.dbtools.crest.swingui.relational.TVTable" oid="8E880E5E-4AF2-BE63-8968-374A2A64B2C7" otype="Table" vid="352F0616-E3FF-1272-622A-62BC864055CD">
<hideElementsInCurrentOnly>false</hideElementsInCurrentOnly>
<bounds x="1223" y="170" width="186" height="74"/>
</OView>
<OView class="oracle.dbtools.crest.swingui.relational.TVTable" oid="9AB7DF87-DFEF-3BD6-39DF-DBCA184702B9" otype="Table" vid="84816253-D652-24E5-F3C4-9C7417361C3E">
<hideElementsInCurrentOnly>false</hideElementsInCurrentOnly>
<bounds x="801" y="529" width="242" height="102"/>
</OView>
<OView class="oracle.dbtools.crest.swingui.relational.TVTable" oid="AC30B5E5-6811-95E9-DE86-15AE122CB0C1" otype="Table" vid="ADEB9923-9CA5-47E1-8AC4-FF7B0FAD9E1E">
<hideElementsInCurrentOnly>false</hideElementsInCurrentOnly>
<bounds x="650" y="681" width="405" height="122"/>
</OView>
<OView class="oracle.dbtools.crest.swingui.relational.TVTable" oid="B2F0C5A0-6EBD-5CD1-8648-D997481889BB" otype="Table" vid="A82D33FC-F607-39DE-DBB4-CB75910CB06E">
<hideElementsInCurrentOnly>false</hideElementsInCurrentOnly>
<bounds x="12" y="213" width="215" height="74"/>
</OView>
<OView class="oracle.dbtools.crest.swingui.relational.TVTable" oid="C4DCFCC9-A146-57DA-253B-17440F884DCA" otype="Table" vid="B06CABE2-C25A-20F1-1C14-36CE0A3B6E2C">
<hideElementsInCurrentOnly>false</hideElementsInCurrentOnly>
<bounds x="331" y="34" width="342" height="234"/>
</OView>
</objectViews>
<connectors>
<Connector class="oracle.dbtools.crest.swingui.relational.TVFKRelation" oid="0687CE01-AA82-C05A-4035-A0B6A77967A7" otype="FKIndexAssociation" vid_source="352F0616-E3FF-1272-622A-62BC864055CD" vid_target="D486886C-F997-0706-A698-8D3AA592E9C4">
<hideElementsInCurrentOnly>false</hideElementsInCurrentOnly>
<backgroundColor>-16777216</backgroundColor>
<lineWidth>1</lineWidth>
<points>
<point x="1316" y="244"/>
<point x="1316" y="304"/>
</points>
</Connector>
<Connector class="oracle.dbtools.crest.swingui.relational.TVFKRelation" oid="25E35FE0-5D5E-00D2-D2A8-4BB10C1CD961" otype="FKIndexAssociation" vid_source="B06CABE2-C25A-20F1-1C14-36CE0A3B6E2C" vid_target="B06CABE2-C25A-20F1-1C14-36CE0A3B6E2C">
<hideElementsInCurrentOnly>false</hideElementsInCurrentOnly>
<backgroundColor>-16777216</backgroundColor>
<lineWidth>1</lineWidth>
<points>
<point x="404" y="34"/>
<point x="404" y="52"/>
<point x="403" y="108"/>
<point x="328" y="109"/>
<point x="331" y="109"/>
</points>
</Connector>
<Connector class="oracle.dbtools.crest.swingui.relational.TVFKRelation" oid="2C72A61E-778C-6DA0-2EDB-EA1BC38D768C" otype="FKIndexAssociation" vid_source="B06CABE2-C25A-20F1-1C14-36CE0A3B6E2C" vid_target="2C55E59B-12C2-0F23-1873-3AC96F05C6BC">
<hideElementsInCurrentOnly>false</hideElementsInCurrentOnly>
<backgroundColor>-16777216</backgroundColor>
<lineWidth>1</lineWidth>
<points>
<point x="518" y="268"/>
<point x="518" y="306"/>
</points>
</Connector>
<Connector class="oracle.dbtools.crest.swingui.relational.TVFKRelation" oid="3C819EE1-C45A-108D-6268-48E9EEBF1641" otype="FKIndexAssociation" vid_source="67A509BB-8746-250D-4AD8-2B8209911A90" vid_target="B06CABE2-C25A-20F1-1C14-36CE0A3B6E2C">
<hideElementsInCurrentOnly>false</hideElementsInCurrentOnly>
<backgroundColor>-16777216</backgroundColor>
<lineWidth>1</lineWidth>
<points>
<point x="184" y="152"/>
<point x="331" y="152"/>
</points>
</Connector>
<Connector class="oracle.dbtools.crest.swingui.relational.TVFKRelation" oid="3D34A68A-C04E-0E45-604E-4B329ED2DAFF" otype="FKIndexAssociation" vid_source="4F96284E-950D-75CE-5FD9-825FA2C4AE2D" vid_target="2C55E59B-12C2-0F23-1873-3AC96F05C6BC">
<hideElementsInCurrentOnly>false</hideElementsInCurrentOnly>
<backgroundColor>-16777216</backgroundColor>
<lineWidth>1</lineWidth>
<points>
<point x="479" y="632"/>
<point x="479" y="532"/>
</points>
</Connector>
<Connector class="oracle.dbtools.crest.swingui.relational.TVFKRelation" oid="5319DBF2-EA07-F2E1-D190-6B8A304F7946" otype="FKIndexAssociation" vid_source="2C55E59B-12C2-0F23-1873-3AC96F05C6BC" vid_target="4F96284E-950D-75CE-5FD9-825FA2C4AE2D">
<hideElementsInCurrentOnly>false</hideElementsInCurrentOnly>
<backgroundColor>-16777216</backgroundColor>
<lineWidth>1</lineWidth>
<points>
<point x="464" y="532"/>
<point x="464" y="632"/>
</points>
</Connector>
<Connector class="oracle.dbtools.crest.swingui.relational.TVFKRelation" oid="56EDF3F8-B590-B75A-B328-7173F6A5EBCF" otype="FKIndexAssociation" vid_source="2FC2A73C-C9F5-0128-FA88-F317B1E0845E" vid_target="B06CABE2-C25A-20F1-1C14-36CE0A3B6E2C">
<hideElementsInCurrentOnly>false</hideElementsInCurrentOnly>
<backgroundColor>-16777216</backgroundColor>
<lineWidth>1</lineWidth>
<points>
<point x="179" y="57"/>
<point x="331" y="57"/>
</points>
</Connector>
<Connector class="oracle.dbtools.crest.swingui.relational.TVFKRelation" oid="7905FC1C-EC19-CC71-3E77-6874517E1E6F" otype="FKIndexAssociation" vid_source="2C55E59B-12C2-0F23-1873-3AC96F05C6BC" vid_target="ADEB9923-9CA5-47E1-8AC4-FF7B0FAD9E1E">
<hideElementsInCurrentOnly>false</hideElementsInCurrentOnly>
<backgroundColor>-16777216</backgroundColor>
<lineWidth>1</lineWidth>
<points>
<point x="659" y="532"/>
<point x="659" y="681"/>
</points>
</Connector>
<Connector class="oracle.dbtools.crest.swingui.relational.TVFKRelation" oid="9D669920-F44B-7C56-1483-2034541254CC" otype="FKIndexAssociation" vid_source="84816253-D652-24E5-F3C4-9C7417361C3E" vid_target="ADEB9923-9CA5-47E1-8AC4-FF7B0FAD9E1E">
<hideElementsInCurrentOnly>false</hideElementsInCurrentOnly>
<backgroundColor>-16777216</backgroundColor>
<lineWidth>1</lineWidth>
<points>
<point x="922" y="631"/>
<point x="922" y="681"/>
</points>
</Connector>
<Connector class="oracle.dbtools.crest.swingui.relational.TVFKRelation" oid="A90024AC-F20D-933B-61F0-C17E34703578" otype="FKIndexAssociation" vid_source="A82D33FC-F607-39DE-DBB4-CB75910CB06E" vid_target="B06CABE2-C25A-20F1-1C14-36CE0A3B6E2C">
<hideElementsInCurrentOnly>false</hideElementsInCurrentOnly>
<backgroundColor>-16777216</backgroundColor>
<lineWidth>1</lineWidth>
<points>
<point x="227" y="240"/>
<point x="331" y="240"/>
</points>
</Connector>
<Connector class="oracle.dbtools.crest.swingui.relational.TVFKRelation" oid="BA974808-56C8-96D1-DDD7-2A2C9CE49C6C" otype="FKIndexAssociation" vid_source="8C1A038D-1A9B-4C2A-E149-0682E6AA28D8" vid_target="2C55E59B-12C2-0F23-1873-3AC96F05C6BC">
<hideElementsInCurrentOnly>false</hideElementsInCurrentOnly>
<backgroundColor>-16777216</backgroundColor>
<lineWidth>1</lineWidth>
<points>
<point x="777" y="411"/>
<point x="668" y="411"/>
</points>
</Connector>
<Connector class="oracle.dbtools.crest.swingui.relational.TVFKRelation" oid="C6AFAF50-FAB0-E2FD-EFA8-6AFD19D73A47" otype="FKIndexAssociation" vid_source="D486886C-F997-0706-A698-8D3AA592E9C4" vid_target="8C1A038D-1A9B-4C2A-E149-0682E6AA28D8">
<hideElementsInCurrentOnly>false</hideElementsInCurrentOnly>
<backgroundColor>-16777216</backgroundColor>
<lineWidth>1</lineWidth>
<points>
<point x="1179" y="370"/>
<point x="1055" y="370"/>
</points>
</Connector>
</connectors>
</Diagram>