<?xml version = '1.0' encoding = 'UTF-8'?>
<Entity class="oracle.dbtools.crest.model.design.logical.Entity" directorySegmentName="seg_0" id="25FC76E3-4259-33C4-37EF-69C4AF0B8A4A" name="JEFE TURNO">
<createdBy>Charchilla</createdBy>
<createdTime>2025-10-11 16:09:29 UTC</createdTime>
<ownerDesignName>WORK-S9</ownerDesignName>
<engineerTo>
<item key="503E1AB4-5499-72FA-10D3-22D1D045D6EF" value="true"/>
</engineerTo>
<adequatelyNormalized>NO</adequatelyNormalized>
<expectedVolumes>0</expectedVolumes>
<fwdEngineeringStrategyName>Single Table</fwdEngineeringStrategyName>
<growthPercent>0</growthPercent>
<growthType>Year</growthType>
<hierarchicalParent>47811FA1-E382-8EA9-3EE7-C248DE56B23B</hierarchicalParent>
<maxVolumes>9999999</maxVolumes>
<minVolumes>0</minVolumes>
<normalForm>Third</normalForm>
<attributes itemClass="oracle.dbtools.crest.model.design.logical.Attribute">
<Attribute name="area_responsabilidad" id="1ADB1791-1A80-7AB0-35DB-D924ECFF352E">
<createdBy>Charchilla</createdBy>
<createdTime>2025-10-11 16:09:41 UTC</createdTime>
<ownerDesignName>WORK-S9</ownerDesignName>
<engineerTo>
<item key="503E1AB4-5499-72FA-10D3-22D1D045D6EF" value="true"/>
</engineerTo>
<nullsAllowed>true</nullsAllowed>
<useDomainConstraints>false</useDomainConstraints>
<use>1</use>
<logicalDatatype>LOGDT024</logicalDatatype>
<dataTypeSize>50</dataTypeSize>
<ownDataTypeParameters>50,,</ownDataTypeParameters>
</Attribute>
<Attribute name="max_operarios" id="6B1EB5C6-7DB0-D330-224A-98D0ADDE2444">
<createdBy>Charchilla</createdBy>
<createdTime>2025-10-11 16:10:08 UTC</createdTime>
<ownerDesignName>WORK-S9</ownerDesignName>
<engineerTo>
<item key="503E1AB4-5499-72FA-10D3-22D1D045D6EF" value="true"/>
</engineerTo>
<nullsAllowed>true</nullsAllowed>
<useDomainConstraints>false</useDomainConstraints>
<use>1</use>
<logicalDatatype>LOGDT024</logicalDatatype>
<dataTypeSize>4</dataTypeSize>
<ownDataTypeParameters>4,,</ownDataTypeParameters>
</Attribute>
<Attribute name="id_empleado" id="B9327AD8-5665-54E8-7B68-35990B395BEF">
<createdBy>Charchilla</createdBy>
<createdTime>2025-10-11 18:24:11 UTC</createdTime>
<generatorID>DFC439D2-D90F-A5F5-6780-15165BEACBB9</generatorID>
<ownerDesignName>WORK-S9</ownerDesignName>
<engineerTo>
<item key="503E1AB4-5499-72FA-10D3-22D1D045D6EF" value="true"/>
</engineerTo>
<referedAttribute>D1BE5B09-C5FE-E8A9-77DF-12F22887B8E6</referedAttribute>
<useDomainConstraints>false</useDomainConstraints>
<use>1</use>
<logicalDatatype>LOGDT024</logicalDatatype>
<dataTypeSize>15</dataTypeSize>
<ownDataTypeParameters>15,,</ownDataTypeParameters>
</Attribute>
</attributes>
</Entity>