<?xml version = '1.0' encoding = 'UTF-8'?>
<Entity class="oracle.dbtools.crest.model.design.logical.Entity" directorySegmentName="seg_0" id="47811FA1-E382-8EA9-3EE7-C248DE56B23B" name="EMPLEADO">
<createdBy>Charchilla</createdBy>
<createdTime>2025-10-11 16:06:18 UTC</createdTime>
<ownerDesignName>WORK-S9</ownerDesignName>
<engineerTo>
<item key="7DE37CB5-57AE-504E-B305-A2204C12A978" value="true"/>
</engineerTo>
<adequatelyNormalized>NO</adequatelyNormalized>
<expectedVolumes>0</expectedVolumes>
<fwdEngineeringStrategyName>Single Table</fwdEngineeringStrategyName>
<growthPercent>0</growthPercent>
<growthType>Year</growthType>
<maxVolumes>9999999</maxVolumes>
<minVolumes>0</minVolumes>
<normalForm>Third</normalForm>
<attributes itemClass="oracle.dbtools.crest.model.design.logical.Attribute">
<Attribute name="id_empleado" id="D1BE5B09-C5FE-E8A9-77DF-12F22887B8E6">
<createdBy>Charchilla</createdBy>
<createdTime>2025-10-11 16:06:26 UTC</createdTime>
<ownerDesignName>WORK-S9</ownerDesignName>
<engineerTo>
<item key="7DE37CB5-57AE-504E-B305-A2204C12A978" value="true"/>
</engineerTo>
<useDomainConstraints>false</useDomainConstraints>
<use>1</use>
<logicalDatatype>LOGDT024</logicalDatatype>
<dataTypeSize>15</dataTypeSize>
<ownDataTypeParameters>15,,</ownDataTypeParameters>
</Attribute>
<Attribute name="rut" id="DA98B0E4-662E-9966-C196-F3F10439D2BE">
<createdBy>Charchilla</createdBy>
<createdTime>2025-10-11 16:06:42 UTC</createdTime>
<ownerDesignName>WORK-S9</ownerDesignName>
<engineerTo>
<item key="7DE37CB5-57AE-504E-B305-A2204C12A978" value="true"/>
</engineerTo>
<useDomainConstraints>false</useDomainConstraints>
<use>1</use>
<logicalDatatype>LOGDT024</logicalDatatype>
<dataTypeSize>15</dataTypeSize>
<ownDataTypeParameters>15,,</ownDataTypeParameters>
</Attribute>
<Attribute name="nombres" id="D6BC2EBA-E90A-9877-A548-A8875C738A35">
<createdBy>Charchilla</createdBy>
<createdTime>2025-10-11 16:06:53 UTC</createdTime>
<ownerDesignName>WORK-S9</ownerDesignName>
<engineerTo>
<item key="7DE37CB5-57AE-504E-B305-A2204C12A978" value="true"/>
</engineerTo>
<useDomainConstraints>false</useDomainConstraints>
<use>1</use>
<logicalDatatype>LOGDT024</logicalDatatype>
<dataTypeSize>100</dataTypeSize>
<ownDataTypeParameters>100,,</ownDataTypeParameters>
</Attribute>
<Attribute name="Apellidos" id="3089457F-F14F-CCB5-2845-58B01D3E5189">
<createdBy>Charchilla</createdBy>
<createdTime>2025-10-11 16:07:07 UTC</createdTime>
<ownerDesignName>WORK-S9</ownerDesignName>
<engineerTo>
<item key="7DE37CB5-57AE-504E-B305-A2204C12A978" value="true"/>
</engineerTo>
<useDomainConstraints>false</useDomainConstraints>
<use>1</use>
<logicalDatatype>LOGDT024</logicalDatatype>
<dataTypeSize>100</dataTypeSize>
<ownDataTypeParameters>100,,</ownDataTypeParameters>
</Attribute>
<Attribute name="f_contratacion" id="D697028B-7C6E-6685-2588-53F74AF93E6A">
<createdBy>Charchilla</createdBy>
<createdTime>2025-10-11 16:07:29 UTC</createdTime>
<ownerDesignName>WORK-S9</ownerDesignName>
<engineerTo>
<item key="7DE37CB5-57AE-504E-B305-A2204C12A978" value="true"/>
</engineerTo>
<nullsAllowed>true</nullsAllowed>
<useDomainConstraints>false</useDomainConstraints>
<use>1</use>
<logicalDatatype>LOGDT007</logicalDatatype>
<ownDataTypeParameters>,,</ownDataTypeParameters>
</Attribute>
<Attribute name="sueldo" id="819FD7B9-D4BA-A25E-96C9-3FBA6EFD6D5C">
<createdBy>Charchilla</createdBy>
<createdTime>2025-10-11 16:08:07 UTC</createdTime>
<ownerDesignName>WORK-S9</ownerDesignName>
<engineerTo>
<item key="7DE37CB5-57AE-504E-B305-A2204C12A978" value="true"/>
</engineerTo>
<nullsAllowed>true</nullsAllowed>
<useDomainConstraints>false</useDomainConstraints>
<use>1</use>
<logicalDatatype>LOGDT024</logicalDatatype>
<dataTypeSize>12</dataTypeSize>
<ownDataTypeParameters>12,,</ownDataTypeParameters>
</Attribute>
<Attribute name="estado" id="E14F0243-3723-9547-F592-8A71A58956A9">
<createdBy>Charchilla</createdBy>
<createdTime>2025-10-11 16:08:30 UTC</createdTime>
<ownerDesignName>WORK-S9</ownerDesignName>
<engineerTo>
<item key="7DE37CB5-57AE-504E-B305-A2204C12A978" value="true"/>
</engineerTo>
<useDomainConstraints>false</useDomainConstraints>
<use>1</use>
<logicalDatatype>LOGDT025</logicalDatatype>
<dataTypeSize>1</dataTypeSize>
<defaultValue>s</defaultValue>
<ownDataTypeParameters>1,,</ownDataTypeParameters>
<listOfRanges>
<rangeDef class="oracle.dbtools.crest.model.design.constraint.AVT">
<beginValue>n</beginValue>
</rangeDef>
<rangeDef class="oracle.dbtools.crest.model.design.constraint.AVT">
<beginValue>s</beginValue>
</rangeDef>
</listOfRanges>
</Attribute>
<Attribute name="Id_JEFE2" id="3B0E60D1-D91A-7755-2241-308B137794A4">
<createdBy>Charchilla</createdBy>
<createdTime>2025-10-11 18:42:59 UTC</createdTime>
<generatorID>DFC439D2-D90F-A5F5-6780-15165BEACBB9</generatorID>
<ownerDesignName>WORK-S9</ownerDesignName>
<engineerTo>
<item key="7DE37CB5-57AE-504E-B305-A2204C12A978" value="true"/>
</engineerTo>
<referedAttribute>D1BE5B09-C5FE-E8A9-77DF-12F22887B8E6</referedAttribute>
<useDomainConstraints>false</useDomainConstraints>
<use>1</use>
<logicalDatatype>LOGDT024</logicalDatatype>
<dataTypeSize>15</dataTypeSize>
<ownDataTypeParameters>15,,</ownDataTypeParameters>
</Attribute>
<Attribute name="id_salud" id="21E1A497-3073-F64C-1118-5F3B2CA9554D">
<createdBy>Charchilla</createdBy>
<createdTime>2025-10-11 18:53:24 UTC</createdTime>
<generatorID>6D2E6012-DBE8-EAC9-407F-14FC4CDA25AE</generatorID>
<ownerDesignName>WORK-S9</ownerDesignName>
<engineerTo>
<item key="7DE37CB5-57AE-504E-B305-A2204C12A978" value="true"/>
</engineerTo>
<referedAttribute>78A63CA3-C514-008A-5876-3479B564AD3F</referedAttribute>
<useDomainConstraints>false</useDomainConstraints>
<use>1</use>
<logicalDatatype>LOGDT024</logicalDatatype>
<dataTypeSize>15</dataTypeSize>
<ownDataTypeParameters>15,,</ownDataTypeParameters>
</Attribute>
<Attribute name="id_afp" id="D0106885-52E1-F387-4BB8-B2A3060AA22A">
<createdBy>Charchilla</createdBy>
<createdTime>2025-10-11 18:53:29 UTC</createdTime>
<generatorID>94D9C04E-F601-C574-2A7C-C8BB9AB5E5E2</generatorID>
<ownerDesignName>WORK-S9</ownerDesignName>
<engineerTo>
<item key="7DE37CB5-57AE-504E-B305-A2204C12A978" value="true"/>
</engineerTo>
<referedAttribute>AFE45807-0C7E-F996-D2D0-F40D91C5D1E7</referedAttribute>
<useDomainConstraints>false</useDomainConstraints>
<use>1</use>
<logicalDatatype>LOGDT024</logicalDatatype>
<dataTypeSize>15</dataTypeSize>
<ownDataTypeParameters>15,,</ownDataTypeParameters>
</Attribute>
<Attribute name="id_planta" id="2D00593B-6F11-D912-D55F-F73C9EEFB134">
<createdBy>Charchilla</createdBy>
<createdTime>2025-10-11 20:19:28 UTC</createdTime>
<generatorID>F1C73B81-A8CD-FDA4-C664-AC287BD36193</generatorID>
<ownerDesignName>WORK-S9</ownerDesignName>
<engineerTo>
<item key="7DE37CB5-57AE-504E-B305-A2204C12A978" value="true"/>
</engineerTo>
<referedAttribute>10F9828C-5269-36D5-5E70-12C95E8C1061</referedAttribute>
<useDomainConstraints>false</useDomainConstraints>
<use>1</use>
<logicalDatatype>LOGDT024</logicalDatatype>
<dataTypeSize>15</dataTypeSize>
<ownDataTypeParameters>,,</ownDataTypeParameters>
</Attribute>
</attributes>
<identifiers itemClass="oracle.dbtools.crest.model.design.logical.CandidateKey">
<identifier id="DF444741-276C-ED72-F8F9-FA91062D8D89" name="EMPLEADO PK">
<createdBy>Charchilla</createdBy>
<createdTime>2025-10-11 18:24:09 UTC</createdTime>
<ownerDesignName>WORK-S9</ownerDesignName>
<engineerTo>
<item key="7DE37CB5-57AE-504E-B305-A2204C12A978" value="true"/>
</engineerTo>
<pk>true</pk>
<usedAttributes>
<attributeRef>D1BE5B09-C5FE-E8A9-77DF-12F22887B8E6</attributeRef>
</usedAttributes>
</identifier>
</identifiers>
</Entity>