<?xml version = '1.0' encoding = 'UTF-8'?>
<Entity class="oracle.dbtools.crest.model.design.logical.Entity" directorySegmentName="seg_0" id="52FF3088-D915-5461-452C-344C469E3887" name="MAQUINA">
<createdBy>Charchilla</createdBy>
<createdTime>2025-10-11 19:40:04 UTC</createdTime>
<ownerDesignName>WORK-S9</ownerDesignName>
<engineerTo>
<item key="7DE37CB5-57AE-504E-B305-A2204C12A978" value="true"/>
</engineerTo>
<adequatelyNormalized>NO</adequatelyNormalized>
<expectedVolumes>0</expectedVolumes>
<fwdEngineeringStrategyName>Single Table</fwdEngineeringStrategyName>
<growthPercent>0</growthPercent>
<growthType>Year</growthType>
<maxVolumes>9999999</maxVolumes>
<minVolumes>0</minVolumes>
<normalForm>Third</normalForm>
<attributes itemClass="oracle.dbtools.crest.model.design.logical.Attribute">
<Attribute name="numero" id="8B25F63E-D57B-932A-E7E4-6D8560E7FED3">
<createdBy>Charchilla</createdBy>
<createdTime>2025-10-11 19:40:22 UTC</createdTime>
<ownerDesignName>WORK-S9</ownerDesignName>
<engineerTo>
<item key="7DE37CB5-57AE-504E-B305-A2204C12A978" value="true"/>
</engineerTo>
<useDomainConstraints>false</useDomainConstraints>
<use>1</use>
<logicalDatatype>LOGDT024</logicalDatatype>
<dataTypeSize>15</dataTypeSize>
<ownDataTypeParameters>15,,</ownDataTypeParameters>
</Attribute>
<Attribute name="nombre" id="98F6D03E-908E-9ABA-0930-78C0F69FCF3E">
<createdBy>Charchilla</createdBy>
<createdTime>2025-10-11 19:40:27 UTC</createdTime>
<ownerDesignName>WORK-S9</ownerDesignName>
<engineerTo>
<item key="7DE37CB5-57AE-504E-B305-A2204C12A978" value="true"/>
</engineerTo>
<nullsAllowed>true</nullsAllowed>
<useDomainConstraints>false</useDomainConstraints>
<use>1</use>
<logicalDatatype>LOGDT024</logicalDatatype>
<dataTypeSize>50</dataTypeSize>
<ownDataTypeParameters>50,,</ownDataTypeParameters>
</Attribute>
<Attribute name="estado" id="53B6CD9F-DD5E-5EEC-98C8-9D7306E0085C">
<createdBy>Charchilla</createdBy>
<createdTime>2025-10-11 19:40:40 UTC</createdTime>
<ownerDesignName>WORK-S9</ownerDesignName>
<engineerTo>
<item key="7DE37CB5-57AE-504E-B305-A2204C12A978" value="true"/>
</engineerTo>
<nullsAllowed>true</nullsAllowed>
<useDomainConstraints>false</useDomainConstraints>
<use>1</use>
<logicalDatatype>LOGDT025</logicalDatatype>
<dataTypeSize>1</dataTypeSize>
<ownDataTypeParameters>1,,</ownDataTypeParameters>
</Attribute>
<Attribute name="id_tipo_maq" id="576003EF-0D94-3870-C813-4544AF3AC3B4">
<createdBy>Charchilla</createdBy>
<createdTime>2025-10-11 19:43:06 UTC</createdTime>
<generatorID>8140DC1C-EA08-2BEF-F3FA-E9BA89BA9349</generatorID>
<ownerDesignName>WORK-S9</ownerDesignName>
<engineerTo>
<item key="7DE37CB5-57AE-504E-B305-A2204C12A978" value="true"/>
</engineerTo>
<referedAttribute>AA81F5AD-3F30-0FE3-CDA1-F15C892E148D</referedAttribute>
<useDomainConstraints>false</useDomainConstraints>
<use>1</use>
<logicalDatatype>LOGDT024</logicalDatatype>
<dataTypeSize>15</dataTypeSize>
<ownDataTypeParameters>15,,</ownDataTypeParameters>
</Attribute>
<Attribute name="id_planta" id="4DAE870F-18BE-7821-7491-981DC5D25D2F">
<createdBy>Charchilla</createdBy>
<createdTime>2025-10-11 20:19:28 UTC</createdTime>
<generatorID>55F5D6A4-93E3-D3CA-857A-98C658F013C7</generatorID>
<ownerDesignName>WORK-S9</ownerDesignName>
<engineerTo>
<item key="7DE37CB5-57AE-504E-B305-A2204C12A978" value="true"/>
</engineerTo>
<referedAttribute>10F9828C-5269-36D5-5E70-12C95E8C1061</referedAttribute>
<useDomainConstraints>false</useDomainConstraints>
<use>1</use>
<logicalDatatype>LOGDT024</logicalDatatype>
<dataTypeSize>15</dataTypeSize>
<ownDataTypeParameters>,,</ownDataTypeParameters>
</Attribute>
</attributes>
<identifiers itemClass="oracle.dbtools.crest.model.design.logical.CandidateKey">
<identifier id="0FB425E1-07D1-465C-215E-0E39C4A8981E" name="uk_num_idplant">
<createdBy>Charchilla</createdBy>
<createdTime>2025-10-11 20:11:46 UTC</createdTime>
<ownerDesignName>WORK-S9</ownerDesignName>
<engineerTo>
<item key="7DE37CB5-57AE-504E-B305-A2204C12A978" value="true"/>
</engineerTo>
<pk>true</pk>
<newElementsIDs>8B25F63E-D57B-932A-E7E4-6D8560E7FED3,87E50E23-50D8-6BE3-5CED-F5C78AEF120D</newElementsIDs>
<usedAttributes>
<attributeRef>8B25F63E-D57B-932A-E7E4-6D8560E7FED3</attributeRef>
</usedAttributes>
</identifier>
</identifiers>
</Entity>