<?xml version = '1.0' encoding = 'UTF-8'?>
<Entity class="oracle.dbtools.crest.model.design.logical.Entity" directorySegmentName="seg_0" id="ADBFFA37-AD66-C71C-BEEB-98F71108933C" name="TIPO_MAQUINA">
<createdBy>Charchilla</createdBy>
<createdTime>2025-10-11 16:01:47 UTC</createdTime>
<ownerDesignName>WORK-S9</ownerDesignName>
<engineerTo>
<item key="7DE37CB5-57AE-504E-B305-A2204C12A978" value="true"/>
</engineerTo>
<adequatelyNormalized>NO</adequatelyNormalized>
<expectedVolumes>0</expectedVolumes>
<fwdEngineeringStrategyName>Single Table</fwdEngineeringStrategyName>
<growthPercent>0</growthPercent>
<growthType>Year</growthType>
<maxVolumes>9999999</maxVolumes>
<minVolumes>0</minVolumes>
<normalForm>Third</normalForm>
<attributes itemClass="oracle.dbtools.crest.model.design.logical.Attribute">
<Attribute name="id_tipo_maq" id="AA81F5AD-3F30-0FE3-CDA1-F15C892E148D">
<createdBy>Charchilla</createdBy>
<createdTime>2025-10-11 16:01:59 UTC</createdTime>
<ownerDesignName>WORK-S9</ownerDesignName>
<engineerTo>
<item key="7DE37CB5-57AE-504E-B305-A2204C12A978" value="true"/>
</engineerTo>
<useDomainConstraints>false</useDomainConstraints>
<use>1</use>
<logicalDatatype>LOGDT024</logicalDatatype>
<dataTypeSize>15</dataTypeSize>
<ownDataTypeParameters>15,,</ownDataTypeParameters>
</Attribute>
<Attribute name="nombre" id="44D0EA68-9810-0BF7-A38D-DA3A6329711D">
<createdBy>Charchilla</createdBy>
<createdTime>2025-10-11 16:02:18 UTC</createdTime>
<ownerDesignName>WORK-S9</ownerDesignName>
<engineerTo>
<item key="7DE37CB5-57AE-504E-B305-A2204C12A978" value="true"/>
</engineerTo>
<useDomainConstraints>false</useDomainConstraints>
<use>1</use>
<logicalDatatype>LOGDT024</logicalDatatype>
<dataTypeSize>50</dataTypeSize>
<ownDataTypeParameters>50,,</ownDataTypeParameters>
</Attribute>
</attributes>
<identifiers itemClass="oracle.dbtools.crest.model.design.logical.CandidateKey">
<identifier id="881470F2-2493-A142-4B13-3CB0E2E472BB" name="TIPO_MAQUINA PK">
<createdBy>Charchilla</createdBy>
<createdTime>2025-10-11 16:02:16 UTC</createdTime>
<ownerDesignName>WORK-S9</ownerDesignName>
<engineerTo>
<item key="7DE37CB5-57AE-504E-B305-A2204C12A978" value="true"/>
</engineerTo>
<pk>true</pk>
<usedAttributes>
<attributeRef>AA81F5AD-3F30-0FE3-CDA1-F15C892E148D</attributeRef>
</usedAttributes>
</identifier>
</identifiers>
</Entity>