<?xml version = '1.0' encoding = 'UTF-8'?>
<Entity class="oracle.dbtools.crest.model.design.logical.Entity" directorySegmentName="seg_0" id="B1757D73-DCBE-88A8-96B0-A4A1D4034E99" name="ASIG_TURNO">
<createdBy>Charchilla</createdBy>
<createdTime>2025-10-11 16:44:30 UTC</createdTime>
<ownerDesignName>WORK-S9</ownerDesignName>
<engineerTo>
<item key="7DE37CB5-57AE-504E-B305-A2204C12A978" value="true"/>
</engineerTo>
<adequatelyNormalized>NO</adequatelyNormalized>
<expectedVolumes>0</expectedVolumes>
<fwdEngineeringStrategyName>Single Table</fwdEngineeringStrategyName>
<growthPercent>0</growthPercent>
<growthType>Year</growthType>
<maxVolumes>9999999</maxVolumes>
<minVolumes>0</minVolumes>
<normalForm>Third</normalForm>
<attributes itemClass="oracle.dbtools.crest.model.design.logical.Attribute">
<Attribute name="id_asignacion" id="76D21EA0-092E-731F-4E0E-FEAFF3626D23">
<createdBy>Charchilla</createdBy>
<createdTime>2025-10-11 16:46:16 UTC</createdTime>
<ownerDesignName>WORK-S9</ownerDesignName>
<engineerTo>
<item key="7DE37CB5-57AE-504E-B305-A2204C12A978" value="true"/>
</engineerTo>
<useDomainConstraints>false</useDomainConstraints>
<use>1</use>
<logicalDatatype>LOGDT024</logicalDatatype>
<dataTypeSize>15</dataTypeSize>
<ownDataTypeParameters>15,,</ownDataTypeParameters>
</Attribute>
<Attribute name="fecha" id="073B8A28-A1D7-A245-ECE5-12442641D475">
<createdBy>Charchilla</createdBy>
<createdTime>2025-10-11 16:46:33 UTC</createdTime>
<ownerDesignName>WORK-S9</ownerDesignName>
<engineerTo>
<item key="7DE37CB5-57AE-504E-B305-A2204C12A978" value="true"/>
</engineerTo>
<useDomainConstraints>false</useDomainConstraints>
<use>1</use>
<logicalDatatype>LOGDT007</logicalDatatype>
<ownDataTypeParameters>,,</ownDataTypeParameters>
</Attribute>
<Attribute name="rol" id="926A4003-0ACE-E3C8-390B-909D8417170C">
<createdBy>Charchilla</createdBy>
<createdTime>2025-10-11 16:46:47 UTC</createdTime>
<ownerDesignName>WORK-S9</ownerDesignName>
<engineerTo>
<item key="7DE37CB5-57AE-504E-B305-A2204C12A978" value="true"/>
</engineerTo>
<useDomainConstraints>false</useDomainConstraints>
<use>1</use>
<logicalDatatype>LOGDT024</logicalDatatype>
<dataTypeSize>50</dataTypeSize>
<ownDataTypeParameters>50,,</ownDataTypeParameters>
</Attribute>
<Attribute name="id_turno" id="5A04AC99-3060-27A0-C430-1B935FCFC854">
<createdBy>Charchilla</createdBy>
<createdTime>2025-10-11 16:54:53 UTC</createdTime>
<generatorID>34CFBB8B-5A33-5968-4C1E-29F7B8B5E25A</generatorID>
<ownerDesignName>WORK-S9</ownerDesignName>
<engineerTo>
<item key="7DE37CB5-57AE-504E-B305-A2204C12A978" value="true"/>
</engineerTo>
<referedAttribute>91B5E3D7-D249-569E-8D26-42441C2E69D7</referedAttribute>
<useDomainConstraints>false</useDomainConstraints>
<use>1</use>
<logicalDatatype>LOGDT024</logicalDatatype>
<dataTypeSize>15</dataTypeSize>
<ownDataTypeParameters>15,,</ownDataTypeParameters>
</Attribute>
<Attribute name="id_empleado" id="3A0EB9C7-84DF-9F61-7D5B-023C371AE19A">
<createdBy>Charchilla</createdBy>
<createdTime>2025-10-11 18:24:11 UTC</createdTime>
<generatorID>2ADF5AFB-60A2-9A06-9784-E1DDF546383E</generatorID>
<ownerDesignName>WORK-S9</ownerDesignName>
<engineerTo>
<item key="7DE37CB5-57AE-504E-B305-A2204C12A978" value="true"/>
</engineerTo>
<referedAttribute>D1BE5B09-C5FE-E8A9-77DF-12F22887B8E6</referedAttribute>
<useDomainConstraints>false</useDomainConstraints>
<use>1</use>
<logicalDatatype>LOGDT024</logicalDatatype>
<dataTypeSize>15</dataTypeSize>
<ownDataTypeParameters>15,,</ownDataTypeParameters>
</Attribute>
</attributes>
<identifiers itemClass="oracle.dbtools.crest.model.design.logical.CandidateKey">
<identifier id="31DA78AE-F124-E06E-D750-E1DD84152118" name="ASIG_TURNO PK">
<createdBy>Charchilla</createdBy>
<createdTime>2025-10-11 16:46:32 UTC</createdTime>
<ownerDesignName>WORK-S9</ownerDesignName>
<engineerTo>
<item key="7DE37CB5-57AE-504E-B305-A2204C12A978" value="true"/>
</engineerTo>
<pk>true</pk>
<usedAttributes>
<attributeRef>76D21EA0-092E-731F-4E0E-FEAFF3626D23</attributeRef>
</usedAttributes>
</identifier>
</identifiers>
</Entity>