<?xml version = '1.0' encoding = 'UTF-8'?>
<Entity class="oracle.dbtools.crest.model.design.logical.Entity" directorySegmentName="seg_0" id="B34A59C8-641C-6019-6669-C50D32593361" name="COMUNA">
<createdBy>Charchilla</createdBy>
<createdTime>2025-10-11 15:59:06 UTC</createdTime>
<ownerDesignName>WORK-S9</ownerDesignName>
<engineerTo>
<item key="7DE37CB5-57AE-504E-B305-A2204C12A978" value="true"/>
</engineerTo>
<adequatelyNormalized>NO</adequatelyNormalized>
<expectedVolumes>0</expectedVolumes>
<fwdEngineeringStrategyName>Single Table</fwdEngineeringStrategyName>
<growthPercent>0</growthPercent>
<growthType>Year</growthType>
<maxVolumes>9999999</maxVolumes>
<minVolumes>0</minVolumes>
<normalForm>Third</normalForm>
<attributes itemClass="oracle.dbtools.crest.model.design.logical.Attribute">
<Attribute name="id_comuna" id="BA27433A-0232-66D1-B769-DE2A8918285A">
<createdBy>Charchilla</createdBy>
<createdTime>2025-10-11 15:59:28 UTC</createdTime>
<ownerDesignName>WORK-S9</ownerDesignName>
<engineerTo>
<item key="7DE37CB5-57AE-504E-B305-A2204C12A978" value="true"/>
</engineerTo>
<useDomainConstraints>false</useDomainConstraints>
<use>1</use>
<logicalDatatype>LOGDT024</logicalDatatype>
<dataTypeSize>15</dataTypeSize>
<ownDataTypeParameters>15,,</ownDataTypeParameters>
</Attribute>
<Attribute name="nombre" id="2F600EB2-6C37-307E-E002-CF499667D3B8">
<createdBy>Charchilla</createdBy>
<createdTime>2025-10-11 15:59:45 UTC</createdTime>
<ownerDesignName>WORK-S9</ownerDesignName>
<engineerTo>
<item key="7DE37CB5-57AE-504E-B305-A2204C12A978" value="true"/>
</engineerTo>
<useDomainConstraints>false</useDomainConstraints>
<use>1</use>
<logicalDatatype>LOGDT024</logicalDatatype>
<dataTypeSize>50</dataTypeSize>
<ownDataTypeParameters>50,,</ownDataTypeParameters>
</Attribute>
<Attribute name="id_region" id="A9D6C1A5-E716-A4CD-3E6D-A4574087E657">
<createdBy>Charchilla</createdBy>
<createdTime>2025-10-11 20:20:01 UTC</createdTime>
<generatorID>47697FF1-E5D2-79F1-1027-7D32CA9B75DD</generatorID>
<ownerDesignName>WORK-S9</ownerDesignName>
<engineerTo>
<item key="7DE37CB5-57AE-504E-B305-A2204C12A978" value="true"/>
</engineerTo>
<referedAttribute>4D629C34-F5C0-8F1C-15FC-28E50B031D6B</referedAttribute>
<useDomainConstraints>false</useDomainConstraints>
<use>1</use>
<logicalDatatype>LOGDT024</logicalDatatype>
<dataTypeSize>15</dataTypeSize>
<ownDataTypeParameters>,,</ownDataTypeParameters>
</Attribute>
</attributes>
<identifiers itemClass="oracle.dbtools.crest.model.design.logical.CandidateKey">
<identifier id="F6E6AA47-8F46-D160-2760-96773EF7C370" name="COMUNA PK">
<createdBy>Charchilla</createdBy>
<createdTime>2025-10-11 15:59:45 UTC</createdTime>
<ownerDesignName>WORK-S9</ownerDesignName>
<engineerTo>
<item key="7DE37CB5-57AE-504E-B305-A2204C12A978" value="true"/>
</engineerTo>
<pk>true</pk>
<usedAttributes>
<attributeRef>BA27433A-0232-66D1-B769-DE2A8918285A</attributeRef>
</usedAttributes>
</identifier>
</identifiers>
</Entity>