<?xml version = '1.0' encoding = 'UTF-8'?>
<Entity class="oracle.dbtools.crest.model.design.logical.Entity" directorySegmentName="seg_0" id="F12FCFC7-742B-8988-B83C-9A8F28CD2FE4" name="Planta">
<createdBy>Charchilla</createdBy>
<createdTime>2025-10-11 16:00:10 UTC</createdTime>
<ownerDesignName>WORK-S9</ownerDesignName>
<engineerTo>
<item key="7DE37CB5-57AE-504E-B305-A2204C12A978" value="true"/>
</engineerTo>
<adequatelyNormalized>NO</adequatelyNormalized>
<expectedVolumes>0</expectedVolumes>
<fwdEngineeringStrategyName>Single Table</fwdEngineeringStrategyName>
<growthPercent>0</growthPercent>
<growthType>Year</growthType>
<maxVolumes>9999999</maxVolumes>
<minVolumes>0</minVolumes>
<normalForm>Third</normalForm>
<attributes itemClass="oracle.dbtools.crest.model.design.logical.Attribute">
<Attribute name="id_planta" id="10F9828C-5269-36D5-5E70-12C95E8C1061">
<createdBy>Charchilla</createdBy>
<createdTime>2025-10-11 16:00:31 UTC</createdTime>
<ownerDesignName>WORK-S9</ownerDesignName>
<engineerTo>
<item key="7DE37CB5-57AE-504E-B305-A2204C12A978" value="true"/>
</engineerTo>
<useDomainConstraints>false</useDomainConstraints>
<use>1</use>
<logicalDatatype>LOGDT024</logicalDatatype>
<dataTypeSize>15</dataTypeSize>
<ownDataTypeParameters>15,,</ownDataTypeParameters>
</Attribute>
<Attribute name="nombre" id="2D0A649A-9783-D08D-E30B-6363FABB965C">
<createdBy>Charchilla</createdBy>
<createdTime>2025-10-11 16:00:47 UTC</createdTime>
<ownerDesignName>WORK-S9</ownerDesignName>
<engineerTo>
<item key="7DE37CB5-57AE-504E-B305-A2204C12A978" value="true"/>
</engineerTo>
<useDomainConstraints>false</useDomainConstraints>
<use>1</use>
<logicalDatatype>LOGDT024</logicalDatatype>
<dataTypeSize>100</dataTypeSize>
<ownDataTypeParameters>100,,</ownDataTypeParameters>
</Attribute>
<Attribute name="direccion" id="81BC81E4-7F1C-7B59-B787-5EFEA8401205">
<createdBy>Charchilla</createdBy>
<createdTime>2025-10-11 16:00:59 UTC</createdTime>
<ownerDesignName>WORK-S9</ownerDesignName>
<engineerTo>
<item key="7DE37CB5-57AE-504E-B305-A2204C12A978" value="true"/>
</engineerTo>
<useDomainConstraints>false</useDomainConstraints>
<use>1</use>
<logicalDatatype>LOGDT024</logicalDatatype>
<dataTypeSize>100</dataTypeSize>
<ownDataTypeParameters>100,,</ownDataTypeParameters>
</Attribute>
<Attribute name="id_comuna" id="C0765D91-E2F0-51E5-3859-503DB78A9811">
<createdBy>Charchilla</createdBy>
<createdTime>2025-10-11 20:19:42 UTC</createdTime>
<generatorID>256DE45E-0E18-307F-6382-A2833ABC2F2C</generatorID>
<ownerDesignName>WORK-S9</ownerDesignName>
<engineerTo>
<item key="7DE37CB5-57AE-504E-B305-A2204C12A978" value="true"/>
</engineerTo>
<referedAttribute>BA27433A-0232-66D1-B769-DE2A8918285A</referedAttribute>
<useDomainConstraints>false</useDomainConstraints>
<use>1</use>
<logicalDatatype>LOGDT024</logicalDatatype>
<dataTypeSize>15</dataTypeSize>
<ownDataTypeParameters>,,</ownDataTypeParameters>
</Attribute>
</attributes>
<identifiers itemClass="oracle.dbtools.crest.model.design.logical.CandidateKey">
<identifier id="C330B2F3-9E3E-E3F4-3C19-C34A874426FE" name="Planta PK">
<createdBy>Charchilla</createdBy>
<createdTime>2025-10-11 16:01:20 UTC</createdTime>
<ownerDesignName>WORK-S9</ownerDesignName>
<engineerTo>
<item key="7DE37CB5-57AE-504E-B305-A2204C12A978" value="true"/>
</engineerTo>
<pk>true</pk>
<usedAttributes>
<attributeRef>10F9828C-5269-36D5-5E70-12C95E8C1061</attributeRef>
</usedAttributes>
</identifier>
</identifiers>
</Entity>