<?xml version = '1.0' encoding = 'UTF-8'?>
<Entity class="oracle.dbtools.crest.model.design.logical.Entity" directorySegmentName="seg_0" id="F45EF1AF-41C2-E141-71E7-4650A20D0C4B" name="REGION">
<createdBy>Charchilla</createdBy>
<createdTime>2025-10-11 15:57:33 UTC</createdTime>
<ownerDesignName>WORK-S9</ownerDesignName>
<engineerTo>
<item key="7DE37CB5-57AE-504E-B305-A2204C12A978" value="true"/>
</engineerTo>
<adequatelyNormalized>NO</adequatelyNormalized>
<expectedVolumes>0</expectedVolumes>
<fwdEngineeringStrategyName>Single Table</fwdEngineeringStrategyName>
<growthPercent>0</growthPercent>
<growthType>Year</growthType>
<maxVolumes>9999999</maxVolumes>
<minVolumes>0</minVolumes>
<normalForm>Third</normalForm>
<attributes itemClass="oracle.dbtools.crest.model.design.logical.Attribute">
<Attribute name="id_region" id="4D629C34-F5C0-8F1C-15FC-28E50B031D6B">
<createdBy>Charchilla</createdBy>
<createdTime>2025-10-11 15:57:51 UTC</createdTime>
<ownerDesignName>WORK-S9</ownerDesignName>
<engineerTo>
<item key="7DE37CB5-57AE-504E-B305-A2204C12A978" value="true"/>
</engineerTo>
<useDomainConstraints>false</useDomainConstraints>
<use>1</use>
<logicalDatatype>LOGDT024</logicalDatatype>
<dataTypeSize>15</dataTypeSize>
<ownDataTypeParameters>15,,</ownDataTypeParameters>
</Attribute>
<Attribute name="nombre" id="13309CB4-03F9-1FE9-6E1F-8092387350E5">
<createdBy>Charchilla</createdBy>
<createdTime>2025-10-11 15:58:13 UTC</createdTime>
<ownerDesignName>WORK-S9</ownerDesignName>
<engineerTo>
<item key="7DE37CB5-57AE-504E-B305-A2204C12A978" value="true"/>
</engineerTo>
<useDomainConstraints>false</useDomainConstraints>
<use>1</use>
<logicalDatatype>LOGDT024</logicalDatatype>
<dataTypeSize>50</dataTypeSize>
<ownDataTypeParameters>50,,</ownDataTypeParameters>
</Attribute>
</attributes>
<identifiers itemClass="oracle.dbtools.crest.model.design.logical.CandidateKey">
<identifier id="FE6FF644-A60A-1765-580A-206252D1DE7D" name="REGION PK">
<createdBy>Charchilla</createdBy>
<createdTime>2025-10-11 15:57:59 UTC</createdTime>
<ownerDesignName>WORK-S9</ownerDesignName>
<engineerTo>
<item key="7DE37CB5-57AE-504E-B305-A2204C12A978" value="true"/>
</engineerTo>
<pk>true</pk>
<usedAttributes>
<attributeRef>4D629C34-F5C0-8F1C-15FC-28E50B031D6B</attributeRef>
</usedAttributes>
</identifier>
</identifiers>
</Entity>