<?xml version = '1.0' encoding = 'UTF-8'?>
<Relation class="oracle.dbtools.crest.model.design.logical.Relation" name="Relation_11" directorySegmentName="seg_0" id="21BB4117-0F03-248E-0380-54CF6353CA2D">
<createdBy>Charchilla</createdBy>
<createdTime>2025-09-13 21:41:05 UTC</createdTime>
<ownerDesignName>s5</ownerDesignName>
<engineerTo>
<item key="C262E638-699B-2499-AB36-5CDFF4D1E746" value="true"/>
</engineerTo>
<sourcePk>2339CFD3-96E3-E1EC-D2B9-796CCD6FDEF4</sourcePk>
<targetPk>537E54E4-8F71-2845-BD2E-FB1E08A9B8DC</targetPk>
<identifying>false</identifying>
<optionalSource>false</optionalSource>
<optionalTarget>false</optionalTarget>
<sourceCardinality>*</sourceCardinality>
<sourceEntity>89AD314F-B89B-766A-6397-EE2215BB0280</sourceEntity>
<targetCardinalityString>1</targetCardinalityString>
<targetEntity>18A7BB43-F64A-A219-1DFB-5DBA98BDD30C</targetEntity>
<transferable>true</transferable>
<deleteRule>NO ACTION</deleteRule>
</Relation>