<?xml version = '1.0' encoding = 'UTF-8'?>
<Relation class="oracle.dbtools.crest.model.design.logical.Relation" name="Relation_8" directorySegmentName="seg_0" id="512B7F3A-B3E6-C08F-5AC8-7D2E2475B2E1">
<createdBy>Charchilla</createdBy>
<createdTime>2025-09-13 21:36:01 UTC</createdTime>
<ownerDesignName>s5</ownerDesignName>
<engineerTo>
<item key="C262E638-699B-2499-AB36-5CDFF4D1E746" value="true"/>
</engineerTo>
<sourcePk>E01857E4-14B2-AB65-144D-FA226299889D</sourcePk>
<targetPk>91EFDE7D-B68D-3FDA-EE55-D3E383D8C784</targetPk>
<identifying>false</identifying>
<optionalSource>false</optionalSource>
<optionalTarget>false</optionalTarget>
<sourceCardinality>1</sourceCardinality>
<sourceEntity>187A08A7-7944-D6E8-1DEF-52F0BEE99E15</sourceEntity>
<targetCardinalityString>*</targetCardinalityString>
<targetEntity>425BB02B-BCB3-30A8-3A47-918930DE9116</targetEntity>
<transferable>true</transferable>
<deleteRule>NO ACTION</deleteRule>
</Relation>