<?xml version = '1.0' encoding = 'UTF-8'?>
<Relation class="oracle.dbtools.crest.model.design.logical.Relation" name="Relation_3" directorySegmentName="seg_0" id="5A365543-1329-3504-F54C-AF8079D947AF">
<createdBy>Charchilla</createdBy>
<createdTime>2025-09-13 21:30:25 UTC</createdTime>
<ownerDesignName>s5</ownerDesignName>
<engineerTo>
<item key="C262E638-699B-2499-AB36-5CDFF4D1E746" value="true"/>
</engineerTo>
<sourcePk>91EFDE7D-B68D-3FDA-EE55-D3E383D8C784</sourcePk>
<targetPk>25E664ED-1ECC-F3A4-2564-9B6B6E7259EC</targetPk>
<identifying>false</identifying>
<optionalSource>false</optionalSource>
<optionalTarget>false</optionalTarget>
<sourceCardinality>*</sourceCardinality>
<sourceEntity>425BB02B-BCB3-30A8-3A47-918930DE9116</sourceEntity>
<targetCardinalityString>1</targetCardinalityString>
<targetEntity>B2BABC6A-DC9D-F527-01DA-44D79167343B</targetEntity>
<transferable>true</transferable>
<deleteRule>NO ACTION</deleteRule>
</Relation>