<?xml version = '1.0' encoding = 'UTF-8'?>
<Relation class="oracle.dbtools.crest.model.design.logical.Relation" name="Relation_2" directorySegmentName="seg_0" id="693D0CF9-6C3D-57E2-F568-3EE47F233093">
<createdBy>Charchilla</createdBy>
<createdTime>2025-09-13 21:29:08 UTC</createdTime>
<ownerDesignName>s5</ownerDesignName>
<engineerTo>
<item key="C262E638-699B-2499-AB36-5CDFF4D1E746" value="true"/>
</engineerTo>
<targetPk>EF2CAA5F-160B-401E-8DA8-DBB9401C9535</targetPk>
<identifying>false</identifying>
<optionalSource>false</optionalSource>
<optionalTarget>false</optionalTarget>
<sourceCardinality>1</sourceCardinality>
<sourceEntity>4DF09F77-B258-FF6F-3089-AC0B8ED9C769</sourceEntity>
<targetCardinalityString>*</targetCardinalityString>
<targetEntity>60B04D7A-77B1-75F4-D3C8-B870E6C1A06C</targetEntity>
<transferable>true</transferable>
<deleteRule>NO ACTION</deleteRule>
</Relation>