<?xml version = '1.0' encoding = 'UTF-8'?>
<Relation class="oracle.dbtools.crest.model.design.logical.Relation" name="Relation_5" directorySegmentName="seg_0" id="72EADDAB-BDF0-D356-B20A-77018A79AF38">
<createdBy>Charchilla</createdBy>
<createdTime>2025-09-13 21:31:45 UTC</createdTime>
<ownerDesignName>s5</ownerDesignName>
<engineerTo>
<item key="C262E638-699B-2499-AB36-5CDFF4D1E746" value="true"/>
</engineerTo>
<targetPk>340F94BB-5362-E920-AF47-A857FCF6D050</targetPk>
<identifying>false</identifying>
<optionalSource>false</optionalSource>
<optionalTarget>false</optionalTarget>
<sourceCardinality>*</sourceCardinality>
<sourceEntity>2339E9CF-66A6-F03D-5D4C-E5C5B12479FD</sourceEntity>
<targetCardinalityString>1</targetCardinalityString>
<targetEntity>395DC5EB-7AA4-8C70-A12E-60CFD2208D6F</targetEntity>
<transferable>true</transferable>
<deleteRule>NO ACTION</deleteRule>
</Relation>