<?xml version = '1.0' encoding = 'UTF-8'?>
<Relation class="oracle.dbtools.crest.model.design.logical.Relation" name="Relation_9" directorySegmentName="seg_0" id="78AD474E-054F-F582-D286-409E6680C3D2">
<createdBy>Charchilla</createdBy>
<createdTime>2025-09-13 21:37:54 UTC</createdTime>
<ownerDesignName>s5</ownerDesignName>
<engineerTo>
<item key="C262E638-699B-2499-AB36-5CDFF4D1E746" value="true"/>
</engineerTo>
<sourcePk>91EFDE7D-B68D-3FDA-EE55-D3E383D8C784</sourcePk>
<targetPk>EF2CAA5F-160B-401E-8DA8-DBB9401C9535</targetPk>
<identifying>false</identifying>
<optionalSource>false</optionalSource>
<optionalTarget>true</optionalTarget>
<sourceCardinality>1</sourceCardinality>
<sourceEntity>425BB02B-BCB3-30A8-3A47-918930DE9116</sourceEntity>
<targetCardinalityString>*</targetCardinalityString>
<targetEntity>60B04D7A-77B1-75F4-D3C8-B870E6C1A06C</targetEntity>
<transferable>true</transferable>
<deleteRule>NO ACTION</deleteRule>
</Relation>