<?xml version = '1.0' encoding = 'UTF-8'?>
<Relation class="oracle.dbtools.crest.model.design.logical.Relation" name="Relation_4" directorySegmentName="seg_0" id="7B837A98-5DFB-88C6-33B7-1E9930793F06">
<createdBy>Charchilla</createdBy>
<createdTime>2025-09-13 21:31:16 UTC</createdTime>
<ownerDesignName>s5</ownerDesignName>
<engineerTo>
<item key="C262E638-699B-2499-AB36-5CDFF4D1E746" value="true"/>
</engineerTo>
<identifying>false</identifying>
<optionalSource>false</optionalSource>
<optionalTarget>false</optionalTarget>
<sourceCardinality>*</sourceCardinality>
<sourceEntity>4DF09F77-B258-FF6F-3089-AC0B8ED9C769</sourceEntity>
<targetCardinalityString>1</targetCardinalityString>
<targetEntity>2339E9CF-66A6-F03D-5D4C-E5C5B12479FD</targetEntity>
<transferable>true</transferable>
<deleteRule>NO ACTION</deleteRule>
</Relation>