<?xml version = '1.0' encoding = 'UTF-8'?>
<Relation class="oracle.dbtools.crest.model.design.logical.Relation" name="Relation_7" directorySegmentName="seg_0" id="7C9DBEEA-D5D3-677F-0B3C-D85A6BD74532">
<createdBy>Charchilla</createdBy>
<createdTime>2025-09-13 21:35:20 UTC</createdTime>
<ownerDesignName>s5</ownerDesignName>
<engineerTo>
<item key="C262E638-699B-2499-AB36-5CDFF4D1E746" value="true"/>
</engineerTo>
<sourcePk>91EFDE7D-B68D-3FDA-EE55-D3E383D8C784</sourcePk>
<targetPk>510A93EF-2185-96DB-0B73-9AEE1F1BE64C</targetPk>
<identifying>false</identifying>
<optionalSource>false</optionalSource>
<optionalTarget>false</optionalTarget>
<sourceCardinality>*</sourceCardinality>
<sourceEntity>425BB02B-BCB3-30A8-3A47-918930DE9116</sourceEntity>
<targetCardinalityString>1</targetCardinalityString>
<targetEntity>FF579F2E-5994-7408-299D-E12C2E59B066</targetEntity>
<transferable>true</transferable>
<deleteRule>NO ACTION</deleteRule>
</Relation>