<?xml version = '1.0' encoding = 'UTF-8'?>
<Relation class="oracle.dbtools.crest.model.design.logical.Relation" name="Relation_6" directorySegmentName="seg_0" id="8C97DAC0-693F-CC7B-0E53-786C0719184A">
<createdBy>Charchilla</createdBy>
<createdTime>2025-09-13 21:34:10 UTC</createdTime>
<ownerDesignName>s5</ownerDesignName>
<engineerTo>
<item key="C262E638-699B-2499-AB36-5CDFF4D1E746" value="true"/>
</engineerTo>
<sourcePk>EF2CAA5F-160B-401E-8DA8-DBB9401C9535</sourcePk>
<targetPk>D501697C-1534-1F81-47EF-37DB60F115A2</targetPk>
<identifying>false</identifying>
<optionalSource>false</optionalSource>
<optionalTarget>false</optionalTarget>
<sourceCardinality>1</sourceCardinality>
<sourceEntity>60B04D7A-77B1-75F4-D3C8-B870E6C1A06C</sourceEntity>
<targetCardinalityString>1</targetCardinalityString>
<targetEntity>27B7A110-DA7A-6178-CEE6-FE304944FDC8</targetEntity>
<transferable>true</transferable>
<deleteRule>NO ACTION</deleteRule>
</Relation>