<?xml version = '1.0' encoding = 'UTF-8'?>
<Relation class="oracle.dbtools.crest.model.design.logical.Relation" name="Relation_10" directorySegmentName="seg_0" id="91692195-3A88-2642-B5E1-6E4FC505F468">
<createdBy>Charchilla</createdBy>
<createdTime>2025-09-13 21:40:41 UTC</createdTime>
<ownerDesignName>s5</ownerDesignName>
<engineerTo>
<item key="C262E638-699B-2499-AB36-5CDFF4D1E746" value="true"/>
</engineerTo>
<sourcePk>EF2CAA5F-160B-401E-8DA8-DBB9401C9535</sourcePk>
<targetPk>2339CFD3-96E3-E1EC-D2B9-796CCD6FDEF4</targetPk>
<identifying>false</identifying>
<optionalSource>false</optionalSource>
<optionalTarget>true</optionalTarget>
<sourceCardinality>1</sourceCardinality>
<sourceEntity>60B04D7A-77B1-75F4-D3C8-B870E6C1A06C</sourceEntity>
<targetCardinalityString>*</targetCardinalityString>
<targetEntity>89AD314F-B89B-766A-6397-EE2215BB0280</targetEntity>
<transferable>true</transferable>
<deleteRule>NO ACTION</deleteRule>
</Relation>