<?xml version = '1.0' encoding = 'UTF-8'?>
<Relation class="oracle.dbtools.crest.model.design.logical.Relation" name="Relation_12" directorySegmentName="seg_0" id="94A2DC96-B322-1AF9-60B1-32A04D27B534">
<createdBy>Charchilla</createdBy>
<createdTime>2025-09-13 21:51:28 UTC</createdTime>
<ownerDesignName>s5</ownerDesignName>
<engineerTo>
<item key="C262E638-699B-2499-AB36-5CDFF4D1E746" value="true"/>
</engineerTo>
<targetPk>91EFDE7D-B68D-3FDA-EE55-D3E383D8C784</targetPk>
<identifying>false</identifying>
<optionalSource>true</optionalSource>
<optionalTarget>true</optionalTarget>
<sourceCardinality>*</sourceCardinality>
<sourceEntity>425BB02B-BCB3-30A8-3A47-918930DE9116</sourceEntity>
<targetCardinalityString>1</targetCardinalityString>
<targetEntity>425BB02B-BCB3-30A8-3A47-918930DE9116</targetEntity>
<transferable>true</transferable>
<deleteRule>NO ACTION</deleteRule>
</Relation>