<?xml version = '1.0' encoding = 'UTF-8'?>
<Relation class="oracle.dbtools.crest.model.design.logical.Relation" name="Relation_5" directorySegmentName="seg_0" id="548F49CA-ED86-290E-CFAC-8A4D28CFAAB1">
<createdBy>Charchilla</createdBy>
<createdTime>2025-08-31 03:10:31 UTC</createdTime>
<ownerDesignName>S3</ownerDesignName>
<engineerTo>
<item key="BA274835-72CF-FCB6-22AB-05F51D5E6EBB" value="true"/>
</engineerTo>
<sourcePk>0494FFB5-5353-6409-ABD8-01F1F2377E5A</sourcePk>
<targetPk>78C5DD6F-4E6E-F219-2C66-8F93683D43EA</targetPk>
<identifying>false</identifying>
<optionalSource>false</optionalSource>
<optionalTarget>false</optionalTarget>
<sourceCardinality>1</sourceCardinality>
<sourceEntity>D84A5643-E078-6A8C-6946-B896A59F5F94</sourceEntity>
<targetCardinalityString>*</targetCardinalityString>
<targetEntity>604D2B45-06B1-5722-2A50-0D7392458FC7</targetEntity>
<transferable>true</transferable>
<deleteRule>NO ACTION</deleteRule>
</Relation>