<?xml version = '1.0' encoding = 'UTF-8'?>
<Relation class="oracle.dbtools.crest.model.design.logical.Relation" name="Relation_2" directorySegmentName="seg_0" id="58618B13-404C-C4B7-5997-E81DF05DD4CC">
<createdBy>Charchilla</createdBy>
<createdTime>2025-08-31 03:05:19 UTC</createdTime>
<ownerDesignName>S3</ownerDesignName>
<engineerTo>
<item key="BA274835-72CF-FCB6-22AB-05F51D5E6EBB" value="true"/>
</engineerTo>
<sourcePk>FAE60B39-C539-1A57-D56B-6B294397BC7C</sourcePk>
<targetPk>F90661CD-D76A-B09D-9C26-65DA755F61B7</targetPk>
<identifying>false</identifying>
<nameOnSource>puede </nameOnSource>
<optionalSource>false</optionalSource>
<optionalTarget>false</optionalTarget>
<sourceCardinality>1</sourceCardinality>
<sourceEntity>8BFC0CD0-783E-EA74-1365-333D91C2866A</sourceEntity>
<targetCardinalityString>*</targetCardinalityString>
<targetEntity>DB5B8750-17E6-91B3-6D01-B699FE9B4A0C</targetEntity>
<transferable>true</transferable>
<deleteRule>NO ACTION</deleteRule>
</Relation>