<?xml version = '1.0' encoding = 'UTF-8'?>
<Relation class="oracle.dbtools.crest.model.design.logical.Relation" name="Relation_1" directorySegmentName="seg_0" id="66F70B3B-050D-CB51-B994-76F5DE2A9960">
<createdBy>Charchilla</createdBy>
<createdTime>2025-08-31 03:03:53 UTC</createdTime>
<ownerDesignName>S3</ownerDesignName>
<engineerTo>
<item key="BA274835-72CF-FCB6-22AB-05F51D5E6EBB" value="true"/>
</engineerTo>
<sourcePk>0357CEEB-E596-86A5-30A8-B2BB9E19EAE0</sourcePk>
<targetPk>FAE60B39-C539-1A57-D56B-6B294397BC7C</targetPk>
<identifying>false</identifying>
<optionalSource>false</optionalSource>
<optionalTarget>false</optionalTarget>
<sourceCardinality>1</sourceCardinality>
<sourceEntity>8846BAD0-F9A7-201B-6CAD-6CCF4D80F250</sourceEntity>
<targetCardinalityString>1</targetCardinalityString>
<targetEntity>8BFC0CD0-783E-EA74-1365-333D91C2866A</targetEntity>
<transferable>true</transferable>
<deleteRule>NO ACTION</deleteRule>
</Relation>