<?xml version = '1.0' encoding = 'UTF-8'?>
<Relation class="oracle.dbtools.crest.model.design.logical.Relation" name="Relation_7" directorySegmentName="seg_0" id="BA669539-28B5-B036-70F4-A552F2E7D471">
<createdBy>Charchilla</createdBy>
<createdTime>2025-08-31 03:15:12 UTC</createdTime>
<ownerDesignName>S3</ownerDesignName>
<engineerTo>
<item key="BA274835-72CF-FCB6-22AB-05F51D5E6EBB" value="true"/>
</engineerTo>
<targetPk>CC4974AC-47DD-5033-1FD0-B6693417A363</targetPk>
<identifying>false</identifying>
<optionalSource>true</optionalSource>
<optionalTarget>true</optionalTarget>
<sourceCardinality>1</sourceCardinality>
<sourceEntity>A1347E60-2FDD-E045-C1CC-A8D1D006B5E4</sourceEntity>
<targetCardinalityString>*</targetCardinalityString>
<targetEntity>A1347E60-2FDD-E045-C1CC-A8D1D006B5E4</targetEntity>
<transferable>true</transferable>
<deleteRule>NO ACTION</deleteRule>
</Relation>