<?xml version = '1.0' encoding = 'UTF-8'?>
<Relation class="oracle.dbtools.crest.model.design.logical.Relation" name="Relation_4" directorySegmentName="seg_0" id="BC1005E4-C084-C300-B086-4D88C932D075">
<createdBy>Charchilla</createdBy>
<createdTime>2025-08-31 03:09:40 UTC</createdTime>
<ownerDesignName>S3</ownerDesignName>
<engineerTo>
<item key="BA274835-72CF-FCB6-22AB-05F51D5E6EBB" value="true"/>
</engineerTo>
<sourcePk>0357CEEB-E596-86A5-30A8-B2BB9E19EAE0</sourcePk>
<targetPk>78C5DD6F-4E6E-F219-2C66-8F93683D43EA</targetPk>
<identifying>false</identifying>
<optionalSource>false</optionalSource>
<optionalTarget>false</optionalTarget>
<sourceCardinality>1</sourceCardinality>
<sourceEntity>B1208131-A9FF-2D8E-6A46-9C999BAA3CAA</sourceEntity>
<targetCardinalityString>1</targetCardinalityString>
<targetEntity>604D2B45-06B1-5722-2A50-0D7392458FC7</targetEntity>
<transferable>true</transferable>
<deleteRule>NO ACTION</deleteRule>
</Relation>