<?xml version = '1.0' encoding = 'UTF-8'?>
<Relation class="oracle.dbtools.crest.model.design.logical.Relation" name="Relation_6" directorySegmentName="seg_0" id="BD75091B-83F0-D2C7-7C9D-7B61DE24F03C">
<createdBy>Charchilla</createdBy>
<createdTime>2025-08-31 03:11:13 UTC</createdTime>
<ownerDesignName>S3</ownerDesignName>
<engineerTo>
<item key="BA274835-72CF-FCB6-22AB-05F51D5E6EBB" value="true"/>
</engineerTo>
<sourcePk>0494FFB5-5353-6409-ABD8-01F1F2377E5A</sourcePk>
<targetPk>CC4974AC-47DD-5033-1FD0-B6693417A363</targetPk>
<identifying>false</identifying>
<optionalSource>false</optionalSource>
<optionalTarget>false</optionalTarget>
<sourceCardinality>1</sourceCardinality>
<sourceEntity>D84A5643-E078-6A8C-6946-B896A59F5F94</sourceEntity>
<targetCardinalityString>*</targetCardinalityString>
<targetEntity>6936D05A-A9F3-8490-C684-C023D0E804B5</targetEntity>
<transferable>true</transferable>
<deleteRule>NO ACTION</deleteRule>
</Relation>