<?xml version = '1.0' encoding = 'UTF-8'?>
<Relation class="oracle.dbtools.crest.model.design.logical.Relation" name="Relation_3" directorySegmentName="seg_0" id="E2CC322F-3C74-0AF1-5DB8-A4356667DEA6">
<createdBy>Charchilla</createdBy>
<createdTime>2025-08-31 03:07:01 UTC</createdTime>
<ownerDesignName>S3</ownerDesignName>
<engineerTo>
<item key="BA274835-72CF-FCB6-22AB-05F51D5E6EBB" value="true"/>
</engineerTo>
<sourcePk>0357CEEB-E596-86A5-30A8-B2BB9E19EAE0</sourcePk>
<targetPk>F90661CD-D76A-B09D-9C26-65DA755F61B7</targetPk>
<identifying>false</identifying>
<optionalSource>false</optionalSource>
<optionalTarget>false</optionalTarget>
<sourceCardinality>1</sourceCardinality>
<sourceEntity>B1208131-A9FF-2D8E-6A46-9C999BAA3CAA</sourceEntity>
<targetCardinalityString>*</targetCardinalityString>
<targetEntity>DB5B8750-17E6-91B3-6D01-B699FE9B4A0C</targetEntity>
<transferable>true</transferable>
<deleteRule>NO ACTION</deleteRule>
</Relation>