<?xml version = '1.0' encoding = 'UTF-8'?>
<Entity class="oracle.dbtools.crest.model.design.logical.Entity" directorySegmentName="seg_0" id="3B0963B1-3F77-8EFE-7645-4C5AF96651C5" name="AVION">
<createdBy>Charchilla</createdBy>
<createdTime>2025-08-23 22:42:32 UTC</createdTime>
<ownerDesignName>s2</ownerDesignName>
<engineerTo>
<item key="2789203D-59AF-6989-C570-BEAF60C1CDCC" value="true"/>
</engineerTo>
<adequatelyNormalized>NO</adequatelyNormalized>
<expectedVolumes>0</expectedVolumes>
<fwdEngineeringStrategyName>Single Table</fwdEngineeringStrategyName>
<growthPercent>0</growthPercent>
<growthType>Year</growthType>
<maxVolumes>9999999</maxVolumes>
<minVolumes>0</minVolumes>
<normalForm>Third</normalForm>
<attributes itemClass="oracle.dbtools.crest.model.design.logical.Attribute">
<Attribute name="n_matricula" id="0C5714D8-9BD3-BE89-69E9-F42ADFBE39D4">
<createdBy>Charchilla</createdBy>
<createdTime>2025-08-23 22:42:40 UTC</createdTime>
<ownerDesignName>s2</ownerDesignName>
<engineerTo>
<item key="2789203D-59AF-6989-C570-BEAF60C1CDCC" value="true"/>
</engineerTo>
<useDomainConstraints>false</useDomainConstraints>
<use>1</use>
<logicalDatatype>LOGDT024</logicalDatatype>
<ownDataTypeParameters>,,</ownDataTypeParameters>
</Attribute>
<Attribute name="marca" id="B45097A9-6DD5-3716-B71D-32F7B35170FA">
<createdBy>Charchilla</createdBy>
<createdTime>2025-08-23 22:43:01 UTC</createdTime>
<ownerDesignName>s2</ownerDesignName>
<engineerTo>
<item key="2789203D-59AF-6989-C570-BEAF60C1CDCC" value="true"/>
</engineerTo>
<useDomainConstraints>false</useDomainConstraints>
<use>1</use>
<logicalDatatype>LOGDT024</logicalDatatype>
<ownDataTypeParameters>,,</ownDataTypeParameters>
</Attribute>
<Attribute name="modelo" id="58D15CBB-264F-28BA-B568-B89DF900BC96">
<createdBy>Charchilla</createdBy>
<createdTime>2025-08-23 22:43:26 UTC</createdTime>
<ownerDesignName>s2</ownerDesignName>
<engineerTo>
<item key="2789203D-59AF-6989-C570-BEAF60C1CDCC" value="true"/>
</engineerTo>
<useDomainConstraints>false</useDomainConstraints>
<use>1</use>
<logicalDatatype>LOGDT024</logicalDatatype>
<ownDataTypeParameters>,,</ownDataTypeParameters>
</Attribute>
<Attribute name="capacidad" id="FEF34DCD-7C27-65D4-0DE2-9C793ACA41DE">
<createdBy>Charchilla</createdBy>
<createdTime>2025-08-23 22:43:50 UTC</createdTime>
<ownerDesignName>s2</ownerDesignName>
<engineerTo>
<item key="2789203D-59AF-6989-C570-BEAF60C1CDCC" value="true"/>
</engineerTo>
<useDomainConstraints>false</useDomainConstraints>
<use>1</use>
<logicalDatatype>LOGDT024</logicalDatatype>
<ownDataTypeParameters>,,</ownDataTypeParameters>
</Attribute>
</attributes>
<identifiers itemClass="oracle.dbtools.crest.model.design.logical.CandidateKey">
<identifier id="5984649D-0688-CDD2-1A05-B75C7A2CC4E3" name="AVION PK">
<createdBy>Charchilla</createdBy>
<createdTime>2025-08-23 22:42:59 UTC</createdTime>
<ownerDesignName>s2</ownerDesignName>
<shouldEngineer>false</shouldEngineer>
<engineerTo>
<item key="2789203D-59AF-6989-C570-BEAF60C1CDCC" value="false"/>
</engineerTo>
<pk>true</pk>
<usedAttributes>
<attributeRef>0C5714D8-9BD3-BE89-69E9-F42ADFBE39D4</attributeRef>
</usedAttributes>
</identifier>
</identifiers>
</Entity>