<?xml version = '1.0' encoding = 'UTF-8'?>
<Entity class="oracle.dbtools.crest.model.design.logical.Entity" directorySegmentName="seg_0" id="4B4E9E97-9896-66C3-A2E1-277B7AD6D71C" name="EQUIPAJE">
<createdBy>Charchilla</createdBy>
<createdTime>2025-08-23 22:46:25 UTC</createdTime>
<ownerDesignName>s2</ownerDesignName>
<engineerTo>
<item key="2789203D-59AF-6989-C570-BEAF60C1CDCC" value="true"/>
</engineerTo>
<adequatelyNormalized>NO</adequatelyNormalized>
<expectedVolumes>0</expectedVolumes>
<fwdEngineeringStrategyName>Single Table</fwdEngineeringStrategyName>
<growthPercent>0</growthPercent>
<growthType>Year</growthType>
<maxVolumes>9999999</maxVolumes>
<minVolumes>0</minVolumes>
<normalForm>Third</normalForm>
<attributes itemClass="oracle.dbtools.crest.model.design.logical.Attribute">
<Attribute name="id_codigo" id="19AD8175-5A1B-7CD5-99C7-BCE13BCB9DDB">
<createdBy>Charchilla</createdBy>
<createdTime>2025-08-23 22:46:39 UTC</createdTime>
<ownerDesignName>s2</ownerDesignName>
<engineerTo>
<item key="2789203D-59AF-6989-C570-BEAF60C1CDCC" value="true"/>
</engineerTo>
<useDomainConstraints>false</useDomainConstraints>
<use>1</use>
<logicalDatatype>LOGDT024</logicalDatatype>
<ownDataTypeParameters>,,</ownDataTypeParameters>
</Attribute>
<Attribute name="color" id="A3FA9B36-1C9F-6995-F284-7B2228418FF1">
<createdBy>Charchilla</createdBy>
<createdTime>2025-08-23 22:46:51 UTC</createdTime>
<ownerDesignName>s2</ownerDesignName>
<engineerTo>
<item key="2789203D-59AF-6989-C570-BEAF60C1CDCC" value="true"/>
</engineerTo>
<useDomainConstraints>false</useDomainConstraints>
<use>1</use>
<logicalDatatype>LOGDT024</logicalDatatype>
<ownDataTypeParameters>,,</ownDataTypeParameters>
</Attribute>
<Attribute name="peso" id="9B081AF0-76E0-167A-04DD-94CF1087A1FB">
<createdBy>Charchilla</createdBy>
<createdTime>2025-08-23 22:47:27 UTC</createdTime>
<ownerDesignName>s2</ownerDesignName>
<engineerTo>
<item key="2789203D-59AF-6989-C570-BEAF60C1CDCC" value="true"/>
</engineerTo>
<useDomainConstraints>false</useDomainConstraints>
<use>1</use>
<logicalDatatype>LOGDT024</logicalDatatype>
<ownDataTypeParameters>,,</ownDataTypeParameters>
</Attribute>
<Attribute name="descripcion" id="BE2441A3-F9ED-93EB-9B76-701FF6DF1459">
<createdBy>Charchilla</createdBy>
<createdTime>2025-08-23 22:47:43 UTC</createdTime>
<ownerDesignName>s2</ownerDesignName>
<engineerTo>
<item key="2789203D-59AF-6989-C570-BEAF60C1CDCC" value="true"/>
</engineerTo>
<nullsAllowed>true</nullsAllowed>
<useDomainConstraints>false</useDomainConstraints>
<use>1</use>
<logicalDatatype>LOGDT024</logicalDatatype>
<ownDataTypeParameters>,,</ownDataTypeParameters>
</Attribute>
<Attribute name="id_codigo1" id="DD805B1F-A660-1E03-F1AA-9A4BC35DB705">
<createdBy>Charchilla</createdBy>
<createdTime>2025-08-23 23:22:55 UTC</createdTime>
<generatorID>3419A275-28CF-0077-CC11-680E655A94D9</generatorID>
<ownerDesignName>s2</ownerDesignName>
<engineerTo>
<item key="2789203D-59AF-6989-C570-BEAF60C1CDCC" value="true"/>
</engineerTo>
<referedAttribute>19AD8175-5A1B-7CD5-99C7-BCE13BCB9DDB</referedAttribute>
<useDomainConstraints>false</useDomainConstraints>
<use>1</use>
<logicalDatatype>LOGDT024</logicalDatatype>
<ownDataTypeParameters>,,</ownDataTypeParameters>
</Attribute>
</attributes>
<identifiers itemClass="oracle.dbtools.crest.model.design.logical.CandidateKey">
<identifier id="677F1EAE-765C-D65A-2FC3-5F486EC44561" name="EQUIPAJE PK">
<createdBy>Charchilla</createdBy>
<createdTime>2025-08-23 22:47:02 UTC</createdTime>
<ownerDesignName>s2</ownerDesignName>
<shouldEngineer>false</shouldEngineer>
<engineerTo>
<item key="2789203D-59AF-6989-C570-BEAF60C1CDCC" value="false"/>
</engineerTo>
<pk>true</pk>
<usedAttributes>
<attributeRef>19AD8175-5A1B-7CD5-99C7-BCE13BCB9DDB</attributeRef>
</usedAttributes>
</identifier>
</identifiers>
</Entity>