<?xml version = '1.0' encoding = 'UTF-8'?>
<Entity class="oracle.dbtools.crest.model.design.logical.Entity" directorySegmentName="seg_0" id="824DF0EF-F53B-D8EF-D85A-D01CE1710294" name="VUELO">
<createdBy>Charchilla</createdBy>
<createdTime>2025-08-23 22:32:44 UTC</createdTime>
<ownerDesignName>s2</ownerDesignName>
<engineerTo>
<item key="2789203D-59AF-6989-C570-BEAF60C1CDCC" value="true"/>
</engineerTo>
<adequatelyNormalized>NO</adequatelyNormalized>
<expectedVolumes>0</expectedVolumes>
<fwdEngineeringStrategyName>Single Table</fwdEngineeringStrategyName>
<growthPercent>0</growthPercent>
<growthType>Year</growthType>
<maxVolumes>9999999</maxVolumes>
<minVolumes>0</minVolumes>
<normalForm>Third</normalForm>
<attributes itemClass="oracle.dbtools.crest.model.design.logical.Attribute">
<Attribute name="n_vuelo" id="F3BBFD3F-8ACE-397D-2998-11E416CF9E40">
<createdBy>Charchilla</createdBy>
<createdTime>2025-08-23 22:32:53 UTC</createdTime>
<ownerDesignName>s2</ownerDesignName>
<engineerTo>
<item key="2789203D-59AF-6989-C570-BEAF60C1CDCC" value="true"/>
</engineerTo>
<useDomainConstraints>false</useDomainConstraints>
<use>1</use>
<logicalDatatype>LOGDT024</logicalDatatype>
<ownDataTypeParameters>,,</ownDataTypeParameters>
</Attribute>
<Attribute name="origen" id="6A858968-AA21-1174-EB06-663C8224A1DC">
<createdBy>Charchilla</createdBy>
<createdTime>2025-08-23 22:36:21 UTC</createdTime>
<ownerDesignName>s2</ownerDesignName>
<engineerTo>
<item key="2789203D-59AF-6989-C570-BEAF60C1CDCC" value="true"/>
</engineerTo>
<useDomainConstraints>false</useDomainConstraints>
<use>1</use>
<logicalDatatype>LOGDT024</logicalDatatype>
<ownDataTypeParameters>,,</ownDataTypeParameters>
</Attribute>
<Attribute name="destino" id="32DD7AF7-5D10-471C-36E9-2E8A920FB5C9">
<createdBy>Charchilla</createdBy>
<createdTime>2025-08-23 22:36:36 UTC</createdTime>
<ownerDesignName>s2</ownerDesignName>
<engineerTo>
<item key="2789203D-59AF-6989-C570-BEAF60C1CDCC" value="true"/>
</engineerTo>
<useDomainConstraints>false</useDomainConstraints>
<use>1</use>
<logicalDatatype>LOGDT024</logicalDatatype>
<ownDataTypeParameters>,,</ownDataTypeParameters>
</Attribute>
<Attribute name="asiento" id="98F2C4F9-DE16-3365-3DEA-EE8B4B3EC548">
<createdBy>Charchilla</createdBy>
<createdTime>2025-08-23 22:37:01 UTC</createdTime>
<ownerDesignName>s2</ownerDesignName>
<engineerTo>
<item key="2789203D-59AF-6989-C570-BEAF60C1CDCC" value="true"/>
</engineerTo>
<use>0</use>
<ownDataTypeParameters>,,</ownDataTypeParameters>
</Attribute>
<Attribute name="f_despegue" id="461CF9BD-944E-EA16-0A4E-A923AF9725D2">
<createdBy>Charchilla</createdBy>
<createdTime>2025-08-23 22:37:19 UTC</createdTime>
<ownerDesignName>s2</ownerDesignName>
<engineerTo>
<item key="2789203D-59AF-6989-C570-BEAF60C1CDCC" value="true"/>
</engineerTo>
<useDomainConstraints>false</useDomainConstraints>
<use>1</use>
<logicalDatatype>LOGDT007</logicalDatatype>
<ownDataTypeParameters>,,</ownDataTypeParameters>
</Attribute>
<Attribute name="h_despegue" id="09EE4E77-3D33-7D87-48D8-9BC1A9500791">
<createdBy>Charchilla</createdBy>
<createdTime>2025-08-23 22:37:37 UTC</createdTime>
<ownerDesignName>s2</ownerDesignName>
<engineerTo>
<item key="2789203D-59AF-6989-C570-BEAF60C1CDCC" value="true"/>
</engineerTo>
<useDomainConstraints>false</useDomainConstraints>
<use>1</use>
<logicalDatatype>LOGDT007</logicalDatatype>
<ownDataTypeParameters>,,</ownDataTypeParameters>
</Attribute>
<Attribute name="f_llegada" id="8DB6E17C-55C8-7B6E-2032-01B1C3B699C5">
<createdBy>Charchilla</createdBy>
<createdTime>2025-08-23 22:37:50 UTC</createdTime>
<ownerDesignName>s2</ownerDesignName>
<engineerTo>
<item key="2789203D-59AF-6989-C570-BEAF60C1CDCC" value="true"/>
</engineerTo>
<useDomainConstraints>false</useDomainConstraints>
<use>1</use>
<logicalDatatype>LOGDT007</logicalDatatype>
<ownDataTypeParameters>,,</ownDataTypeParameters>
</Attribute>
<Attribute name="h_llegda" id="DC731842-6CC1-2AAE-4DA3-F53998F03869">
<createdBy>Charchilla</createdBy>
<createdTime>2025-08-23 22:41:47 UTC</createdTime>
<ownerDesignName>s2</ownerDesignName>
<engineerTo>
<item key="2789203D-59AF-6989-C570-BEAF60C1CDCC" value="true"/>
</engineerTo>
<useDomainConstraints>false</useDomainConstraints>
<use>1</use>
<logicalDatatype>LOGDT007</logicalDatatype>
<ownDataTypeParameters>,,</ownDataTypeParameters>
</Attribute>
<Attribute name="id_rut" id="C90644FE-023F-4A0C-1DCA-6D819AE34415">
<createdBy>Charchilla</createdBy>
<createdTime>2025-08-23 23:44:07 UTC</createdTime>
<generatorID>AF410CB6-AF41-711C-3ECA-B633BA8478B3</generatorID>
<ownerDesignName>s2</ownerDesignName>
<engineerTo>
<item key="2789203D-59AF-6989-C570-BEAF60C1CDCC" value="true"/>
</engineerTo>
<referedAttribute>3DACAD23-758A-8475-348E-490CF765CF6D</referedAttribute>
<useDomainConstraints>false</useDomainConstraints>
<use>1</use>
<logicalDatatype>LOGDT024</logicalDatatype>
<ownDataTypeParameters>,,</ownDataTypeParameters>
</Attribute>
<Attribute name="n_matricula" id="68A0971B-C47C-8D2B-0DA3-CDCC0D4BA9DA">
<createdBy>Charchilla</createdBy>
<createdTime>2025-08-23 23:45:26 UTC</createdTime>
<generatorID>32D995E1-FB69-76ED-106F-EE5FA8680920</generatorID>
<ownerDesignName>s2</ownerDesignName>
<engineerTo>
<item key="2789203D-59AF-6989-C570-BEAF60C1CDCC" value="true"/>
</engineerTo>
<referedAttribute>0C5714D8-9BD3-BE89-69E9-F42ADFBE39D4</referedAttribute>
<useDomainConstraints>false</useDomainConstraints>
<use>1</use>
<logicalDatatype>LOGDT024</logicalDatatype>
<ownDataTypeParameters>,,</ownDataTypeParameters>
</Attribute>
</attributes>
<identifiers itemClass="oracle.dbtools.crest.model.design.logical.CandidateKey">
<identifier id="299FB223-750A-3B36-E936-8AC100ECD723" name="Vuelo PK">
<createdBy>Charchilla</createdBy>
<createdTime>2025-08-23 22:33:06 UTC</createdTime>
<ownerDesignName>s2</ownerDesignName>
<shouldEngineer>false</shouldEngineer>
<engineerTo>
<item key="2789203D-59AF-6989-C570-BEAF60C1CDCC" value="false"/>
</engineerTo>
<pk>true</pk>
<usedAttributes>
<attributeRef>F3BBFD3F-8ACE-397D-2998-11E416CF9E40</attributeRef>
</usedAttributes>
</identifier>
</identifiers>
</Entity>