<?xml version = '1.0' encoding = 'UTF-8'?>
<Entity class="oracle.dbtools.crest.model.design.logical.Entity" directorySegmentName="seg_0" id="877F59DC-9A24-F7F2-B0B9-7B7E0DB6E201" name="EMPLEADO">
<createdBy>Charchilla</createdBy>
<createdTime>2025-08-23 22:48:34 UTC</createdTime>
<ownerDesignName>s2</ownerDesignName>
<engineerTo>
<item key="2789203D-59AF-6989-C570-BEAF60C1CDCC" value="true"/>
</engineerTo>
<adequatelyNormalized>NO</adequatelyNormalized>
<expectedVolumes>0</expectedVolumes>
<fwdEngineeringStrategyName>Single Table</fwdEngineeringStrategyName>
<growthPercent>0</growthPercent>
<growthType>Year</growthType>
<maxVolumes>9999999</maxVolumes>
<minVolumes>0</minVolumes>
<normalForm>Third</normalForm>
<attributes itemClass="oracle.dbtools.crest.model.design.logical.Attribute">
<Attribute name="id_rut" id="3DACAD23-758A-8475-348E-490CF765CF6D">
<createdBy>Charchilla</createdBy>
<createdTime>2025-08-23 22:48:42 UTC</createdTime>
<ownerDesignName>s2</ownerDesignName>
<engineerTo>
<item key="2789203D-59AF-6989-C570-BEAF60C1CDCC" value="true"/>
</engineerTo>
<useDomainConstraints>false</useDomainConstraints>
<use>1</use>
<logicalDatatype>LOGDT024</logicalDatatype>
<ownDataTypeParameters>,,</ownDataTypeParameters>
</Attribute>
<Attribute name="nombre" id="DB16B056-65EF-0CF2-AB17-C11582225A58">
<createdBy>Charchilla</createdBy>
<createdTime>2025-08-23 22:49:06 UTC</createdTime>
<ownerDesignName>s2</ownerDesignName>
<engineerTo>
<item key="2789203D-59AF-6989-C570-BEAF60C1CDCC" value="true"/>
</engineerTo>
<useDomainConstraints>false</useDomainConstraints>
<use>1</use>
<logicalDatatype>LOGDT024</logicalDatatype>
<ownDataTypeParameters>,,</ownDataTypeParameters>
</Attribute>
<Attribute name="direccion" id="4AB8C75D-3FDA-04C8-F9B4-6F1FDA46739C">
<createdBy>Charchilla</createdBy>
<createdTime>2025-08-23 22:49:20 UTC</createdTime>
<ownerDesignName>s2</ownerDesignName>
<engineerTo>
<item key="2789203D-59AF-6989-C570-BEAF60C1CDCC" value="true"/>
</engineerTo>
<useDomainConstraints>false</useDomainConstraints>
<use>1</use>
<logicalDatatype>LOGDT024</logicalDatatype>
<ownDataTypeParameters>,,</ownDataTypeParameters>
</Attribute>
<Attribute name="sueldo" id="382D8A4C-8E67-8AC4-A378-0DC00D964431">
<createdBy>Charchilla</createdBy>
<createdTime>2025-08-23 22:49:36 UTC</createdTime>
<ownerDesignName>s2</ownerDesignName>
<engineerTo>
<item key="2789203D-59AF-6989-C570-BEAF60C1CDCC" value="true"/>
</engineerTo>
<useDomainConstraints>false</useDomainConstraints>
<use>1</use>
<logicalDatatype>LOGDT024</logicalDatatype>
<ownDataTypeParameters>,,</ownDataTypeParameters>
</Attribute>
<Attribute name="f_ingreso" id="8D69722B-5720-6B4A-78BF-F0522E76B760">
<createdBy>Charchilla</createdBy>
<createdTime>2025-08-23 22:49:59 UTC</createdTime>
<ownerDesignName>s2</ownerDesignName>
<engineerTo>
<item key="2789203D-59AF-6989-C570-BEAF60C1CDCC" value="true"/>
</engineerTo>
<useDomainConstraints>false</useDomainConstraints>
<use>1</use>
<logicalDatatype>LOGDT007</logicalDatatype>
<ownDataTypeParameters>,,</ownDataTypeParameters>
</Attribute>
<Attribute name="genero" id="86A54426-E870-F3AF-2041-8E2C61FB16F0">
<createdBy>Charchilla</createdBy>
<createdTime>2025-08-23 22:50:19 UTC</createdTime>
<ownerDesignName>s2</ownerDesignName>
<engineerTo>
<item key="2789203D-59AF-6989-C570-BEAF60C1CDCC" value="true"/>
</engineerTo>
<useDomainConstraints>false</useDomainConstraints>
<use>1</use>
<logicalDatatype>LOGDT024</logicalDatatype>
<ownDataTypeParameters>,,</ownDataTypeParameters>
</Attribute>
<Attribute name="tel_personal" id="F1D426E3-3E1F-64D2-8F0D-129916DA3EDE">
<createdBy>Charchilla</createdBy>
<createdTime>2025-08-23 22:50:54 UTC</createdTime>
<ownerDesignName>s2</ownerDesignName>
<engineerTo>
<item key="2789203D-59AF-6989-C570-BEAF60C1CDCC" value="true"/>
</engineerTo>
<useDomainConstraints>false</useDomainConstraints>
<use>1</use>
<logicalDatatype>LOGDT024</logicalDatatype>
<ownDataTypeParameters>,,</ownDataTypeParameters>
</Attribute>
<Attribute name="tel_contacto" id="8262244F-1893-C997-7666-9AA0CBA2D2B4">
<createdBy>Charchilla</createdBy>
<createdTime>2025-08-23 22:51:07 UTC</createdTime>
<ownerDesignName>s2</ownerDesignName>
<engineerTo>
<item key="2789203D-59AF-6989-C570-BEAF60C1CDCC" value="true"/>
</engineerTo>
<nullsAllowed>true</nullsAllowed>
<useDomainConstraints>false</useDomainConstraints>
<use>1</use>
<logicalDatatype>LOGDT024</logicalDatatype>
<ownDataTypeParameters>,,</ownDataTypeParameters>
</Attribute>
<Attribute name="afp" id="39B0A0F7-A77A-AC72-29DF-0D6F7A7D8839">
<createdBy>Charchilla</createdBy>
<createdTime>2025-08-23 23:26:28 UTC</createdTime>
<ownerDesignName>s2</ownerDesignName>
<engineerTo>
<item key="2789203D-59AF-6989-C570-BEAF60C1CDCC" value="true"/>
</engineerTo>
<useDomainConstraints>false</useDomainConstraints>
<use>1</use>
<logicalDatatype>LOGDT024</logicalDatatype>
<ownDataTypeParameters>,,</ownDataTypeParameters>
</Attribute>
</attributes>
<identifiers itemClass="oracle.dbtools.crest.model.design.logical.CandidateKey">
<identifier id="3B362AF4-5DE2-50CF-59E5-25A96C3F0B47" name="EMPLEADO PK">
<createdBy>Charchilla</createdBy>
<createdTime>2025-08-23 22:49:17 UTC</createdTime>
<ownerDesignName>s2</ownerDesignName>
<shouldEngineer>false</shouldEngineer>
<engineerTo>
<item key="2789203D-59AF-6989-C570-BEAF60C1CDCC" value="false"/>
</engineerTo>
<pk>true</pk>
<usedAttributes>
<attributeRef>3DACAD23-758A-8475-348E-490CF765CF6D</attributeRef>
</usedAttributes>
</identifier>
</identifiers>
</Entity>