<?xml version = '1.0' encoding = 'UTF-8'?>
<Entity class="oracle.dbtools.crest.model.design.logical.Entity" directorySegmentName="seg_0" id="CDBEAE1C-52F3-6002-8285-1D2EDACA0B5B" name="PILOTO">
<createdBy>Charchilla</createdBy>
<createdTime>2025-08-23 22:55:53 UTC</createdTime>
<ownerDesignName>s2</ownerDesignName>
<engineerTo>
<item key="2789203D-59AF-6989-C570-BEAF60C1CDCC" value="true"/>
</engineerTo>
<adequatelyNormalized>NO</adequatelyNormalized>
<expectedVolumes>0</expectedVolumes>
<fwdEngineeringStrategyName>Single Table</fwdEngineeringStrategyName>
<growthPercent>0</growthPercent>
<growthType>Year</growthType>
<hierarchicalParent>877F59DC-9A24-F7F2-B0B9-7B7E0DB6E201</hierarchicalParent>
<maxVolumes>9999999</maxVolumes>
<minVolumes>0</minVolumes>
<normalForm>Third</normalForm>
<attributes itemClass="oracle.dbtools.crest.model.design.logical.Attribute">
<Attribute name="cant_hora_vuelo" id="861C4C10-B705-BCB1-CE94-7541DA0477DA">
<createdBy>Charchilla</createdBy>
<createdTime>2025-08-23 22:56:03 UTC</createdTime>
<ownerDesignName>s2</ownerDesignName>
<engineerTo>
<item key="2789203D-59AF-6989-C570-BEAF60C1CDCC" value="true"/>
</engineerTo>
<useDomainConstraints>false</useDomainConstraints>
<use>1</use>
<logicalDatatype>LOGDT024</logicalDatatype>
<ownDataTypeParameters>,,</ownDataTypeParameters>
</Attribute>
<Attribute name="afp" id="773DFE9E-1D07-3DB4-0AE2-BB6153CA90FF">
<createdBy>Charchilla</createdBy>
<createdTime>2025-08-23 22:56:27 UTC</createdTime>
<ownerDesignName>s2</ownerDesignName>
<engineerTo>
<item key="2789203D-59AF-6989-C570-BEAF60C1CDCC" value="true"/>
</engineerTo>
<useDomainConstraints>false</useDomainConstraints>
<use>1</use>
<logicalDatatype>LOGDT024</logicalDatatype>
<ownDataTypeParameters>,,</ownDataTypeParameters>
</Attribute>
</attributes>
</Entity>