<?xml version = '1.0' encoding = 'UTF-8'?>
<Entity class="oracle.dbtools.crest.model.design.logical.Entity" directorySegmentName="seg_0" id="E567BA8F-2C2D-658B-6CB7-667F1E2B45BF" name="RESERVA VUELO">
<createdBy>Charchilla</createdBy>
<createdTime>2025-08-23 22:44:29 UTC</createdTime>
<ownerDesignName>s2</ownerDesignName>
<engineerTo>
<item key="2789203D-59AF-6989-C570-BEAF60C1CDCC" value="true"/>
</engineerTo>
<adequatelyNormalized>NO</adequatelyNormalized>
<expectedVolumes>0</expectedVolumes>
<fwdEngineeringStrategyName>Single Table</fwdEngineeringStrategyName>
<growthPercent>0</growthPercent>
<growthType>Year</growthType>
<maxVolumes>9999999</maxVolumes>
<minVolumes>0</minVolumes>
<normalForm>Third</normalForm>
<attributes itemClass="oracle.dbtools.crest.model.design.logical.Attribute">
<Attribute name="n_reserva" id="609800E3-5E30-777C-8DC3-9D8439FB9146">
<createdBy>Charchilla</createdBy>
<createdTime>2025-08-23 22:44:39 UTC</createdTime>
<ownerDesignName>s2</ownerDesignName>
<engineerTo>
<item key="2789203D-59AF-6989-C570-BEAF60C1CDCC" value="true"/>
</engineerTo>
<useDomainConstraints>false</useDomainConstraints>
<use>1</use>
<logicalDatatype>LOGDT024</logicalDatatype>
<ownDataTypeParameters>,,</ownDataTypeParameters>
</Attribute>
<Attribute name="f_reserva" id="7A2D2BC0-23B5-DEC1-B7F0-7EDF6D028E18">
<createdBy>Charchilla</createdBy>
<createdTime>2025-08-23 22:45:03 UTC</createdTime>
<ownerDesignName>s2</ownerDesignName>
<engineerTo>
<item key="2789203D-59AF-6989-C570-BEAF60C1CDCC" value="true"/>
</engineerTo>
<useDomainConstraints>false</useDomainConstraints>
<use>1</use>
<logicalDatatype>LOGDT007</logicalDatatype>
<ownDataTypeParameters>,,</ownDataTypeParameters>
</Attribute>
<Attribute name="f_viaje" id="461C413A-34F1-96A8-CD41-27119AF584AC">
<createdBy>Charchilla</createdBy>
<createdTime>2025-08-23 22:45:09 UTC</createdTime>
<ownerDesignName>s2</ownerDesignName>
<engineerTo>
<item key="2789203D-59AF-6989-C570-BEAF60C1CDCC" value="true"/>
</engineerTo>
<useDomainConstraints>false</useDomainConstraints>
<use>1</use>
<logicalDatatype>LOGDT007</logicalDatatype>
<ownDataTypeParameters>,,</ownDataTypeParameters>
</Attribute>
<Attribute name="estado" id="4315F1CA-D17C-6A14-2712-039F3E55BC3B">
<createdBy>Charchilla</createdBy>
<createdTime>2025-08-23 22:45:45 UTC</createdTime>
<ownerDesignName>s2</ownerDesignName>
<engineerTo>
<item key="2789203D-59AF-6989-C570-BEAF60C1CDCC" value="true"/>
</engineerTo>
<useDomainConstraints>false</useDomainConstraints>
<use>1</use>
<logicalDatatype>LOGDT024</logicalDatatype>
<ownDataTypeParameters>,,</ownDataTypeParameters>
</Attribute>
<Attribute name="n_id" id="28B0E760-B553-36B8-9024-9353B5AD67D4">
<createdBy>Charchilla</createdBy>
<createdTime>2025-08-23 23:05:39 UTC</createdTime>
<generatorID>D9550050-E096-FE08-ED91-D5178AC705F4</generatorID>
<ownerDesignName>s2</ownerDesignName>
<engineerTo>
<item key="2789203D-59AF-6989-C570-BEAF60C1CDCC" value="true"/>
</engineerTo>
<referedAttribute>AA99E8D7-5F56-571C-9CDC-D2563F9C792A</referedAttribute>
<useDomainConstraints>false</useDomainConstraints>
<use>1</use>
<logicalDatatype>LOGDT024</logicalDatatype>
<ownDataTypeParameters>,,</ownDataTypeParameters>
</Attribute>
<Attribute name="n_vuelo" id="E189D38B-10F5-0C92-056C-5FA97C93B40F">
<createdBy>Charchilla</createdBy>
<createdTime>2025-08-23 23:10:18 UTC</createdTime>
<generatorID>4C536C23-1B1A-A78A-690E-55623585CA34</generatorID>
<ownerDesignName>s2</ownerDesignName>
<engineerTo>
<item key="2789203D-59AF-6989-C570-BEAF60C1CDCC" value="true"/>
</engineerTo>
<referedAttribute>F3BBFD3F-8ACE-397D-2998-11E416CF9E40</referedAttribute>
<useDomainConstraints>false</useDomainConstraints>
<use>1</use>
<logicalDatatype>LOGDT024</logicalDatatype>
<ownDataTypeParameters>,,</ownDataTypeParameters>
</Attribute>
</attributes>
<identifiers itemClass="oracle.dbtools.crest.model.design.logical.CandidateKey">
<identifier id="58AD4EA2-7FE8-8E40-5D7C-BD47E74D09C1" name="RESERVA VUELO PK">
<createdBy>Charchilla</createdBy>
<createdTime>2025-08-23 22:45:20 UTC</createdTime>
<ownerDesignName>s2</ownerDesignName>
<shouldEngineer>false</shouldEngineer>
<engineerTo>
<item key="2789203D-59AF-6989-C570-BEAF60C1CDCC" value="false"/>
</engineerTo>
<pk>true</pk>
<usedAttributes>
<attributeRef>609800E3-5E30-777C-8DC3-9D8439FB9146</attributeRef>
</usedAttributes>
</identifier>
</identifiers>
</Entity>