<?xml version = '1.0' encoding = 'UTF-8'?>
<Entity class="oracle.dbtools.crest.model.design.logical.Entity" directorySegmentName="seg_0" id="EC7D8110-3A83-55DE-C521-19E9339F2A7E" name="PASAJERO">
<createdBy>Charchilla</createdBy>
<createdTime>2025-08-23 22:29:39 UTC</createdTime>
<ownerDesignName>s2</ownerDesignName>
<engineerTo>
<item key="2789203D-59AF-6989-C570-BEAF60C1CDCC" value="true"/>
</engineerTo>
<adequatelyNormalized>NO</adequatelyNormalized>
<expectedVolumes>0</expectedVolumes>
<fwdEngineeringStrategyName>Single Table</fwdEngineeringStrategyName>
<growthPercent>0</growthPercent>
<growthType>Year</growthType>
<maxVolumes>9999999</maxVolumes>
<minVolumes>0</minVolumes>
<normalForm>Third</normalForm>
<attributes itemClass="oracle.dbtools.crest.model.design.logical.Attribute">
<Attribute name="n_id" id="AA99E8D7-5F56-571C-9CDC-D2563F9C792A">
<createdBy>Charchilla</createdBy>
<createdTime>2025-08-23 22:29:48 UTC</createdTime>
<ownerDesignName>s2</ownerDesignName>
<engineerTo>
<item key="2789203D-59AF-6989-C570-BEAF60C1CDCC" value="true"/>
</engineerTo>
<useDomainConstraints>false</useDomainConstraints>
<use>1</use>
<logicalDatatype>LOGDT024</logicalDatatype>
<ownDataTypeParameters>,,</ownDataTypeParameters>
</Attribute>
<Attribute name="nombre" id="1872F692-F9F0-9BD7-1928-123D86299FF4">
<createdBy>Charchilla</createdBy>
<createdTime>2025-08-23 22:30:10 UTC</createdTime>
<ownerDesignName>s2</ownerDesignName>
<engineerTo>
<item key="2789203D-59AF-6989-C570-BEAF60C1CDCC" value="true"/>
</engineerTo>
<useDomainConstraints>false</useDomainConstraints>
<use>1</use>
<logicalDatatype>LOGDT024</logicalDatatype>
<ownDataTypeParameters>,,</ownDataTypeParameters>
</Attribute>
<Attribute name="f_nacimiento  " id="4E1B801F-933A-27F2-7443-E4DFCA4CBA10">
<createdBy>Charchilla</createdBy>
<createdTime>2025-08-23 22:30:25 UTC</createdTime>
<ownerDesignName>s2</ownerDesignName>
<engineerTo>
<item key="2789203D-59AF-6989-C570-BEAF60C1CDCC" value="true"/>
</engineerTo>
<useDomainConstraints>false</useDomainConstraints>
<use>1</use>
<logicalDatatype>LOGDT007</logicalDatatype>
<ownDataTypeParameters>,,</ownDataTypeParameters>
</Attribute>
<Attribute name="nacionalidad" id="71D78BBE-8EBF-4974-382F-026013A4671B">
<createdBy>Charchilla</createdBy>
<createdTime>2025-08-23 22:30:55 UTC</createdTime>
<ownerDesignName>s2</ownerDesignName>
<engineerTo>
<item key="2789203D-59AF-6989-C570-BEAF60C1CDCC" value="true"/>
</engineerTo>
<useDomainConstraints>false</useDomainConstraints>
<use>1</use>
<logicalDatatype>LOGDT024</logicalDatatype>
<ownDataTypeParameters>,,</ownDataTypeParameters>
</Attribute>
<Attribute name="telefono" id="51D1884E-70F1-B7E1-48E3-249B8B07903E">
<createdBy>Charchilla</createdBy>
<createdTime>2025-08-23 22:31:07 UTC</createdTime>
<ownerDesignName>s2</ownerDesignName>
<engineerTo>
<item key="2789203D-59AF-6989-C570-BEAF60C1CDCC" value="true"/>
</engineerTo>
<useDomainConstraints>false</useDomainConstraints>
<use>1</use>
<logicalDatatype>LOGDT024</logicalDatatype>
<ownDataTypeParameters>,,</ownDataTypeParameters>
</Attribute>
<Attribute name="correo" id="FDDCBF20-7346-ACD4-6CA8-E002A7088FFE">
<createdBy>Charchilla</createdBy>
<createdTime>2025-08-23 22:31:29 UTC</createdTime>
<ownerDesignName>s2</ownerDesignName>
<engineerTo>
<item key="2789203D-59AF-6989-C570-BEAF60C1CDCC" value="true"/>
</engineerTo>
<nullsAllowed>true</nullsAllowed>
<useDomainConstraints>false</useDomainConstraints>
<use>1</use>
<logicalDatatype>LOGDT024</logicalDatatype>
<ownDataTypeParameters>,,</ownDataTypeParameters>
</Attribute>
<Attribute name="id_codigo" id="E03B1161-DD6B-B708-89CA-1F733704DABD">
<createdBy>Charchilla</createdBy>
<createdTime>2025-08-23 23:15:50 UTC</createdTime>
<generatorID>3419A275-28CF-0077-CC11-680E655A94D9</generatorID>
<ownerDesignName>s2</ownerDesignName>
<engineerTo>
<item key="2789203D-59AF-6989-C570-BEAF60C1CDCC" value="true"/>
</engineerTo>
<referedAttribute>19AD8175-5A1B-7CD5-99C7-BCE13BCB9DDB</referedAttribute>
<useDomainConstraints>false</useDomainConstraints>
<use>1</use>
<logicalDatatype>LOGDT024</logicalDatatype>
<ownDataTypeParameters>,,</ownDataTypeParameters>
</Attribute>
</attributes>
<identifiers itemClass="oracle.dbtools.crest.model.design.logical.CandidateKey">
<identifier id="FA12EC1C-2A48-FDD1-3B43-BFEB6C33CD60" name="PASAJERO PK">
<createdBy>Charchilla</createdBy>
<createdTime>2025-08-23 22:31:51 UTC</createdTime>
<ownerDesignName>s2</ownerDesignName>
<shouldEngineer>false</shouldEngineer>
<engineerTo>
<item key="2789203D-59AF-6989-C570-BEAF60C1CDCC" value="false"/>
</engineerTo>
<pk>true</pk>
<usedAttributes>
<attributeRef>AA99E8D7-5F56-571C-9CDC-D2563F9C792A</attributeRef>
</usedAttributes>
</identifier>
</identifiers>
</Entity>