<?xml version = '1.0' encoding = 'UTF-8'?>
<Diagram class="oracle.dbtools.crest.swingui.logical.DPVLogical" name="Logical" id="8FD89611-8F92-CAE4-C26B-A310DFB5BBCF">
<createdBy>Charchilla</createdBy>
<modifiedBy>Charchilla</modifiedBy>
<createdTime>2025-08-23 21:19:15 UTC</createdTime>
<autoRoute>false</autoRoute>
<boxInbox>true</boxInbox>
<showLegend>false</showLegend>
<showLabels>false</showLabels>
<showRelAttributes>false</showRelAttributes>
<gridEnabled>true</gridEnabled>
<showGrid>false</showGrid>
<diagramColor>-1</diagramColor>
<display>false</display>
<notation>1</notation>
<objectViews>
<OView class="oracle.dbtools.crest.swingui.logical.TVEntity" oid="3B0963B1-3F77-8EFE-7645-4C5AF96651C5" otype="Entity" vid="76A023EC-B1A7-1F67-66E6-448558C38B22">
<hideElementsInCurrentOnly>false</hideElementsInCurrentOnly>
<bounds x="820" y="110" width="246" height="106"/>
</OView>
<OView class="oracle.dbtools.crest.swingui.logical.TVEntity" oid="3CBFFA56-569B-56EB-F286-E91002A4B0C9" otype="Entity" vid="AD47693A-3122-EDD9-D510-9ADF6155C225">
<hideElementsInCurrentOnly>false</hideElementsInCurrentOnly>
<bounds x="430" y="420" width="160" height="62"/>
</OView>
<OView class="oracle.dbtools.crest.swingui.logical.TVEntity" oid="4B4E9E97-9896-66C3-A2E1-277B7AD6D71C" otype="Entity" vid="5C1190CB-5365-A216-5317-D0D022E9568D">
<hideElementsInCurrentOnly>false</hideElementsInCurrentOnly>
<bounds x="10" y="240" width="224" height="110"/>
</OView>
<OView class="oracle.dbtools.crest.swingui.logical.TVEntity" oid="824DF0EF-F53B-D8EF-D85A-D01CE1710294" otype="Entity" vid="2E154391-D5FA-096E-D830-A9E27D19612F">
<hideElementsInCurrentOnly>false</hideElementsInCurrentOnly>
<bounds x="580" y="30" width="170" height="160"/>
</OView>
<OView class="oracle.dbtools.crest.swingui.logical.TVEntity" oid="877F59DC-9A24-F7F2-B0B9-7B7E0DB6E201" otype="Entity" vid="30DD568C-0314-8A05-67B2-0676A654A676">
<hideElementsInCurrentOnly>false</hideElementsInCurrentOnly>
<bounds x="296" y="375" width="491" height="220"/>
</OView>
<OView class="oracle.dbtools.crest.swingui.logical.TVEntity" oid="CDBEAE1C-52F3-6002-8285-1D2EDACA0B5B" otype="Entity" vid="57FA2842-645F-3C33-24BB-A307AA6B9F7A">
<hideElementsInCurrentOnly>false</hideElementsInCurrentOnly>
<bounds x="550" y="500" width="161" height="62"/>
</OView>
<OView class="oracle.dbtools.crest.swingui.logical.TVEntity" oid="E567BA8F-2C2D-658B-6CB7-667F1E2B45BF" otype="Entity" vid="FA087321-07F5-C205-EC27-A7BBC5E78B3C">
<hideElementsInCurrentOnly>false</hideElementsInCurrentOnly>
<bounds x="280" y="10" width="198" height="110"/>
</OView>
<OView class="oracle.dbtools.crest.swingui.logical.TVEntity" oid="EC7D8110-3A83-55DE-C521-19E9339F2A7E" otype="Entity" vid="5AECD420-6326-1657-B30E-3E675540926D">
<hideElementsInCurrentOnly>false</hideElementsInCurrentOnly>
<bounds x="6" y="9" width="190" height="123"/>
</OView>
</objectViews>
<connectors>
<Connector class="oracle.dbtools.crest.swingui.logical.TVRelation" oid="32D995E1-FB69-76ED-106F-EE5FA8680920" otype="Relation" vid_source="2E154391-D5FA-096E-D830-A9E27D19612F" vid_target="76A023EC-B1A7-1F67-66E6-448558C38B22">
<hideElementsInCurrentOnly>false</hideElementsInCurrentOnly>
<backgroundColor>-16777216</backgroundColor>
<lineWidth>1</lineWidth>
<points>
<point x="750" y="150"/>
<point x="820" y="150"/>
</points>
</Connector>
<Connector class="oracle.dbtools.crest.swingui.logical.TVRelation" oid="3419A275-28CF-0077-CC11-680E655A94D9" otype="Relation" vid_source="5AECD420-6326-1657-B30E-3E675540926D" vid_target="5C1190CB-5365-A216-5317-D0D022E9568D">
<hideElementsInCurrentOnly>false</hideElementsInCurrentOnly>
<backgroundColor>-16777216</backgroundColor>
<lineWidth>1</lineWidth>
<points>
<point x="118" y="132"/>
<point x="118" y="240"/>
</points>
</Connector>
<Connector class="oracle.dbtools.crest.swingui.logical.TVRelation" oid="4C536C23-1B1A-A78A-690E-55623585CA34" otype="Relation" vid_source="2E154391-D5FA-096E-D830-A9E27D19612F" vid_target="FA087321-07F5-C205-EC27-A7BBC5E78B3C">
<hideElementsInCurrentOnly>false</hideElementsInCurrentOnly>
<backgroundColor>-16777216</backgroundColor>
<lineWidth>1</lineWidth>
<points>
<point x="580" y="75"/>
<point x="478" y="75"/>
</points>
</Connector>
<Connector class="oracle.dbtools.crest.swingui.logical.TVInheritanceRelation" oid="5FBED94D-9477-D446-0476-DB02D829AB4E" otype="Hierarchy relation" vid_source="30DD568C-0314-8A05-67B2-0676A654A676" vid_target="AD47693A-3122-EDD9-D510-9ADF6155C225">
<hideElementsInCurrentOnly>false</hideElementsInCurrentOnly>
<backgroundColor>-65536</backgroundColor>
<lineWidth>1</lineWidth>
</Connector>
<Connector class="oracle.dbtools.crest.swingui.logical.TVRelation" oid="AF410CB6-AF41-711C-3ECA-B633BA8478B3" otype="Relation" vid_source="2E154391-D5FA-096E-D830-A9E27D19612F" vid_target="30DD568C-0314-8A05-67B2-0676A654A676">
<hideElementsInCurrentOnly>false</hideElementsInCurrentOnly>
<backgroundColor>-16777216</backgroundColor>
<lineWidth>1</lineWidth>
<points>
<point x="665" y="190"/>
<point x="665" y="375"/>
</points>
</Connector>
<Connector class="oracle.dbtools.crest.swingui.logical.TVRelation" oid="D9550050-E096-FE08-ED91-D5178AC705F4" otype="Relation" vid_source="5AECD420-6326-1657-B30E-3E675540926D" vid_target="FA087321-07F5-C205-EC27-A7BBC5E78B3C">
<hideElementsInCurrentOnly>false</hideElementsInCurrentOnly>
<backgroundColor>-16777216</backgroundColor>
<lineWidth>1</lineWidth>
<points>
<point x="196" y="65"/>
<point x="280" y="65"/>
</points>
</Connector>
<Connector class="oracle.dbtools.crest.swingui.logical.TVInheritanceRelation" oid="F2569A78-AE63-4F52-1A79-76F28633FAD1" otype="Hierarchy relation" vid_source="30DD568C-0314-8A05-67B2-0676A654A676" vid_target="57FA2842-645F-3C33-24BB-A307AA6B9F7A">
<hideElementsInCurrentOnly>false</hideElementsInCurrentOnly>
<backgroundColor>-65536</backgroundColor>
<lineWidth>1</lineWidth>
</Connector>
</connectors>
</Diagram>