<?xml version = '1.0' encoding = 'UTF-8'?>
<FKIndexAssociation class="oracle.dbtools.crest.model.design.relational.FKIndexAssociation" directorySegmentName="seg_0" id="0687CE01-AA82-C05A-4035-A0B6A77967A7" containerWithKeyObject="4E585DB8-47AD-DD0C-58D7-CFCA83859825" localFKIndex="F5D3B46F-6EA5-BF7F-F262-2405A24CC3A3" name="COMUNA_REGION_FK">
<createdBy>Charchilla</createdBy>
<createdTime>2025-09-13 22:35:11 UTC</createdTime>
<generatorID>72EADDAB-BDF0-D356-B20A-77018A79AF38</generatorID>
<ownerDesignName>s5</ownerDesignName>
<referredTableLongName>REGION</referredTableLongName>
<deleteRule>NO ACTION</deleteRule>
<referredTableID>8E880E5E-4AF2-BE63-8968-374A2A64B2C7</referredTableID>
<keyObject>221FB880-3AB8-9897-9481-61BAE3439DD2</keyObject>
<referredKeyID>221FB880-3AB8-9897-9481-61BAE3439DD2</referredKeyID>
<mandatory>true</mandatory>
<refColNames>id_region</refColNames>
<transferable>true</transferable>
<rely>false</rely>
<columnDependencyConstraintGenerateInDDL>true</columnDependencyConstraintGenerateInDDL>
</FKIndexAssociation>