<?xml version = '1.0' encoding = 'UTF-8'?>
<FKIndexAssociation class="oracle.dbtools.crest.model.design.relational.FKIndexAssociation" directorySegmentName="seg_0" id="25E35FE0-5D5E-00D2-D2A8-4BB10C1CD961" containerWithKeyObject="C4DCFCC9-A146-57DA-253B-17440F884DCA" localFKIndex="79938D7A-B884-E90C-BAEC-4DB7314493B2" name="MEDICO_MEDICO_FK">
<createdBy>Charchilla</createdBy>
<createdTime>2025-09-13 22:35:11 UTC</createdTime>
<generatorID>94A2DC96-B322-1AF9-60B1-32A04D27B534</generatorID>
<ownerDesignName>s5</ownerDesignName>
<referredTableLongName>MEDICO</referredTableLongName>
<deleteRule>NO ACTION</deleteRule>
<referredTableID>C4DCFCC9-A146-57DA-253B-17440F884DCA</referredTableID>
<keyObject>E1D93D34-F844-841B-799F-6B2BB8344BCC</keyObject>
<referredKeyID>E1D93D34-F844-841B-799F-6B2BB8344BCC</referredKeyID>
<mandatory>false</mandatory>
<refColNames>rut_medico</refColNames>
<transferable>true</transferable>
<rely>false</rely>
<columnDependencyConstraintGenerateInDDL>true</columnDependencyConstraintGenerateInDDL>
</FKIndexAssociation>