<?xml version = '1.0' encoding = 'UTF-8'?>
<FKIndexAssociation class="oracle.dbtools.crest.model.design.relational.FKIndexAssociation" directorySegmentName="seg_0" id="2C72A61E-778C-6DA0-2EDB-EA1BC38D768C" containerWithKeyObject="2A6C01F9-235E-09AB-FD30-7F4A06F380FE" localFKIndex="F7C4FA7A-E5D0-182D-F3A4-3331304C8E83" name="ATENCION_MEDICO_FK">
<createdBy>Charchilla</createdBy>
<createdTime>2025-09-13 22:35:11 UTC</createdTime>
<generatorID>78AD474E-054F-F582-D286-409E6680C3D2</generatorID>
<ownerDesignName>s5</ownerDesignName>
<referredTableLongName>MEDICO</referredTableLongName>
<deleteRule>NO ACTION</deleteRule>
<referredTableID>C4DCFCC9-A146-57DA-253B-17440F884DCA</referredTableID>
<keyObject>E1D93D34-F844-841B-799F-6B2BB8344BCC</keyObject>
<referredKeyID>E1D93D34-F844-841B-799F-6B2BB8344BCC</referredKeyID>
<mandatory>false</mandatory>
<refColNames>rut_medico</refColNames>
<transferable>true</transferable>
<rely>false</rely>
<columnDependencyConstraintGenerateInDDL>true</columnDependencyConstraintGenerateInDDL>
</FKIndexAssociation>