<?xml version = '1.0' encoding = 'UTF-8'?>
<FKIndexAssociation class="oracle.dbtools.crest.model.design.relational.FKIndexAssociation" directorySegmentName="seg_0" id="3C819EE1-C45A-108D-6268-48E9EEBF1641" containerWithKeyObject="C4DCFCC9-A146-57DA-253B-17440F884DCA" localFKIndex="76995305-288C-A160-D190-55E9BD8766E1" name="MEDICO_SALUD_FK">
<createdBy>Charchilla</createdBy>
<createdTime>2025-09-13 22:35:11 UTC</createdTime>
<generatorID>512B7F3A-B3E6-C08F-5AC8-7D2E2475B2E1</generatorID>
<ownerDesignName>s5</ownerDesignName>
<referredTableLongName>SALUD</referredTableLongName>
<deleteRule>NO ACTION</deleteRule>
<referredTableID>6C58F6A9-BAF6-1962-BBF4-57248CB8DDE6</referredTableID>
<keyObject>7070574B-72D7-E8EF-E24F-02C0ECFEF45C</keyObject>
<referredKeyID>7070574B-72D7-E8EF-E24F-02C0ECFEF45C</referredKeyID>
<mandatory>true</mandatory>
<refColNames>id_salud</refColNames>
<transferable>true</transferable>
<rely>false</rely>
<columnDependencyConstraintGenerateInDDL>true</columnDependencyConstraintGenerateInDDL>
</FKIndexAssociation>