<?xml version = '1.0' encoding = 'UTF-8'?>
<FKIndexAssociation class="oracle.dbtools.crest.model.design.relational.FKIndexAssociation" directorySegmentName="seg_0" id="3D34A68A-C04E-0E45-604E-4B329ED2DAFF" containerWithKeyObject="2A6C01F9-235E-09AB-FD30-7F4A06F380FE" localFKIndex="4DDB33B2-591A-567C-F793-BC8742F36CD0" name="ATENCION_PAGO_FK">
<createdBy>Charchilla</createdBy>
<createdTime>2025-09-13 23:08:53 UTC</createdTime>
<generatorID>8C97DAC0-693F-CC7B-0E53-786C0719184A</generatorID>
<ownerDesignName>s5</ownerDesignName>
<referredTableLongName>PAGO</referredTableLongName>
<deleteRule>NO ACTION</deleteRule>
<referredTableID>1024F2F7-6921-64ED-52B1-806F57C20A52</referredTableID>
<keyObject>1B73A8E2-DC76-6CE8-0557-810F9876EABD</keyObject>
<referredKeyID>1B73A8E2-DC76-6CE8-0557-810F9876EABD</referredKeyID>
<mandatory>true</mandatory>
<refColNames>id_pago</refColNames>
<transferable>true</transferable>
<rely>false</rely>
<columnDependencyConstraintGenerateInDDL>true</columnDependencyConstraintGenerateInDDL>
</FKIndexAssociation>