<?xml version = '1.0' encoding = 'UTF-8'?>
<FKIndexAssociation class="oracle.dbtools.crest.model.design.relational.FKIndexAssociation" directorySegmentName="seg_0" id="5319DBF2-EA07-F2E1-D190-6B8A304F7946" containerWithKeyObject="1024F2F7-6921-64ED-52B1-806F57C20A52" localFKIndex="AC21F450-AA71-0009-3C28-E884F8EBDECF" name="PAGO_ATENCION_FK">
<createdBy>Charchilla</createdBy>
<createdTime>2025-09-13 23:08:53 UTC</createdTime>
<generatorID>8C97DAC0-693F-CC7B-0E53-786C0719184A</generatorID>
<ownerDesignName>s5</ownerDesignName>
<referredTableLongName>ATENCION</referredTableLongName>
<deleteRule>NO ACTION</deleteRule>
<referredTableID>2A6C01F9-235E-09AB-FD30-7F4A06F380FE</referredTableID>
<keyObject>CB57DD71-A55B-8C23-C8F5-3ACFA9FD8CA8</keyObject>
<referredKeyID>CB57DD71-A55B-8C23-C8F5-3ACFA9FD8CA8</referredKeyID>
<mandatory>true</mandatory>
<refColNames>id_atencion</refColNames>
<transferable>true</transferable>
<rely>false</rely>
<columnDependencyConstraintGenerateInDDL>true</columnDependencyConstraintGenerateInDDL>
</FKIndexAssociation>