<?xml version = '1.0' encoding = 'UTF-8'?>
<FKIndexAssociation class="oracle.dbtools.crest.model.design.relational.FKIndexAssociation" directorySegmentName="seg_0" id="56EDF3F8-B590-B75A-B328-7173F6A5EBCF" containerWithKeyObject="C4DCFCC9-A146-57DA-253B-17440F884DCA" localFKIndex="93E201DA-11B8-79BE-566D-7828F45E5A15" name="MEDICO_AFP_FK">
<createdBy>Charchilla</createdBy>
<createdTime>2025-09-13 22:35:11 UTC</createdTime>
<generatorID>7C9DBEEA-D5D3-677F-0B3C-D85A6BD74532</generatorID>
<ownerDesignName>s5</ownerDesignName>
<referredTableLongName>AFP</referredTableLongName>
<deleteRule>NO ACTION</deleteRule>
<referredTableID>0C62FB37-DA1B-244C-203B-82F27EF046FF</referredTableID>
<keyObject>C7825043-1278-8C23-9B8F-44EB8BE50DBE</keyObject>
<referredKeyID>C7825043-1278-8C23-9B8F-44EB8BE50DBE</referredKeyID>
<mandatory>true</mandatory>
<refColNames>id_afp</refColNames>
<transferable>true</transferable>
<rely>false</rely>
<columnDependencyConstraintGenerateInDDL>true</columnDependencyConstraintGenerateInDDL>
</FKIndexAssociation>