<?xml version = '1.0' encoding = 'UTF-8'?>
<FKIndexAssociation class="oracle.dbtools.crest.model.design.relational.FKIndexAssociation" directorySegmentName="seg_0" id="7905FC1C-EC19-CC71-3E77-6874517E1E6F" containerWithKeyObject="AC30B5E5-6811-95E9-DE86-15AE122CB0C1" localFKIndex="83A42B43-1BB2-8E63-F629-598A0F2187C9" name="SOL_EX_ATEN_FK">
<createdBy>Charchilla</createdBy>
<createdTime>2025-09-13 22:35:11 UTC</createdTime>
<generatorID>91692195-3A88-2642-B5E1-6E4FC505F468</generatorID>
<ownerDesignName>s5</ownerDesignName>
<referredTableLongName>ATENCION</referredTableLongName>
<deleteRule>NO ACTION</deleteRule>
<referredTableID>2A6C01F9-235E-09AB-FD30-7F4A06F380FE</referredTableID>
<keyObject>CB57DD71-A55B-8C23-C8F5-3ACFA9FD8CA8</keyObject>
<referredKeyID>CB57DD71-A55B-8C23-C8F5-3ACFA9FD8CA8</referredKeyID>
<mandatory>false</mandatory>
<refColNames>id_atencion</refColNames>
<transferable>true</transferable>
<rely>false</rely>
<columnDependencyConstraintGenerateInDDL>true</columnDependencyConstraintGenerateInDDL>
</FKIndexAssociation>