<?xml version = '1.0' encoding = 'UTF-8'?>
<FKIndexAssociation class="oracle.dbtools.crest.model.design.relational.FKIndexAssociation" directorySegmentName="seg_0" id="9D669920-F44B-7C56-1483-2034541254CC" containerWithKeyObject="AC30B5E5-6811-95E9-DE86-15AE122CB0C1" localFKIndex="06F04AB5-60E7-38DB-0F81-87FD3C14F52D" name="SOL_EX_EXAm_LABORATORIO_FK">
<createdBy>Charchilla</createdBy>
<createdTime>2025-09-13 22:35:11 UTC</createdTime>
<generatorID>21BB4117-0F03-248E-0380-54CF6353CA2D</generatorID>
<ownerDesignName>s5</ownerDesignName>
<referredTableLongName>EXAMEN_LABORATORIO</referredTableLongName>
<deleteRule>NO ACTION</deleteRule>
<referredTableID>9AB7DF87-DFEF-3BD6-39DF-DBCA184702B9</referredTableID>
<keyObject>D14C996E-10C1-9802-5E07-4850B141DD55</keyObject>
<referredKeyID>D14C996E-10C1-9802-5E07-4850B141DD55</referredKeyID>
<mandatory>true</mandatory>
<refColNames>id_examen</refColNames>
<transferable>true</transferable>
<rely>false</rely>
<columnDependencyConstraintGenerateInDDL>true</columnDependencyConstraintGenerateInDDL>
</FKIndexAssociation>