<?xml version = '1.0' encoding = 'UTF-8'?>
<FKIndexAssociation class="oracle.dbtools.crest.model.design.relational.FKIndexAssociation" directorySegmentName="seg_0" id="A90024AC-F20D-933B-61F0-C17E34703578" containerWithKeyObject="C4DCFCC9-A146-57DA-253B-17440F884DCA" localFKIndex="303DB592-8CAD-0DCB-0C9D-8BA819E78A77" name="MEDICO_ESPECIALIDAD_FK">
<createdBy>Charchilla</createdBy>
<createdTime>2025-09-13 22:35:11 UTC</createdTime>
<generatorID>5A365543-1329-3504-F54C-AF8079D947AF</generatorID>
<ownerDesignName>s5</ownerDesignName>
<referredTableLongName>ESPECIALIDAD</referredTableLongName>
<deleteRule>NO ACTION</deleteRule>
<referredTableID>B2F0C5A0-6EBD-5CD1-8648-D997481889BB</referredTableID>
<keyObject>6B8A9DDB-27C9-4034-F66A-9CD9189958EA</keyObject>
<referredKeyID>6B8A9DDB-27C9-4034-F66A-9CD9189958EA</referredKeyID>
<mandatory>true</mandatory>
<refColNames>id_especialidad</refColNames>
<transferable>true</transferable>
<rely>false</rely>
<columnDependencyConstraintGenerateInDDL>true</columnDependencyConstraintGenerateInDDL>
</FKIndexAssociation>