<?xml version = '1.0' encoding = 'UTF-8'?>
<FKIndexAssociation class="oracle.dbtools.crest.model.design.relational.FKIndexAssociation" directorySegmentName="seg_0" id="BA974808-56C8-96D1-DDD7-2A2C9CE49C6C" containerWithKeyObject="2A6C01F9-235E-09AB-FD30-7F4A06F380FE" localFKIndex="934A219E-304D-7475-081D-7027C97C302E" name="ATENCION_PACIENTE_FK">
<createdBy>Charchilla</createdBy>
<createdTime>2025-09-13 22:35:11 UTC</createdTime>
<generatorID>693D0CF9-6C3D-57E2-F568-3EE47F233093</generatorID>
<ownerDesignName>s5</ownerDesignName>
<referredTableLongName>PACIENTE</referredTableLongName>
<deleteRule>NO ACTION</deleteRule>
<referredTableID>545CEAAD-1EC5-46EB-220C-897E24CD0111</referredTableID>
<keyObject>10ADC78D-63A1-D8C4-D7CE-5FEED6CC9504</keyObject>
<referredKeyID>10ADC78D-63A1-D8C4-D7CE-5FEED6CC9504</referredKeyID>
<mandatory>true</mandatory>
<refColNames>PACIENTE_ID</refColNames>
<transferable>true</transferable>
<rely>false</rely>
<columnDependencyConstraintGenerateInDDL>true</columnDependencyConstraintGenerateInDDL>
</FKIndexAssociation>