<?xml version = '1.0' encoding = 'UTF-8'?>
<FKIndexAssociation class="oracle.dbtools.crest.model.design.relational.FKIndexAssociation" directorySegmentName="seg_0" id="C6AFAF50-FAB0-E2FD-EFA8-6AFD19D73A47" containerWithKeyObject="545CEAAD-1EC5-46EB-220C-897E24CD0111" localFKIndex="1C16709E-3AED-6133-31E2-2EC98FB74709" name="PACIENTE_COMUNA_FK">
<createdBy>Charchilla</createdBy>
<createdTime>2025-09-13 22:35:11 UTC</createdTime>
<generatorID>7B837A98-5DFB-88C6-33B7-1E9930793F06</generatorID>
<ownerDesignName>s5</ownerDesignName>
<referredTableLongName>COMUNA</referredTableLongName>
<deleteRule>NO ACTION</deleteRule>
<referredTableID>4E585DB8-47AD-DD0C-58D7-CFCA83859825</referredTableID>
<keyObject>143BCEBB-8660-71E1-A980-9878D84C0080</keyObject>
<referredKeyID>143BCEBB-8660-71E1-A980-9878D84C0080</referredKeyID>
<mandatory>true</mandatory>
<refColNames>COMUNA_ID</refColNames>
<transferable>true</transferable>
<rely>false</rely>
<columnDependencyConstraintGenerateInDDL>true</columnDependencyConstraintGenerateInDDL>
</FKIndexAssociation>