<?xml version = '1.0' encoding = 'UTF-8'?>
<Diagram class="oracle.dbtools.crest.swingui.relational.DPVRelational" name="Relational_1" id="F099E058-B816-79B4-1763-2F0B5D9BA669">
<createdBy>Charchilla</createdBy>
<modifiedBy>Charchilla</modifiedBy>
<createdTime>2025-08-31 02:06:02 UTC</createdTime>
<autoRoute>false</autoRoute>
<boxInbox>true</boxInbox>
<showLegend>false</showLegend>
<showLabels>false</showLabels>
<showRelAttributes>false</showRelAttributes>
<gridEnabled>false</gridEnabled>
<showGrid>false</showGrid>
<diagramColor>-1</diagramColor>
<display>false</display>
<notation>1</notation>
<objectViews>
<OView class="oracle.dbtools.crest.swingui.relational.TVTable" oid="07E571C0-0063-D4F6-2892-9B0FCC7F7299" otype="Table" vid="2C71ACBF-8FE6-52DA-6B66-1B2271525E4E">
<hideElementsInCurrentOnly>false</hideElementsInCurrentOnly>
<bounds x="27" y="364" width="238" height="133"/>
</OView>
<OView class="oracle.dbtools.crest.swingui.relational.TVTable" oid="09B06AF2-7298-F4F9-A78F-6BC6A082F4CC" otype="Table" vid="3296F68E-5D63-9332-DA1E-F0C1BEF8E8D5">
<hideElementsInCurrentOnly>false</hideElementsInCurrentOnly>
<bounds x="1088" y="201" width="229" height="128"/>
</OView>
<OView class="oracle.dbtools.crest.swingui.relational.TVTable" oid="411E6F58-BAF2-A474-80C3-19B7C8B3959E" otype="Table" vid="41CE1374-6E74-6148-6E3A-A5CCF3B090BB">
<hideElementsInCurrentOnly>false</hideElementsInCurrentOnly>
<bounds x="872" y="27" width="313" height="144"/>
</OView>
<OView class="oracle.dbtools.crest.swingui.relational.TVTable" oid="48BC8F98-4993-4F4E-1829-BDA48E2EBB76" otype="Table" vid="C974065A-9228-0B28-3B19-9A42B01D7C2A">
<hideElementsInCurrentOnly>false</hideElementsInCurrentOnly>
<bounds x="349" y="7" width="277" height="157"/>
</OView>
<OView class="oracle.dbtools.crest.swingui.relational.TVTable" oid="4B806642-406C-5B11-CEA0-7B3DF7BFD7FC" otype="Table" vid="B46DE11D-FD5A-A7F2-EB5A-F48F4CD28D9B">
<hideElementsInCurrentOnly>false</hideElementsInCurrentOnly>
<bounds x="121" y="206" width="242" height="110"/>
</OView>
<OView class="oracle.dbtools.crest.swingui.relational.TVTable" oid="6034906A-67EF-F7CF-4176-648B66F2E283" otype="Table" vid="808384C9-0F85-10A7-CEAE-FDD7F37B20E1">
<hideElementsInCurrentOnly>false</hideElementsInCurrentOnly>
<bounds x="437" y="181" width="324" height="167"/>
</OView>
<OView class="oracle.dbtools.crest.swingui.relational.TVTable" oid="77CC9B7C-6FB0-0369-10DB-614F65BAF6BB" otype="Table" vid="1CEF8582-E220-BD81-9BAA-2466C8C11A74">
<hideElementsInCurrentOnly>false</hideElementsInCurrentOnly>
<bounds x="651" y="21" width="185" height="105"/>
</OView>
<OView class="oracle.dbtools.crest.swingui.relational.TVTable" oid="97C4CA21-32C1-87DA-1FAE-C66769955444" otype="Table" vid="863A5B84-AE0B-B2C2-61CF-8A5CD8664BE2">
<hideElementsInCurrentOnly>false</hideElementsInCurrentOnly>
<bounds x="886" y="203" width="178" height="95"/>
</OView>
<OView class="oracle.dbtools.crest.swingui.relational.TVTable" oid="B2B7602B-806F-392A-8825-9F3B9E8938A7" otype="Table" vid="3D17427C-F4DD-BCF2-85DB-06C86B2674B2">
<hideElementsInCurrentOnly>false</hideElementsInCurrentOnly>
<bounds x="309" y="403" width="177" height="125"/>
</OView>
<OView class="oracle.dbtools.crest.swingui.relational.TVTable" oid="F51D278B-B23B-6480-9B99-DF49077044EC" otype="Table" vid="34CF95DD-16CA-F250-EBD3-0B7318CE6223">
<hideElementsInCurrentOnly>false</hideElementsInCurrentOnly>
<bounds x="46" y="7" width="279" height="157"/>
</OView>
</objectViews>
<connectors>
<Connector class="oracle.dbtools.crest.swingui.relational.TVFKRelation" oid="0E4A8B2B-2F36-8A10-6AD2-85A201BEFABB" otype="FKIndexAssociation" vid_source="808384C9-0F85-10A7-CEAE-FDD7F37B20E1" vid_target="3D17427C-F4DD-BCF2-85DB-06C86B2674B2">
<hideElementsInCurrentOnly>false</hideElementsInCurrentOnly>
<backgroundColor>-16777216</backgroundColor>
<lineWidth>1</lineWidth>
<points>
<point x="476" y="348"/>
<point x="476" y="403"/>
</points>
</Connector>
<Connector class="oracle.dbtools.crest.swingui.relational.TVFKRelation" oid="35131FC6-EB1F-A68F-C777-DCAA748695B7" otype="FKIndexAssociation" vid_source="1CEF8582-E220-BD81-9BAA-2466C8C11A74" vid_target="41CE1374-6E74-6148-6E3A-A5CCF3B090BB">
<hideElementsInCurrentOnly>false</hideElementsInCurrentOnly>
<backgroundColor>-16777216</backgroundColor>
<lineWidth>1</lineWidth>
<points>
<point x="836" y="76"/>
<point x="872" y="76"/>
</points>
</Connector>
<Connector class="oracle.dbtools.crest.swingui.relational.TVFKRelation" oid="3F7D3C3E-7A62-CDA0-BA94-899B99DE420D" otype="FKIndexAssociation" vid_source="3296F68E-5D63-9332-DA1E-F0C1BEF8E8D5" vid_target="3296F68E-5D63-9332-DA1E-F0C1BEF8E8D5">
<hideElementsInCurrentOnly>false</hideElementsInCurrentOnly>
<backgroundColor>-16777216</backgroundColor>
<lineWidth>1</lineWidth>
<points>
<point x="1226" y="201"/>
<point x="1226" y="226"/>
<point x="1226" y="270"/>
<point x="1127" y="259"/>
<point x="1127" y="255"/>
</points>
</Connector>
<Connector class="oracle.dbtools.crest.swingui.relational.TVFKRelation" oid="5E0A6BA7-FA9F-5E07-BFEC-0018D60F42AA" otype="FKIndexAssociation" vid_source="B46DE11D-FD5A-A7F2-EB5A-F48F4CD28D9B" vid_target="2C71ACBF-8FE6-52DA-6B66-1B2271525E4E">
<hideElementsInCurrentOnly>false</hideElementsInCurrentOnly>
<backgroundColor>-16777216</backgroundColor>
<lineWidth>1</lineWidth>
<points>
<point x="193" y="316"/>
<point x="193" y="364"/>
</points>
</Connector>
<Connector class="oracle.dbtools.crest.swingui.relational.TVFKRelation" oid="6082069D-54A7-A7EC-3274-CD2C1DDA7866" otype="FKIndexAssociation" vid_source="3D17427C-F4DD-BCF2-85DB-06C86B2674B2" vid_target="808384C9-0F85-10A7-CEAE-FDD7F37B20E1">
<hideElementsInCurrentOnly>false</hideElementsInCurrentOnly>
<backgroundColor>-16777216</backgroundColor>
<lineWidth>1</lineWidth>
<points>
<point x="461" y="403"/>
<point x="461" y="348"/>
</points>
</Connector>
<Connector class="oracle.dbtools.crest.swingui.relational.TVFKRelation" oid="690EA1F1-54E0-FAF7-B6E3-AB9E0ADEFE37" otype="FKIndexAssociation" vid_source="41CE1374-6E74-6148-6E3A-A5CCF3B090BB" vid_target="3296F68E-5D63-9332-DA1E-F0C1BEF8E8D5">
<hideElementsInCurrentOnly>false</hideElementsInCurrentOnly>
<backgroundColor>-16777216</backgroundColor>
<lineWidth>1</lineWidth>
<points>
<point x="1136" y="171"/>
<point x="1136" y="201"/>
</points>
</Connector>
<Connector class="oracle.dbtools.crest.swingui.relational.TVFKRelation" oid="6D850F2B-56BA-F9D1-DE3A-966FCCC0663B" otype="FKIndexAssociation" vid_source="34CF95DD-16CA-F250-EBD3-0B7318CE6223" vid_target="2C71ACBF-8FE6-52DA-6B66-1B2271525E4E">
<hideElementsInCurrentOnly>false</hideElementsInCurrentOnly>
<backgroundColor>-16777216</backgroundColor>
<lineWidth>1</lineWidth>
<points>
<point x="170" y="164"/>
<point x="170" y="364"/>
</points>
</Connector>
<Connector class="oracle.dbtools.crest.swingui.relational.TVFKRelation" oid="847CD38E-6102-7339-0FCF-36984F26C55F" otype="FKIndexAssociation" vid_source="41CE1374-6E74-6148-6E3A-A5CCF3B090BB" vid_target="863A5B84-AE0B-B2C2-61CF-8A5CD8664BE2">
<hideElementsInCurrentOnly>false</hideElementsInCurrentOnly>
<backgroundColor>-16777216</backgroundColor>
<lineWidth>1</lineWidth>
<points>
<point x="975" y="171"/>
<point x="975" y="203"/>
</points>
</Connector>
<Connector class="oracle.dbtools.crest.swingui.relational.TVFKRelation" oid="8E3080D5-898D-74CC-24F3-A3F15E69C198" otype="FKIndexAssociation" vid_source="1CEF8582-E220-BD81-9BAA-2466C8C11A74" vid_target="808384C9-0F85-10A7-CEAE-FDD7F37B20E1">
<hideElementsInCurrentOnly>false</hideElementsInCurrentOnly>
<backgroundColor>-16777216</backgroundColor>
<lineWidth>1</lineWidth>
<points>
<point x="706" y="126"/>
<point x="706" y="181"/>
</points>
</Connector>
<Connector class="oracle.dbtools.crest.swingui.relational.TVFKRelation" oid="99E887FB-8FB9-5EB8-6616-80AFF33D2DAA" otype="FKIndexAssociation" vid_source="B46DE11D-FD5A-A7F2-EB5A-F48F4CD28D9B" vid_target="3D17427C-F4DD-BCF2-85DB-06C86B2674B2">
<hideElementsInCurrentOnly>false</hideElementsInCurrentOnly>
<backgroundColor>-16777216</backgroundColor>
<lineWidth>1</lineWidth>
<points>
<point x="336" y="316"/>
<point x="336" y="403"/>
</points>
</Connector>
<Connector class="oracle.dbtools.crest.swingui.relational.TVFKRelation" oid="A2BECEA9-6038-24C4-5E9B-74955DE25887" otype="FKIndexAssociation" vid_source="34CF95DD-16CA-F250-EBD3-0B7318CE6223" vid_target="C974065A-9228-0B28-3B19-9A42B01D7C2A">
<hideElementsInCurrentOnly>false</hideElementsInCurrentOnly>
<backgroundColor>-16777216</backgroundColor>
<lineWidth>1</lineWidth>
<points>
<point x="325" y="85"/>
<point x="349" y="85"/>
</points>
</Connector>
<Connector class="oracle.dbtools.crest.swingui.relational.TVFKRelation" oid="E28D7267-B867-D4F9-BD8F-EB776EF005B9" otype="FKIndexAssociation" vid_source="2C71ACBF-8FE6-52DA-6B66-1B2271525E4E" vid_target="34CF95DD-16CA-F250-EBD3-0B7318CE6223">
<hideElementsInCurrentOnly>false</hideElementsInCurrentOnly>
<backgroundColor>-16777216</backgroundColor>
<lineWidth>1</lineWidth>
<points>
<point x="155" y="364"/>
<point x="155" y="164"/>
</points>
</Connector>
<Connector class="oracle.dbtools.crest.swingui.relational.TVFKRelation" oid="F39ED1E1-C9C6-5FF8-3572-F176E0F60D89" otype="FKIndexAssociation" vid_source="3D17427C-F4DD-BCF2-85DB-06C86B2674B2" vid_target="C974065A-9228-0B28-3B19-9A42B01D7C2A">
<hideElementsInCurrentOnly>false</hideElementsInCurrentOnly>
<backgroundColor>-16777216</backgroundColor>
<lineWidth>1</lineWidth>
<points>
<point x="417" y="403"/>
<point x="417" y="164"/>
</points>
</Connector>
</connectors>
<arcs>
<Arc class="oracle.dbtools.crest.swingui.relational.TVFKArc" oid="720B71B9-DF98-6398-3303-EB66ECA05959" otype="FKArc" vid="CC8ED8E2-4E5D-8023-B41E-58A255403DF4">
<hideElementsInCurrentOnly>false</hideElementsInCurrentOnly>
<bounds x="101" y="186" width="282" height="150"/>
</Arc>
<Arc class="oracle.dbtools.crest.swingui.relational.TVFKArc" oid="EF73F497-7D27-CC76-6A23-98EFE34D0DED" otype="FKArc" vid="641312D4-65EB-A50B-0999-D10855467239">
<hideElementsInCurrentOnly>false</hideElementsInCurrentOnly>
<bounds x="852" y="7" width="353" height="184"/>
</Arc>
</arcs>
</Diagram>