<?xml version = '1.0' encoding = 'UTF-8'?>
<FKIndexAssociation class="oracle.dbtools.crest.model.design.relational.FKIndexAssociation" directorySegmentName="seg_0" id="33708A77-D4D2-45BA-1675-23C3DFA77CBE" containerWithKeyObject="15B0AB7E-6D17-FAC5-3E35-4D425186A257" localFKIndex="B4F9F369-D9FF-AF56-15A9-D3886CF7C6C7" name="RESERVA_VUELO_VUELO_FK">
<createdBy>Charchilla</createdBy>
<createdTime>2025-08-23 23:45:57 UTC</createdTime>
<generatorID>4C536C23-1B1A-A78A-690E-55623585CA34</generatorID>
<ownerDesignName>s2</ownerDesignName>
<referredTableLongName>VUELO</referredTableLongName>
<deleteRule>NO ACTION</deleteRule>
<referredTableID>C6C3DB7D-4E7C-BF0A-E0DC-A20C4A7B8738</referredTableID>
<keyObject>33610117-A324-3B3A-CBF2-3A6CA6F9BCBE</keyObject>
<referredKeyID>33610117-A324-3B3A-CBF2-3A6CA6F9BCBE</referredKeyID>
<mandatory>true</mandatory>
<refColNames>n_vuelo</refColNames>
<transferable>true</transferable>
<rely>false</rely>
<columnDependencyConstraintGenerateInDDL>true</columnDependencyConstraintGenerateInDDL>
</FKIndexAssociation>