<?xml version = '1.0' encoding = 'UTF-8'?>
<FKIndexAssociation class="oracle.dbtools.crest.model.design.relational.FKIndexAssociation" directorySegmentName="seg_0" id="73B47994-17DA-0B58-415D-A4E24DAEC7B2" containerWithKeyObject="C6C3DB7D-4E7C-BF0A-E0DC-A20C4A7B8738" localFKIndex="9F575462-1CAE-BBD6-024C-18601DFFD00D" name="VUELO_AVION_FK">
<createdBy>Charchilla</createdBy>
<createdTime>2025-08-23 23:45:57 UTC</createdTime>
<generatorID>32D995E1-FB69-76ED-106F-EE5FA8680920</generatorID>
<ownerDesignName>s2</ownerDesignName>
<referredTableLongName>AVION</referredTableLongName>
<deleteRule>NO ACTION</deleteRule>
<referredTableID>ADE88618-3950-5FE7-1BE8-4C256B5A6AD4</referredTableID>
<keyObject>A227FB73-1EF8-0FE8-85B8-949739C853FB</keyObject>
<referredKeyID>A227FB73-1EF8-0FE8-85B8-949739C853FB</referredKeyID>
<mandatory>true</mandatory>
<refColNames>n_matricula</refColNames>
<transferable>true</transferable>
<rely>false</rely>
<columnDependencyConstraintGenerateInDDL>true</columnDependencyConstraintGenerateInDDL>
</FKIndexAssociation>