<?xml version = '1.0' encoding = 'UTF-8'?>
<FKIndexAssociation class="oracle.dbtools.crest.model.design.relational.FKIndexAssociation" directorySegmentName="seg_0" id="A87F36B1-956D-1358-126E-24260319E60B" containerWithKeyObject="4259650B-2EB2-8F0A-CB47-DD4FFFF92BB6" localFKIndex="DAA01359-5FBB-321A-C6E2-59EDC69F13C6" name="PILOTO_EMPLEADO_FK">
<createdBy>Charchilla</createdBy>
<createdTime>2025-08-23 23:45:57 UTC</createdTime>
<generatorID>F2569A78-AE63-4F52-1A79-76F28633FAD1</generatorID>
<ownerDesignName>s2</ownerDesignName>
<referredTableLongName>EMPLEADO</referredTableLongName>
<arc>7FABCB92-789E-1025-9C84-AC74A38E7432</arc>
<deleteRule>NO ACTION</deleteRule>
<referredTableID>E2ADEE93-08FD-A63F-BF80-EB684B2F2522</referredTableID>
<keyObject>658E3949-A833-2DD2-2AB9-433184F685D9</keyObject>
<referredKeyID>658E3949-A833-2DD2-2AB9-433184F685D9</referredKeyID>
<mandatory>true</mandatory>
<refColNames>id_rut</refColNames>
<transferable>true</transferable>
<rely>false</rely>
<columnDependencyConstraintGenerateInDDL>true</columnDependencyConstraintGenerateInDDL>
</FKIndexAssociation>