<?xml version = '1.0' encoding = 'UTF-8'?>
<FKIndexAssociation class="oracle.dbtools.crest.model.design.relational.FKIndexAssociation" directorySegmentName="seg_0" id="DCC94BD1-79D8-BD23-8122-30954186DCE0" containerWithKeyObject="8806E0C2-7C85-A08C-00B4-4631D1558C18" localFKIndex="B8C6EFFE-EFEF-DEAC-DC16-42E2E94D6646" name="EQUIPAJE_PASAJERO_FK">
<createdBy>Charchilla</createdBy>
<createdTime>2025-08-23 23:45:57 UTC</createdTime>
<generatorID>3419A275-28CF-0077-CC11-680E655A94D9</generatorID>
<ownerDesignName>s2</ownerDesignName>
<referredTableLongName>PASAJERO</referredTableLongName>
<deleteRule>NO ACTION</deleteRule>
<referredTableID>99E23801-C4BD-A7E9-1F88-54E1F730411E</referredTableID>
<keyObject>D4024833-AA5F-7E66-7B82-94745D7B2988</keyObject>
<referredKeyID>D4024833-AA5F-7E66-7B82-94745D7B2988</referredKeyID>
<mandatory>true</mandatory>
<refColNames>n_id</refColNames>
<transferable>true</transferable>
<rely>false</rely>
<columnDependencyConstraintGenerateInDDL>true</columnDependencyConstraintGenerateInDDL>
</FKIndexAssociation>