<?xml version = '1.0' encoding = 'UTF-8'?>
<FKIndexAssociation class="oracle.dbtools.crest.model.design.relational.FKIndexAssociation" directorySegmentName="seg_0" id="E884CE00-385A-E3D3-E479-EC4140937E9F" containerWithKeyObject="78247EDB-8B08-15B9-BE85-E2DD63D63708" localFKIndex="39409004-C2AB-05F0-3687-83A1721FAF1D" name="ADMINISTRATIVO_EMPLEADO_FK">
<createdBy>Charchilla</createdBy>
<createdTime>2025-08-23 23:45:57 UTC</createdTime>
<generatorID>5FBED94D-9477-D446-0476-DB02D829AB4E</generatorID>
<ownerDesignName>s2</ownerDesignName>
<referredTableLongName>EMPLEADO</referredTableLongName>
<arc>7FABCB92-789E-1025-9C84-AC74A38E7432</arc>
<deleteRule>NO ACTION</deleteRule>
<referredTableID>E2ADEE93-08FD-A63F-BF80-EB684B2F2522</referredTableID>
<keyObject>658E3949-A833-2DD2-2AB9-433184F685D9</keyObject>
<referredKeyID>658E3949-A833-2DD2-2AB9-433184F685D9</referredKeyID>
<mandatory>true</mandatory>
<refColNames>id_rut</refColNames>
<transferable>true</transferable>
<rely>false</rely>
<columnDependencyConstraintGenerateInDDL>true</columnDependencyConstraintGenerateInDDL>
</FKIndexAssociation>