<?xml version = '1.0' encoding = 'UTF-8'?>
<FKIndexAssociation class="oracle.dbtools.crest.model.design.relational.FKIndexAssociation" directorySegmentName="seg_0" id="EAE756BB-D030-AF95-1781-17D8FDA5C086" containerWithKeyObject="C6C3DB7D-4E7C-BF0A-E0DC-A20C4A7B8738" localFKIndex="16C219EC-5D64-5025-DF29-4BF263494E9D" name="VUELO_EMPLEADO_FK">
<createdBy>Charchilla</createdBy>
<createdTime>2025-08-23 23:46:58 UTC</createdTime>
<generatorID>AF410CB6-AF41-711C-3ECA-B633BA8478B3</generatorID>
<ownerDesignName>s2</ownerDesignName>
<referredTableLongName>EMPLEADO</referredTableLongName>
<deleteRule>NO ACTION</deleteRule>
<referredTableID>E2ADEE93-08FD-A63F-BF80-EB684B2F2522</referredTableID>
<keyObject>658E3949-A833-2DD2-2AB9-433184F685D9</keyObject>
<referredKeyID>658E3949-A833-2DD2-2AB9-433184F685D9</referredKeyID>
<mandatory>true</mandatory>
<refColNames>id_rut</refColNames>
<transferable>true</transferable>
<rely>false</rely>
<columnDependencyConstraintGenerateInDDL>true</columnDependencyConstraintGenerateInDDL>
</FKIndexAssociation>