<?xml version = '1.0' encoding = 'UTF-8'?>
<FKIndexAssociation class="oracle.dbtools.crest.model.design.relational.FKIndexAssociation" directorySegmentName="seg_0" id="FCD0E8DE-6A87-68A9-AB03-2A3BA3873DBD" containerWithKeyObject="15B0AB7E-6D17-FAC5-3E35-4D425186A257" localFKIndex="2CD7F436-06CD-705E-3012-484E33657A2E" name="RESERVA_VUELO_PASAJERO_FK">
<createdBy>Charchilla</createdBy>
<createdTime>2025-08-23 23:45:57 UTC</createdTime>
<generatorID>D9550050-E096-FE08-ED91-D5178AC705F4</generatorID>
<ownerDesignName>s2</ownerDesignName>
<referredTableLongName>PASAJERO</referredTableLongName>
<deleteRule>NO ACTION</deleteRule>
<referredTableID>99E23801-C4BD-A7E9-1F88-54E1F730411E</referredTableID>
<keyObject>D4024833-AA5F-7E66-7B82-94745D7B2988</keyObject>
<referredKeyID>D4024833-AA5F-7E66-7B82-94745D7B2988</referredKeyID>
<mandatory>true</mandatory>
<refColNames>n_id</refColNames>
<transferable>true</transferable>
<rely>false</rely>
<columnDependencyConstraintGenerateInDDL>true</columnDependencyConstraintGenerateInDDL>
</FKIndexAssociation>