<?xml version = '1.0' encoding = 'UTF-8'?>
<Entity class="oracle.dbtools.crest.model.design.logical.Entity" directorySegmentName="seg_0" id="604D2B45-06B1-5722-2A50-0D7392458FC7" name="HABITACIONES">
<createdBy>Charchilla</createdBy>
<createdTime>2025-08-31 02:57:57 UTC</createdTime>
<ownerDesignName>S3</ownerDesignName>
<engineerTo>
<item key="BA274835-72CF-FCB6-22AB-05F51D5E6EBB" value="true"/>
</engineerTo>
<adequatelyNormalized>NO</adequatelyNormalized>
<expectedVolumes>0</expectedVolumes>
<fwdEngineeringStrategyName>Single Table</fwdEngineeringStrategyName>
<growthPercent>0</growthPercent>
<growthType>Year</growthType>
<maxVolumes>9999999</maxVolumes>
<minVolumes>0</minVolumes>
<normalForm>Third</normalForm>
<attributes itemClass="oracle.dbtools.crest.model.design.logical.Attribute">
<Attribute name="id_habitaciones" id="192E57F0-EAB8-9CD7-0E76-E5F98DF1DE0D">
<createdBy>Charchilla</createdBy>
<createdTime>2025-08-31 02:58:02 UTC</createdTime>
<ownerDesignName>S3</ownerDesignName>
<engineerTo>
<item key="BA274835-72CF-FCB6-22AB-05F51D5E6EBB" value="true"/>
</engineerTo>
<useDomainConstraints>false</useDomainConstraints>
<use>1</use>
<logicalDatatype>LOGDT024</logicalDatatype>
<ownDataTypeParameters>,,</ownDataTypeParameters>
</Attribute>
<Attribute name="n_habitaciones" id="32C8B7FE-A973-0207-0352-C4BCFBF47F51">
<createdBy>Charchilla</createdBy>
<createdTime>2025-08-31 02:58:52 UTC</createdTime>
<ownerDesignName>S3</ownerDesignName>
<engineerTo>
<item key="BA274835-72CF-FCB6-22AB-05F51D5E6EBB" value="true"/>
</engineerTo>
<useDomainConstraints>false</useDomainConstraints>
<use>1</use>
<logicalDatatype>LOGDT024</logicalDatatype>
<ownDataTypeParameters>,,</ownDataTypeParameters>
</Attribute>
<Attribute name="tipo_habitacion" id="A90834E9-A222-9409-05AD-C13B6951248F">
<createdBy>Charchilla</createdBy>
<createdTime>2025-08-31 02:59:04 UTC</createdTime>
<ownerDesignName>S3</ownerDesignName>
<engineerTo>
<item key="BA274835-72CF-FCB6-22AB-05F51D5E6EBB" value="true"/>
</engineerTo>
<useDomainConstraints>false</useDomainConstraints>
<use>1</use>
<logicalDatatype>LOGDT024</logicalDatatype>
<ownDataTypeParameters>,,</ownDataTypeParameters>
</Attribute>
<Attribute name="id_residencia" id="662DBF0D-DC56-6E21-312B-323C6E1F533A">
<createdBy>Charchilla</createdBy>
<createdTime>2025-08-31 03:10:42 UTC</createdTime>
<generatorID>548F49CA-ED86-290E-CFAC-8A4D28CFAAB1</generatorID>
<ownerDesignName>S3</ownerDesignName>
<engineerTo>
<item key="BA274835-72CF-FCB6-22AB-05F51D5E6EBB" value="true"/>
</engineerTo>
<referedAttribute>BC93EB30-B188-673E-AB41-65A09173D75E</referedAttribute>
<useDomainConstraints>false</useDomainConstraints>
<use>1</use>
<logicalDatatype>LOGDT024</logicalDatatype>
<ownDataTypeParameters>,,</ownDataTypeParameters>
</Attribute>
<Attribute name="rut" id="CD4D97BE-C64A-986D-A599-20A037E8D2F4">
<createdBy>Charchilla</createdBy>
<createdTime>2025-08-31 03:52:42 UTC</createdTime>
<generatorID>BC1005E4-C084-C300-B086-4D88C932D075</generatorID>
<ownerDesignName>S3</ownerDesignName>
<engineerTo>
<item key="BA274835-72CF-FCB6-22AB-05F51D5E6EBB" value="true"/>
</engineerTo>
<referedAttribute>BAC6A8C1-8747-A1B3-8E6A-37F26C90D646</referedAttribute>
<useDomainConstraints>false</useDomainConstraints>
<use>1</use>
<logicalDatatype>LOGDT024</logicalDatatype>
<ownDataTypeParameters>,,</ownDataTypeParameters>
</Attribute>
</attributes>
<identifiers itemClass="oracle.dbtools.crest.model.design.logical.CandidateKey">
<identifier id="78C5DD6F-4E6E-F219-2C66-8F93683D43EA" name="HABITACIONES PK">
<createdBy>Charchilla</createdBy>
<createdTime>2025-08-31 02:59:31 UTC</createdTime>
<ownerDesignName>S3</ownerDesignName>
<engineerTo>
<item key="BA274835-72CF-FCB6-22AB-05F51D5E6EBB" value="true"/>
</engineerTo>
<pk>true</pk>
<usedAttributes>
<attributeRef>192E57F0-EAB8-9CD7-0E76-E5F98DF1DE0D</attributeRef>
</usedAttributes>
</identifier>
</identifiers>
</Entity>