<?xml version = '1.0' encoding = 'UTF-8'?>
<Entity class="oracle.dbtools.crest.model.design.logical.Entity" directorySegmentName="seg_0" id="6936D05A-A9F3-8490-C684-C023D0E804B5" name="PERSONAL">
<createdBy>Charchilla</createdBy>
<createdTime>2025-08-31 02:26:12 UTC</createdTime>
<ownerDesignName>S3</ownerDesignName>
<engineerTo>
<item key="BA274835-72CF-FCB6-22AB-05F51D5E6EBB" value="true"/>
</engineerTo>
<adequatelyNormalized>NO</adequatelyNormalized>
<expectedVolumes>0</expectedVolumes>
<fwdEngineeringStrategyName>Single Table</fwdEngineeringStrategyName>
<growthPercent>0</growthPercent>
<growthType>Year</growthType>
<maxVolumes>9999999</maxVolumes>
<minVolumes>0</minVolumes>
<normalForm>Third</normalForm>
<attributes itemClass="oracle.dbtools.crest.model.design.logical.Attribute">
<Attribute name="rut" id="71072253-E09B-9D2D-9223-8E9FE4B3CB64">
<createdBy>Charchilla</createdBy>
<createdTime>2025-08-31 02:31:56 UTC</createdTime>
<ownerDesignName>S3</ownerDesignName>
<engineerTo>
<item key="BA274835-72CF-FCB6-22AB-05F51D5E6EBB" value="true"/>
</engineerTo>
<useDomainConstraints>false</useDomainConstraints>
<use>1</use>
<logicalDatatype>LOGDT024</logicalDatatype>
<ownDataTypeParameters>,,</ownDataTypeParameters>
</Attribute>
<Attribute name="nombre" id="20EC4974-00FA-3AA3-7860-70E982F83E64">
<createdBy>Charchilla</createdBy>
<createdTime>2025-08-31 02:32:15 UTC</createdTime>
<ownerDesignName>S3</ownerDesignName>
<engineerTo>
<item key="BA274835-72CF-FCB6-22AB-05F51D5E6EBB" value="true"/>
</engineerTo>
<useDomainConstraints>false</useDomainConstraints>
<use>1</use>
<logicalDatatype>LOGDT024</logicalDatatype>
<ownDataTypeParameters>,,</ownDataTypeParameters>
</Attribute>
<Attribute name="f_ingreso" id="24179028-F749-AEF3-CF41-A4886C61B6CD">
<createdBy>Charchilla</createdBy>
<createdTime>2025-08-31 02:32:49 UTC</createdTime>
<ownerDesignName>S3</ownerDesignName>
<engineerTo>
<item key="BA274835-72CF-FCB6-22AB-05F51D5E6EBB" value="true"/>
</engineerTo>
<useDomainConstraints>false</useDomainConstraints>
<use>1</use>
<logicalDatatype>LOGDT007</logicalDatatype>
<ownDataTypeParameters>,,</ownDataTypeParameters>
</Attribute>
<Attribute name="telefono" id="82959185-C5B2-08C2-70CB-103E71047130">
<createdBy>Charchilla</createdBy>
<createdTime>2025-08-31 02:33:09 UTC</createdTime>
<ownerDesignName>S3</ownerDesignName>
<engineerTo>
<item key="BA274835-72CF-FCB6-22AB-05F51D5E6EBB" value="true"/>
</engineerTo>
<nullsAllowed>true</nullsAllowed>
<useDomainConstraints>false</useDomainConstraints>
<use>1</use>
<logicalDatatype>LOGDT024</logicalDatatype>
<ownDataTypeParameters>,,</ownDataTypeParameters>
</Attribute>
<Attribute name="id_residencia" id="BB8EB9B2-2CD6-EBA7-C574-C8B20CA26561">
<createdBy>Charchilla</createdBy>
<createdTime>2025-08-31 03:11:26 UTC</createdTime>
<generatorID>BD75091B-83F0-D2C7-7C9D-7B61DE24F03C</generatorID>
<ownerDesignName>S3</ownerDesignName>
<engineerTo>
<item key="BA274835-72CF-FCB6-22AB-05F51D5E6EBB" value="true"/>
</engineerTo>
<referedAttribute>BC93EB30-B188-673E-AB41-65A09173D75E</referedAttribute>
<useDomainConstraints>false</useDomainConstraints>
<use>1</use>
<logicalDatatype>LOGDT024</logicalDatatype>
<ownDataTypeParameters>,,</ownDataTypeParameters>
</Attribute>
<Attribute name="rut1" id="DCE10DB2-4AB5-071B-2072-1346DDB02F41">
<createdBy>Charchilla</createdBy>
<createdTime>2025-08-31 03:15:12 UTC</createdTime>
<generatorID>BA669539-28B5-B036-70F4-A552F2E7D471</generatorID>
<ownerDesignName>S3</ownerDesignName>
<engineerTo>
<item key="BA274835-72CF-FCB6-22AB-05F51D5E6EBB" value="true"/>
</engineerTo>
<nullsAllowed>true</nullsAllowed>
<referedAttribute>71072253-E09B-9D2D-9223-8E9FE4B3CB64</referedAttribute>
<useDomainConstraints>false</useDomainConstraints>
<use>1</use>
<logicalDatatype>LOGDT024</logicalDatatype>
<ownDataTypeParameters>,,</ownDataTypeParameters>
</Attribute>
</attributes>
<identifiers itemClass="oracle.dbtools.crest.model.design.logical.CandidateKey">
<identifier id="CC4974AC-47DD-5033-1FD0-B6693417A363" name="PERSONAL PK">
<createdBy>Charchilla</createdBy>
<createdTime>2025-08-31 02:32:02 UTC</createdTime>
<ownerDesignName>S3</ownerDesignName>
<engineerTo>
<item key="BA274835-72CF-FCB6-22AB-05F51D5E6EBB" value="true"/>
</engineerTo>
<pk>true</pk>
<usedAttributes>
<attributeRef>71072253-E09B-9D2D-9223-8E9FE4B3CB64</attributeRef>
</usedAttributes>
</identifier>
</identifiers>
</Entity>