<?xml version = '1.0' encoding = 'UTF-8'?>
<Entity class="oracle.dbtools.crest.model.design.logical.Entity" directorySegmentName="seg_0" id="8846BAD0-F9A7-201B-6CAD-6CCF4D80F250" name="APODERADO">
<createdBy>Charchilla</createdBy>
<createdTime>2025-08-31 02:48:34 UTC</createdTime>
<ownerDesignName>S3</ownerDesignName>
<engineerTo>
<item key="BA274835-72CF-FCB6-22AB-05F51D5E6EBB" value="true"/>
</engineerTo>
<adequatelyNormalized>NO</adequatelyNormalized>
<expectedVolumes>0</expectedVolumes>
<fwdEngineeringStrategyName>Single Table</fwdEngineeringStrategyName>
<growthPercent>0</growthPercent>
<growthType>Year</growthType>
<hierarchicalParent>52070D1C-4698-8A87-130B-768B78CBDA4E</hierarchicalParent>
<maxVolumes>9999999</maxVolumes>
<minVolumes>0</minVolumes>
<normalForm>Third</normalForm>
<attributes itemClass="oracle.dbtools.crest.model.design.logical.Attribute">
<Attribute name="tipo_relacion" id="34EF6B6A-13F7-8F1A-3D03-4F72305902FA">
<createdBy>Charchilla</createdBy>
<createdTime>2025-08-31 02:48:49 UTC</createdTime>
<ownerDesignName>S3</ownerDesignName>
<engineerTo>
<item key="BA274835-72CF-FCB6-22AB-05F51D5E6EBB" value="true"/>
</engineerTo>
<useDomainConstraints>false</useDomainConstraints>
<use>1</use>
<logicalDatatype>LOGDT024</logicalDatatype>
<ownDataTypeParameters>,,</ownDataTypeParameters>
</Attribute>
<Attribute name="id_contrato" id="63677354-0738-F62A-087E-A220B071E6FA">
<createdBy>Charchilla</createdBy>
<createdTime>2025-08-31 03:57:27 UTC</createdTime>
<generatorID>66F70B3B-050D-CB51-B994-76F5DE2A9960</generatorID>
<ownerDesignName>S3</ownerDesignName>
<engineerTo>
<item key="BA274835-72CF-FCB6-22AB-05F51D5E6EBB" value="true"/>
</engineerTo>
<referedAttribute>0BAFD982-221B-CAB6-B89B-F101F7C2298D</referedAttribute>
<useDomainConstraints>false</useDomainConstraints>
<use>1</use>
<logicalDatatype>LOGDT024</logicalDatatype>
<ownDataTypeParameters>,,</ownDataTypeParameters>
</Attribute>
</attributes>
</Entity>