<?xml version = '1.0' encoding = 'UTF-8'?>
<Entity class="oracle.dbtools.crest.model.design.logical.Entity" directorySegmentName="seg_0" id="CEDFAC30-2631-ABA4-4DE3-5188049B66CB" name="CUIDADORES">
<createdBy>Charchilla</createdBy>
<createdTime>2025-08-31 02:33:37 UTC</createdTime>
<ownerDesignName>S3</ownerDesignName>
<engineerTo>
<item key="BA274835-72CF-FCB6-22AB-05F51D5E6EBB" value="true"/>
</engineerTo>
<adequatelyNormalized>NO</adequatelyNormalized>
<expectedVolumes>0</expectedVolumes>
<fwdEngineeringStrategyName>Single Table</fwdEngineeringStrategyName>
<growthPercent>0</growthPercent>
<growthType>Year</growthType>
<hierarchicalParent>6936D05A-A9F3-8490-C684-C023D0E804B5</hierarchicalParent>
<maxVolumes>9999999</maxVolumes>
<minVolumes>0</minVolumes>
<normalForm>Third</normalForm>
</Entity>