<?xml version = '1.0' encoding = 'UTF-8'?>
<Entity class="oracle.dbtools.crest.model.design.logical.Entity" directorySegmentName="seg_0" id="D84A5643-E078-6A8C-6946-B896A59F5F94" name="RESIDENCIA ">
<createdBy>Charchilla</createdBy>
<createdTime>2025-08-31 02:56:36 UTC</createdTime>
<ownerDesignName>S3</ownerDesignName>
<engineerTo>
<item key="BA274835-72CF-FCB6-22AB-05F51D5E6EBB" value="true"/>
</engineerTo>
<adequatelyNormalized>NO</adequatelyNormalized>
<expectedVolumes>0</expectedVolumes>
<fwdEngineeringStrategyName>Single Table</fwdEngineeringStrategyName>
<growthPercent>0</growthPercent>
<growthType>Year</growthType>
<maxVolumes>9999999</maxVolumes>
<minVolumes>0</minVolumes>
<normalForm>Third</normalForm>
<attributes itemClass="oracle.dbtools.crest.model.design.logical.Attribute">
<Attribute name="id_residencia" id="BC93EB30-B188-673E-AB41-65A09173D75E">
<createdBy>Charchilla</createdBy>
<createdTime>2025-08-31 02:56:45 UTC</createdTime>
<ownerDesignName>S3</ownerDesignName>
<engineerTo>
<item key="BA274835-72CF-FCB6-22AB-05F51D5E6EBB" value="true"/>
</engineerTo>
<useDomainConstraints>false</useDomainConstraints>
<use>1</use>
<logicalDatatype>LOGDT024</logicalDatatype>
<ownDataTypeParameters>,,</ownDataTypeParameters>
</Attribute>
<Attribute name="nombre" id="2ADCFEEF-76EF-B71E-EAF2-BB1EFA820BBD">
<createdBy>Charchilla</createdBy>
<createdTime>2025-08-31 02:56:55 UTC</createdTime>
<ownerDesignName>S3</ownerDesignName>
<engineerTo>
<item key="BA274835-72CF-FCB6-22AB-05F51D5E6EBB" value="true"/>
</engineerTo>
<useDomainConstraints>false</useDomainConstraints>
<use>1</use>
<logicalDatatype>LOGDT024</logicalDatatype>
<ownDataTypeParameters>,,</ownDataTypeParameters>
</Attribute>
<Attribute name="direccion" id="E4E784D7-8D64-EE54-01A7-AA42C5B2C92B">
<createdBy>Charchilla</createdBy>
<createdTime>2025-08-31 02:57:04 UTC</createdTime>
<ownerDesignName>S3</ownerDesignName>
<engineerTo>
<item key="BA274835-72CF-FCB6-22AB-05F51D5E6EBB" value="true"/>
</engineerTo>
<useDomainConstraints>false</useDomainConstraints>
<use>1</use>
<logicalDatatype>LOGDT024</logicalDatatype>
<ownDataTypeParameters>,,</ownDataTypeParameters>
</Attribute>
<Attribute name="comuna" id="27075F5A-C69F-EED2-4C4D-5BBFDA7499AD">
<createdBy>Charchilla</createdBy>
<createdTime>2025-08-31 02:57:13 UTC</createdTime>
<ownerDesignName>S3</ownerDesignName>
<engineerTo>
<item key="BA274835-72CF-FCB6-22AB-05F51D5E6EBB" value="true"/>
</engineerTo>
<useDomainConstraints>false</useDomainConstraints>
<use>1</use>
<logicalDatatype>LOGDT024</logicalDatatype>
<ownDataTypeParameters>,,</ownDataTypeParameters>
</Attribute>
</attributes>
<identifiers itemClass="oracle.dbtools.crest.model.design.logical.CandidateKey">
<identifier id="0494FFB5-5353-6409-ABD8-01F1F2377E5A" name="RESIDENCIA PK">
<createdBy>Charchilla</createdBy>
<createdTime>2025-08-31 02:56:53 UTC</createdTime>
<ownerDesignName>S3</ownerDesignName>
<engineerTo>
<item key="BA274835-72CF-FCB6-22AB-05F51D5E6EBB" value="true"/>
</engineerTo>
<pk>true</pk>
<usedAttributes>
<attributeRef>BC93EB30-B188-673E-AB41-65A09173D75E</attributeRef>
</usedAttributes>
</identifier>
</identifiers>
</Entity>