<?xml version = '1.0' encoding = 'UTF-8'?>
<Entity class="oracle.dbtools.crest.model.design.logical.Entity" directorySegmentName="seg_0" id="DB5B8750-17E6-91B3-6D01-B699FE9B4A0C" name="ANEXO">
<createdBy>Charchilla</createdBy>
<createdTime>2025-08-31 02:40:20 UTC</createdTime>
<ownerDesignName>S3</ownerDesignName>
<engineerTo>
<item key="BA274835-72CF-FCB6-22AB-05F51D5E6EBB" value="true"/>
</engineerTo>
<adequatelyNormalized>NO</adequatelyNormalized>
<expectedVolumes>0</expectedVolumes>
<fwdEngineeringStrategyName>Single Table</fwdEngineeringStrategyName>
<growthPercent>0</growthPercent>
<growthType>Year</growthType>
<maxVolumes>9999999</maxVolumes>
<minVolumes>0</minVolumes>
<normalForm>Third</normalForm>
<attributes itemClass="oracle.dbtools.crest.model.design.logical.Attribute">
<Attribute name="id_anexo" id="A3829E65-C703-2706-04EB-59518689B19C">
<createdBy>Charchilla</createdBy>
<createdTime>2025-08-31 02:40:30 UTC</createdTime>
<ownerDesignName>S3</ownerDesignName>
<engineerTo>
<item key="BA274835-72CF-FCB6-22AB-05F51D5E6EBB" value="true"/>
</engineerTo>
<useDomainConstraints>false</useDomainConstraints>
<use>1</use>
<logicalDatatype>LOGDT024</logicalDatatype>
<ownDataTypeParameters>,,</ownDataTypeParameters>
</Attribute>
<Attribute name="f_inicio" id="AE7249F3-4A4A-069C-F337-D0EB2B43C6C3">
<createdBy>Charchilla</createdBy>
<createdTime>2025-08-31 02:40:50 UTC</createdTime>
<ownerDesignName>S3</ownerDesignName>
<engineerTo>
<item key="BA274835-72CF-FCB6-22AB-05F51D5E6EBB" value="true"/>
</engineerTo>
<useDomainConstraints>false</useDomainConstraints>
<use>1</use>
<logicalDatatype>LOGDT024</logicalDatatype>
<ownDataTypeParameters>,,</ownDataTypeParameters>
</Attribute>
<Attribute name="f_termino" id="07A0A2D3-5DCA-8235-D142-BA8A1ADDBD5A">
<createdBy>Charchilla</createdBy>
<createdTime>2025-08-31 02:41:06 UTC</createdTime>
<ownerDesignName>S3</ownerDesignName>
<engineerTo>
<item key="BA274835-72CF-FCB6-22AB-05F51D5E6EBB" value="true"/>
</engineerTo>
<nullsAllowed>true</nullsAllowed>
<useDomainConstraints>false</useDomainConstraints>
<use>1</use>
<logicalDatatype>LOGDT007</logicalDatatype>
<ownDataTypeParameters>,,</ownDataTypeParameters>
</Attribute>
<Attribute name="observacion" id="42B90636-742F-2523-CEA0-D1C453EEF67D">
<createdBy>Charchilla</createdBy>
<createdTime>2025-08-31 02:41:23 UTC</createdTime>
<ownerDesignName>S3</ownerDesignName>
<engineerTo>
<item key="BA274835-72CF-FCB6-22AB-05F51D5E6EBB" value="true"/>
</engineerTo>
<nullsAllowed>true</nullsAllowed>
<useDomainConstraints>false</useDomainConstraints>
<use>1</use>
<logicalDatatype>LOGDT024</logicalDatatype>
<ownDataTypeParameters>,,</ownDataTypeParameters>
</Attribute>
<Attribute name="id_contrato" id="63A213AC-723A-65C0-2EC5-EEDC9E711D5E">
<createdBy>Charchilla</createdBy>
<createdTime>2025-08-31 03:06:41 UTC</createdTime>
<generatorID>58618B13-404C-C4B7-5997-E81DF05DD4CC</generatorID>
<ownerDesignName>S3</ownerDesignName>
<engineerTo>
<item key="BA274835-72CF-FCB6-22AB-05F51D5E6EBB" value="true"/>
</engineerTo>
<referedAttribute>0BAFD982-221B-CAB6-B89B-F101F7C2298D</referedAttribute>
<useDomainConstraints>false</useDomainConstraints>
<use>1</use>
<logicalDatatype>LOGDT024</logicalDatatype>
<ownDataTypeParameters>,,</ownDataTypeParameters>
</Attribute>
<Attribute name="rut" id="B97FA6A1-0A26-C841-639B-711397BF3850">
<createdBy>Charchilla</createdBy>
<createdTime>2025-08-31 03:16:37 UTC</createdTime>
<generatorID>E2CC322F-3C74-0AF1-5DB8-A4356667DEA6</generatorID>
<ownerDesignName>S3</ownerDesignName>
<engineerTo>
<item key="BA274835-72CF-FCB6-22AB-05F51D5E6EBB" value="true"/>
</engineerTo>
<referedAttribute>BAC6A8C1-8747-A1B3-8E6A-37F26C90D646</referedAttribute>
<useDomainConstraints>false</useDomainConstraints>
<use>1</use>
<logicalDatatype>LOGDT024</logicalDatatype>
<ownDataTypeParameters>,,</ownDataTypeParameters>
</Attribute>
</attributes>
<identifiers itemClass="oracle.dbtools.crest.model.design.logical.CandidateKey">
<identifier id="F90661CD-D76A-B09D-9C26-65DA755F61B7" name="ANEXO PK">
<createdBy>Charchilla</createdBy>
<createdTime>2025-08-31 02:40:49 UTC</createdTime>
<ownerDesignName>S3</ownerDesignName>
<engineerTo>
<item key="BA274835-72CF-FCB6-22AB-05F51D5E6EBB" value="true"/>
</engineerTo>
<pk>true</pk>
<usedAttributes>
<attributeRef>A3829E65-C703-2706-04EB-59518689B19C</attributeRef>
</usedAttributes>
</identifier>
</identifiers>
</Entity>