<?xml version = '1.0' encoding = 'UTF-8'?>
<FKIndexAssociation class="oracle.dbtools.crest.model.design.relational.FKIndexAssociation" directorySegmentName="seg_0" id="0E4A8B2B-2F36-8A10-6AD2-85A201BEFABB" containerWithKeyObject="B2B7602B-806F-392A-8825-9F3B9E8938A7" localFKIndex="DFEC67C7-0E2E-7CA5-3A60-CF7E3280336B" name="RESIDENTES_HABITACIONES_FK">
<createdBy>Charchilla</createdBy>
<createdTime>2025-08-31 04:13:48 UTC</createdTime>
<generatorID>BC1005E4-C084-C300-B086-4D88C932D075</generatorID>
<ownerDesignName>S3</ownerDesignName>
<referredTableLongName>HABITACIONES</referredTableLongName>
<deleteRule>NO ACTION</deleteRule>
<referredTableID>6034906A-67EF-F7CF-4176-648B66F2E283</referredTableID>
<keyObject>C170D846-03CF-849E-1038-7019F0590D41</keyObject>
<referredKeyID>C170D846-03CF-849E-1038-7019F0590D41</referredKeyID>
<mandatory>true</mandatory>
<refColNames>id_habitaciones</refColNames>
<transferable>true</transferable>
<rely>false</rely>
<columnDependencyConstraintGenerateInDDL>true</columnDependencyConstraintGenerateInDDL>
</FKIndexAssociation>