<?xml version = '1.0' encoding = 'UTF-8'?>
<FKIndexAssociation class="oracle.dbtools.crest.model.design.relational.FKIndexAssociation" directorySegmentName="seg_0" id="35131FC6-EB1F-A68F-C777-DCAA748695B7" containerWithKeyObject="411E6F58-BAF2-A474-80C3-19B7C8B3959E" localFKIndex="0BAA40E2-69C4-F35F-A4C3-86A3289AD4AC" name="PERSONAL_RESIDENCIA_FK">
<createdBy>Charchilla</createdBy>
<createdTime>2025-08-31 04:13:48 UTC</createdTime>
<generatorID>BD75091B-83F0-D2C7-7C9D-7B61DE24F03C</generatorID>
<ownerDesignName>S3</ownerDesignName>
<referredTableLongName>RESIDENCIA</referredTableLongName>
<deleteRule>NO ACTION</deleteRule>
<referredTableID>77CC9B7C-6FB0-0369-10DB-614F65BAF6BB</referredTableID>
<keyObject>E478DFE8-AD08-F4D3-6CB2-B7C87F0EFE29</keyObject>
<referredKeyID>E478DFE8-AD08-F4D3-6CB2-B7C87F0EFE29</referredKeyID>
<mandatory>true</mandatory>
<refColNames>id_residencia</refColNames>
<transferable>true</transferable>
<rely>false</rely>
<columnDependencyConstraintGenerateInDDL>true</columnDependencyConstraintGenerateInDDL>
</FKIndexAssociation>