<?xml version = '1.0' encoding = 'UTF-8'?>
<FKIndexAssociation class="oracle.dbtools.crest.model.design.relational.FKIndexAssociation" directorySegmentName="seg_0" id="3F7D3C3E-7A62-CDA0-BA94-899B99DE420D" containerWithKeyObject="09B06AF2-7298-F4F9-A78F-6BC6A082F4CC" localFKIndex="E045E5E3-BA06-B075-83A9-01C7C5D6BA00" name="MEDICOS_MEDICOS_FK">
<createdBy>Charchilla</createdBy>
<createdTime>2025-08-31 04:13:48 UTC</createdTime>
<generatorID>BA669539-28B5-B036-70F4-A552F2E7D471</generatorID>
<ownerDesignName>S3</ownerDesignName>
<referredTableLongName>MEDICOS</referredTableLongName>
<deleteRule>NO ACTION</deleteRule>
<referredTableID>09B06AF2-7298-F4F9-A78F-6BC6A082F4CC</referredTableID>
<keyObject>677C2F46-D068-6CEA-8701-50C336455EBE</keyObject>
<referredKeyID>677C2F46-D068-6CEA-8701-50C336455EBE</referredKeyID>
<mandatory>false</mandatory>
<refColNames>rut</refColNames>
<transferable>true</transferable>
<rely>false</rely>
<columnDependencyConstraintGenerateInDDL>true</columnDependencyConstraintGenerateInDDL>
</FKIndexAssociation>