<?xml version = '1.0' encoding = 'UTF-8'?>
<FKIndexAssociation class="oracle.dbtools.crest.model.design.relational.FKIndexAssociation" directorySegmentName="seg_0" id="5E0A6BA7-FA9F-5E07-BFEC-0018D60F42AA" containerWithKeyObject="07E571C0-0063-D4F6-2892-9B0FCC7F7299" localFKIndex="3A338E98-5E0B-B800-9C45-D80121CCCB40" name="APODERADO_PERSONA_FK">
<createdBy>Charchilla</createdBy>
<createdTime>2025-08-31 04:13:48 UTC</createdTime>
<generatorID>9FB47420-E29C-F1AD-2D8C-DCA92D26A5C2</generatorID>
<ownerDesignName>S3</ownerDesignName>
<referredTableLongName>PERSONA</referredTableLongName>
<arc>720B71B9-DF98-6398-3303-EB66ECA05959</arc>
<deleteRule>NO ACTION</deleteRule>
<referredTableID>4B806642-406C-5B11-CEA0-7B3DF7BFD7FC</referredTableID>
<keyObject>00D5B0D5-2096-39B0-0BE9-0AB09ED2BD88</keyObject>
<referredKeyID>00D5B0D5-2096-39B0-0BE9-0AB09ED2BD88</referredKeyID>
<mandatory>true</mandatory>
<refColNames>rut</refColNames>
<transferable>true</transferable>
<rely>false</rely>
<columnDependencyConstraintGenerateInDDL>true</columnDependencyConstraintGenerateInDDL>
</FKIndexAssociation>