<?xml version = '1.0' encoding = 'UTF-8'?>
<FKIndexAssociation class="oracle.dbtools.crest.model.design.relational.FKIndexAssociation" directorySegmentName="seg_0" id="6082069D-54A7-A7EC-3274-CD2C1DDA7866" containerWithKeyObject="6034906A-67EF-F7CF-4176-648B66F2E283" localFKIndex="5FA70AE9-E728-9F8D-0D24-EF4ED02F6A1E" name="HABITACIONES_RESIDENTES_FK">
<createdBy>Charchilla</createdBy>
<createdTime>2025-08-31 04:13:48 UTC</createdTime>
<generatorID>BC1005E4-C084-C300-B086-4D88C932D075</generatorID>
<ownerDesignName>S3</ownerDesignName>
<referredTableLongName>RESIDENTES</referredTableLongName>
<deleteRule>NO ACTION</deleteRule>
<referredTableID>B2B7602B-806F-392A-8825-9F3B9E8938A7</referredTableID>
<keyObject>AA294504-8A7F-C1D9-B286-BFAE72B55FEC</keyObject>
<referredKeyID>AA294504-8A7F-C1D9-B286-BFAE72B55FEC</referredKeyID>
<mandatory>true</mandatory>
<refColNames>rut</refColNames>
<transferable>true</transferable>
<rely>false</rely>
<columnDependencyConstraintGenerateInDDL>true</columnDependencyConstraintGenerateInDDL>
</FKIndexAssociation>