<?xml version = '1.0' encoding = 'UTF-8'?>
<FKIndexAssociation class="oracle.dbtools.crest.model.design.relational.FKIndexAssociation" directorySegmentName="seg_0" id="690EA1F1-54E0-FAF7-B6E3-AB9E0ADEFE37" containerWithKeyObject="09B06AF2-7298-F4F9-A78F-6BC6A082F4CC" localFKIndex="228612BA-F3FD-6E4B-4BA4-D9D01632E521" name="MEDICOS_PERSONAL_FK">
<createdBy>Charchilla</createdBy>
<createdTime>2025-08-31 04:13:48 UTC</createdTime>
<generatorID>1F2AD562-FE58-2B7B-13F5-FA4D6259DCCA</generatorID>
<ownerDesignName>S3</ownerDesignName>
<referredTableLongName>PERSONAL</referredTableLongName>
<arc>EF73F497-7D27-CC76-6A23-98EFE34D0DED</arc>
<deleteRule>NO ACTION</deleteRule>
<referredTableID>411E6F58-BAF2-A474-80C3-19B7C8B3959E</referredTableID>
<keyObject>866CA3DD-CF76-E1C6-D553-F489F90A42EF</keyObject>
<referredKeyID>866CA3DD-CF76-E1C6-D553-F489F90A42EF</referredKeyID>
<mandatory>true</mandatory>
<refColNames>rut</refColNames>
<transferable>true</transferable>
<rely>false</rely>
<columnDependencyConstraintGenerateInDDL>true</columnDependencyConstraintGenerateInDDL>
</FKIndexAssociation>