<?xml version = '1.0' encoding = 'UTF-8'?>
<FKIndexAssociation class="oracle.dbtools.crest.model.design.relational.FKIndexAssociation" directorySegmentName="seg_0" id="6D850F2B-56BA-F9D1-DE3A-966FCCC0663B" containerWithKeyObject="07E571C0-0063-D4F6-2892-9B0FCC7F7299" localFKIndex="DA93FB0A-7069-D3A0-3556-E70EAFA1FBD8" name="APODERADO_CON_TRATO_FK">
<createdBy>Charchilla</createdBy>
<createdTime>2025-08-31 04:13:48 UTC</createdTime>
<generatorID>66F70B3B-050D-CB51-B994-76F5DE2A9960</generatorID>
<ownerDesignName>S3</ownerDesignName>
<referredTableLongName>CON_TRATO</referredTableLongName>
<deleteRule>NO ACTION</deleteRule>
<referredTableID>F51D278B-B23B-6480-9B99-DF49077044EC</referredTableID>
<keyObject>805E42FF-5D3C-3C5D-1EAF-2D67C33FD5EE</keyObject>
<referredKeyID>805E42FF-5D3C-3C5D-1EAF-2D67C33FD5EE</referredKeyID>
<mandatory>true</mandatory>
<refColNames>id_contrato</refColNames>
<transferable>true</transferable>
<rely>false</rely>
<columnDependencyConstraintGenerateInDDL>true</columnDependencyConstraintGenerateInDDL>
</FKIndexAssociation>