<?xml version = '1.0' encoding = 'UTF-8'?>
<FKIndexAssociation class="oracle.dbtools.crest.model.design.relational.FKIndexAssociation" directorySegmentName="seg_0" id="847CD38E-6102-7339-0FCF-36984F26C55F" containerWithKeyObject="97C4CA21-32C1-87DA-1FAE-C66769955444" localFKIndex="5E72B169-8405-CDC5-83CA-FBFC66EC8F1A" name="CUIDADORES_PERSONAL_FK">
<createdBy>Charchilla</createdBy>
<createdTime>2025-08-31 04:13:48 UTC</createdTime>
<generatorID>E26CF0D0-B21B-FAB2-A4BB-B105986D79A0</generatorID>
<ownerDesignName>S3</ownerDesignName>
<referredTableLongName>PERSONAL</referredTableLongName>
<arc>EF73F497-7D27-CC76-6A23-98EFE34D0DED</arc>
<deleteRule>NO ACTION</deleteRule>
<referredTableID>411E6F58-BAF2-A474-80C3-19B7C8B3959E</referredTableID>
<keyObject>866CA3DD-CF76-E1C6-D553-F489F90A42EF</keyObject>
<referredKeyID>866CA3DD-CF76-E1C6-D553-F489F90A42EF</referredKeyID>
<mandatory>true</mandatory>
<refColNames>rut</refColNames>
<transferable>true</transferable>
<rely>false</rely>
<columnDependencyConstraintGenerateInDDL>true</columnDependencyConstraintGenerateInDDL>
</FKIndexAssociation>