<?xml version = '1.0' encoding = 'UTF-8'?>
<FKIndexAssociation class="oracle.dbtools.crest.model.design.relational.FKIndexAssociation" directorySegmentName="seg_0" id="8E3080D5-898D-74CC-24F3-A3F15E69C198" containerWithKeyObject="6034906A-67EF-F7CF-4176-648B66F2E283" localFKIndex="C0B8A9B0-DCBB-42F4-C2D1-302DB296B7B4" name="HABITACIONES_RESIDENCIA_FK">
<createdBy>Charchilla</createdBy>
<createdTime>2025-08-31 04:13:48 UTC</createdTime>
<generatorID>548F49CA-ED86-290E-CFAC-8A4D28CFAAB1</generatorID>
<ownerDesignName>S3</ownerDesignName>
<referredTableLongName>RESIDENCIA</referredTableLongName>
<deleteRule>NO ACTION</deleteRule>
<referredTableID>77CC9B7C-6FB0-0369-10DB-614F65BAF6BB</referredTableID>
<keyObject>E478DFE8-AD08-F4D3-6CB2-B7C87F0EFE29</keyObject>
<referredKeyID>E478DFE8-AD08-F4D3-6CB2-B7C87F0EFE29</referredKeyID>
<mandatory>true</mandatory>
<refColNames>id_residencia</refColNames>
<transferable>true</transferable>
<rely>false</rely>
<columnDependencyConstraintGenerateInDDL>true</columnDependencyConstraintGenerateInDDL>
</FKIndexAssociation>