<?xml version = '1.0' encoding = 'UTF-8'?>
<FKIndexAssociation class="oracle.dbtools.crest.model.design.relational.FKIndexAssociation" directorySegmentName="seg_0" id="99E887FB-8FB9-5EB8-6616-80AFF33D2DAA" containerWithKeyObject="B2B7602B-806F-392A-8825-9F3B9E8938A7" localFKIndex="7EC06E3E-FB02-46DB-48DA-844064809041" name="RESIDENTES_PERSONA_FK">
<createdBy>Charchilla</createdBy>
<createdTime>2025-08-31 04:13:48 UTC</createdTime>
<generatorID>4D6E789B-654F-F38F-4ED4-CF97E6973E0B</generatorID>
<ownerDesignName>S3</ownerDesignName>
<referredTableLongName>PERSONA</referredTableLongName>
<arc>720B71B9-DF98-6398-3303-EB66ECA05959</arc>
<deleteRule>NO ACTION</deleteRule>
<referredTableID>4B806642-406C-5B11-CEA0-7B3DF7BFD7FC</referredTableID>
<keyObject>00D5B0D5-2096-39B0-0BE9-0AB09ED2BD88</keyObject>
<referredKeyID>00D5B0D5-2096-39B0-0BE9-0AB09ED2BD88</referredKeyID>
<mandatory>true</mandatory>
<refColNames>rut</refColNames>
<transferable>true</transferable>
<rely>false</rely>
<columnDependencyConstraintGenerateInDDL>true</columnDependencyConstraintGenerateInDDL>
</FKIndexAssociation>