<?xml version = '1.0' encoding = 'UTF-8'?>
<FKIndexAssociation class="oracle.dbtools.crest.model.design.relational.FKIndexAssociation" directorySegmentName="seg_0" id="A2BECEA9-6038-24C4-5E9B-74955DE25887" containerWithKeyObject="48BC8F98-4993-4F4E-1829-BDA48E2EBB76" localFKIndex="8674E61C-B33E-C645-9D98-FF948D274E88" name="ANEXO_CON_TRATO_FK">
<createdBy>Charchilla</createdBy>
<createdTime>2025-08-31 04:13:48 UTC</createdTime>
<generatorID>58618B13-404C-C4B7-5997-E81DF05DD4CC</generatorID>
<ownerDesignName>S3</ownerDesignName>
<referredTableLongName>CON_TRATO</referredTableLongName>
<deleteRule>NO ACTION</deleteRule>
<referredTableID>F51D278B-B23B-6480-9B99-DF49077044EC</referredTableID>
<keyObject>805E42FF-5D3C-3C5D-1EAF-2D67C33FD5EE</keyObject>
<referredKeyID>805E42FF-5D3C-3C5D-1EAF-2D67C33FD5EE</referredKeyID>
<mandatory>true</mandatory>
<refColNames>id_contrato</refColNames>
<transferable>true</transferable>
<rely>false</rely>
<columnDependencyConstraintGenerateInDDL>true</columnDependencyConstraintGenerateInDDL>
</FKIndexAssociation>