<?xml version = '1.0' encoding = 'UTF-8'?>
<FKIndexAssociation class="oracle.dbtools.crest.model.design.relational.FKIndexAssociation" directorySegmentName="seg_0" id="E28D7267-B867-D4F9-BD8F-EB776EF005B9" containerWithKeyObject="F51D278B-B23B-6480-9B99-DF49077044EC" localFKIndex="95CD39BA-6BBB-EB70-2540-9F3C19BFB068" name="CON_TRATO_APODERADO_FK">
<createdBy>Charchilla</createdBy>
<createdTime>2025-08-31 04:13:48 UTC</createdTime>
<generatorID>66F70B3B-050D-CB51-B994-76F5DE2A9960</generatorID>
<ownerDesignName>S3</ownerDesignName>
<referredTableLongName>APODERADO</referredTableLongName>
<deleteRule>NO ACTION</deleteRule>
<referredTableID>07E571C0-0063-D4F6-2892-9B0FCC7F7299</referredTableID>
<keyObject>56E2456F-EA9B-E32D-CEB0-2128D7E977F0</keyObject>
<referredKeyID>56E2456F-EA9B-E32D-CEB0-2128D7E977F0</referredKeyID>
<mandatory>true</mandatory>
<refColNames>rut</refColNames>
<transferable>true</transferable>
<rely>false</rely>
<columnDependencyConstraintGenerateInDDL>true</columnDependencyConstraintGenerateInDDL>
</FKIndexAssociation>