<?xml version = '1.0' encoding = 'UTF-8'?>
<FKIndexAssociation class="oracle.dbtools.crest.model.design.relational.FKIndexAssociation" directorySegmentName="seg_0" id="F39ED1E1-C9C6-5FF8-3572-F176E0F60D89" containerWithKeyObject="48BC8F98-4993-4F4E-1829-BDA48E2EBB76" localFKIndex="057FB60A-FB36-BF97-1312-147FD86348EF" name="ANEXO_RESIDENTES_FK">
<createdBy>Charchilla</createdBy>
<createdTime>2025-08-31 04:13:48 UTC</createdTime>
<generatorID>E2CC322F-3C74-0AF1-5DB8-A4356667DEA6</generatorID>
<ownerDesignName>S3</ownerDesignName>
<referredTableLongName>RESIDENTES</referredTableLongName>
<deleteRule>NO ACTION</deleteRule>
<referredTableID>B2B7602B-806F-392A-8825-9F3B9E8938A7</referredTableID>
<keyObject>AA294504-8A7F-C1D9-B286-BFAE72B55FEC</keyObject>
<referredKeyID>AA294504-8A7F-C1D9-B286-BFAE72B55FEC</referredKeyID>
<mandatory>true</mandatory>
<refColNames>rut</refColNames>
<transferable>true</transferable>
<rely>false</rely>
<columnDependencyConstraintGenerateInDDL>true</columnDependencyConstraintGenerateInDDL>
</FKIndexAssociation>