<?xml version = '1.0' encoding = 'UTF-8'?>
<Table class="oracle.dbtools.crest.model.design.relational.Table" directorySegmentName="seg_0" id="1024F2F7-6921-64ED-52B1-806F57C20A52" name="PAGO">
<createdBy>Charchilla</createdBy>
<createdTime>2025-09-13 22:35:11 UTC</createdTime>
<generatorID>27B7A110-DA7A-6178-CEE6-FE304944FDC8</generatorID>
<ownerDesignName>s5</ownerDesignName>
<allowColumnReorder>false</allowColumnReorder>
<existDependencyGenerateInDDl>true</existDependencyGenerateInDDl>
<parsed>true</parsed>
<columns itemClass="oracle.dbtools.crest.model.design.relational.Column">
<Column name="id_pago" id="B47E992F-D792-E49E-0C57-89D8341D2496">
<createdBy>Charchilla</createdBy>
<createdTime>2025-09-13 22:35:11 UTC</createdTime>
<generatorID>719469DD-BD71-9A43-191C-CEEC26D42D38</generatorID>
<ownerDesignName>s5</ownerDesignName>
<useDomainConstraints>false</useDomainConstraints>
<use>1</use>
<logicalDatatype>LOGDT024</logicalDatatype>
<dataTypeSize>15</dataTypeSize>
<ownDataTypeParameters>15,,</ownDataTypeParameters>
<autoIncrementCycle>false</autoIncrementCycle>
</Column>
<Column name="monto" id="364DCB9D-2BB1-DFB2-E44B-1B90750B3160">
<createdBy>Charchilla</createdBy>
<createdTime>2025-09-13 22:35:11 UTC</createdTime>
<generatorID>B911F3FA-432F-61FD-B947-3ED64C0784C7</generatorID>
<ownerDesignName>s5</ownerDesignName>
<useDomainConstraints>false</useDomainConstraints>
<use>1</use>
<logicalDatatype>LOGDT024</logicalDatatype>
<dataTypeSize>30</dataTypeSize>
<ownDataTypeParameters>30,,</ownDataTypeParameters>
<autoIncrementCycle>false</autoIncrementCycle>
</Column>
<Column name="t_pago" id="DCA748C7-9EE0-A6A9-510B-7E63CB7577D2">
<createdBy>Charchilla</createdBy>
<createdTime>2025-09-13 22:35:11 UTC</createdTime>
<generatorID>52869D73-AFE9-FD59-61F7-9FF56D22318B</generatorID>
<ownerDesignName>s5</ownerDesignName>
<constraintName>CK_PAGO_T_PAGO</constraintName>
<useDomainConstraints>false</useDomainConstraints>
<use>1</use>
<logicalDatatype>LOGDT024</logicalDatatype>
<dataTypeSize>10</dataTypeSize>
<listOfValues>
<valueDef value="&quot;convenio&quot;" description=""/>
<valueDef value="&quot;efectivo&quot;" description=""/>
<valueDef value="&quot;tarjeta&quot;" description=""/>
</listOfValues>
<ownDataTypeParameters>10,,</ownDataTypeParameters>
<autoIncrementCycle>false</autoIncrementCycle>
</Column>
<Column name="ATENCION_id_atencion" id="B928F7C4-7D44-3E4B-2525-EBE8815D530C">
<createdBy>Charchilla</createdBy>
<createdTime>2025-09-13 22:35:11 UTC</createdTime>
<generatorID>45E90D7D-8BC4-F788-216A-DA24D4D8CFF1</generatorID>
<ownerDesignName>s5</ownerDesignName>
<useDomainConstraints>false</useDomainConstraints>
<use>1</use>
<logicalDatatype>LOGDT024</logicalDatatype>
<dataTypeSize>15</dataTypeSize>
<ownDataTypeParameters>15,,</ownDataTypeParameters>
<previousColumn>false</previousColumn>
<autoIncrementCycle>false</autoIncrementCycle>
<associations>
<colAssociation fkAssociation="5319DBF2-EA07-F2E1-D190-6B8A304F7946" referredColumn="A38FB4DA-2E7F-9EFF-6A51-782E1A462B5A"/>
</associations>
</Column>
</columns>
<indexes itemClass="oracle.dbtools.crest.model.design.relational.Index">
<ind_PK_UK id="1B73A8E2-DC76-6CE8-0557-810F9876EABD" name="PAGO_PK">
<createdBy>Charchilla</createdBy>
<createdTime>2025-09-13 22:35:11 UTC</createdTime>
<generatorID>D501697C-1534-1F81-47EF-37DB60F115A2</generatorID>
<ownerDesignName>s5</ownerDesignName>
<pk>true</pk>
<indexState>Primary Constraint</indexState>
<isSurrogateKey>false</isSurrogateKey>
<indexColumnUsage>
<colUsage columnID="B47E992F-D792-E49E-0C57-89D8341D2496"/>
</indexColumnUsage>
</ind_PK_UK>
<ind_PK_UK id="5B95031A-2FFD-C3BF-115F-AB23B04287DF" name="PAGO__IDX">
<createdBy>Charchilla</createdBy>
<createdTime>2025-09-13 22:35:11 UTC</createdTime>
<ownerDesignName>s5</ownerDesignName>
<indexState>Unique Plain Index</indexState>
<isSurrogateKey>false</isSurrogateKey>
<relationGeneratorID>8C97DAC0-693F-CC7B-0E53-786C0719184A</relationGeneratorID>
<indexColumnUsage>
<colUsage columnID="B928F7C4-7D44-3E4B-2525-EBE8815D530C"/>
</indexColumnUsage>
</ind_PK_UK>
<ind_PK_UK id="AC21F450-AA71-0009-3C28-E884F8EBDECF" name="PAGO_ATENCION_FK">
<createdBy>Charchilla</createdBy>
<createdTime>2025-09-13 23:08:53 UTC</createdTime>
<generatorID>8C97DAC0-693F-CC7B-0E53-786C0719184A</generatorID>
<ownerDesignName>s5</ownerDesignName>
<indexState>Foreign Key</indexState>
<isSurrogateKey>false</isSurrogateKey>
<indexColumnUsage>
<colUsage columnID="B928F7C4-7D44-3E4B-2525-EBE8815D530C"/>
</indexColumnUsage>
</ind_PK_UK>
</indexes>
</Table>