<?xml version = '1.0' encoding = 'UTF-8'?>
<Table class="oracle.dbtools.crest.model.design.relational.Table" directorySegmentName="seg_0" id="2A6C01F9-235E-09AB-FD30-7F4A06F380FE" name="ATENCION">
<createdBy>Charchilla</createdBy>
<createdTime>2025-09-13 22:35:11 UTC</createdTime>
<generatorID>60B04D7A-77B1-75F4-D3C8-B870E6C1A06C</generatorID>
<ownerDesignName>s5</ownerDesignName>
<allowColumnReorder>false</allowColumnReorder>
<existDependencyGenerateInDDl>true</existDependencyGenerateInDDl>
<parsed>true</parsed>
<columns itemClass="oracle.dbtools.crest.model.design.relational.Column">
<Column name="id_atencion" id="A38FB4DA-2E7F-9EFF-6A51-782E1A462B5A">
<createdBy>Charchilla</createdBy>
<createdTime>2025-09-13 22:35:11 UTC</createdTime>
<generatorID>42164227-6788-2975-14F5-180FC58095C5</generatorID>
<ownerDesignName>s5</ownerDesignName>
<useDomainConstraints>false</useDomainConstraints>
<use>1</use>
<logicalDatatype>LOGDT024</logicalDatatype>
<dataTypeSize>15</dataTypeSize>
<ownDataTypeParameters>15,,</ownDataTypeParameters>
<autoIncrementCycle>false</autoIncrementCycle>
</Column>
<Column name="f_atencion" id="0A09EA6B-ADCC-DDF2-CC31-B8535DFCFE35">
<createdBy>Charchilla</createdBy>
<createdTime>2025-09-13 22:35:11 UTC</createdTime>
<generatorID>6735001E-5A66-FAAC-3693-7CFB69E701FC</generatorID>
<ownerDesignName>s5</ownerDesignName>
<useDomainConstraints>false</useDomainConstraints>
<use>1</use>
<logicalDatatype>LOGDT007</logicalDatatype>
<ownDataTypeParameters>,,</ownDataTypeParameters>
<autoIncrementCycle>false</autoIncrementCycle>
</Column>
<Column name="h_atencion" id="C73D3E02-4839-FEAE-C2DE-B93D014CBDAD">
<createdBy>Charchilla</createdBy>
<createdTime>2025-09-13 22:35:11 UTC</createdTime>
<generatorID>4E1308DD-5653-78FE-B10F-7402A362A18A</generatorID>
<ownerDesignName>s5</ownerDesignName>
<useDomainConstraints>false</useDomainConstraints>
<use>1</use>
<logicalDatatype>LOGDT007</logicalDatatype>
<ownDataTypeParameters>,,</ownDataTypeParameters>
<autoIncrementCycle>false</autoIncrementCycle>
</Column>
<Column name="diagnostico" id="0F1EC1DF-EA56-D3AF-0C8A-B82E2B7D08F3">
<createdBy>Charchilla</createdBy>
<createdTime>2025-09-13 22:35:11 UTC</createdTime>
<generatorID>C9485BFF-5D26-12EF-DE96-8C0D9A7CAF1F</generatorID>
<ownerDesignName>s5</ownerDesignName>
<useDomainConstraints>false</useDomainConstraints>
<use>1</use>
<logicalDatatype>LOGDT024</logicalDatatype>
<dataTypeSize>200</dataTypeSize>
<ownDataTypeParameters>200,,</ownDataTypeParameters>
<autoIncrementCycle>false</autoIncrementCycle>
</Column>
<Column name="T_atencion" id="A192DE37-2594-E833-A9BA-BBFD8007E2F2">
<createdBy>Charchilla</createdBy>
<createdTime>2025-09-13 22:35:11 UTC</createdTime>
<generatorID>248B9E44-0288-F7C1-95EF-858145290020</generatorID>
<ownerDesignName>s5</ownerDesignName>
<constraintName>CK_ATENCION_T_ATENCION</constraintName>
<useDomainConstraints>false</useDomainConstraints>
<use>1</use>
<logicalDatatype>LOGDT024</logicalDatatype>
<dataTypeSize>15</dataTypeSize>
<listOfValues>
<valueDef value="&quot;general&quot;" description=""/>
<valueDef value="&quot;preventiva&quot;" description=""/>
<valueDef value="&quot;urgencia&quot;" description=""/>
</listOfValues>
<ownDataTypeParameters>15,,</ownDataTypeParameters>
<autoIncrementCycle>false</autoIncrementCycle>
</Column>
<Column name="PAGO_id_pago" id="D4E0E3B3-81AF-86D1-7533-E5DB018726D9">
<createdBy>Charchilla</createdBy>
<createdTime>2025-09-13 22:35:11 UTC</createdTime>
<generatorID>20425285-7A99-A16C-B09A-98F170329C83</generatorID>
<ownerDesignName>s5</ownerDesignName>
<useDomainConstraints>false</useDomainConstraints>
<use>1</use>
<logicalDatatype>LOGDT024</logicalDatatype>
<dataTypeSize>15</dataTypeSize>
<ownDataTypeParameters>,,</ownDataTypeParameters>
<previousColumn>false</previousColumn>
<autoIncrementCycle>false</autoIncrementCycle>
<associations>
<colAssociation fkAssociation="3D34A68A-C04E-0E45-604E-4B329ED2DAFF" referredColumn="B47E992F-D792-E49E-0C57-89D8341D2496"/>
</associations>
</Column>
<Column name="MEDICO_rut_medico" id="D624782E-87EE-36E9-2142-96B1679037FD">
<createdBy>Charchilla</createdBy>
<createdTime>2025-09-13 22:35:11 UTC</createdTime>
<generatorID>E980CD4D-09CA-84A5-5865-C7B6D357BB77</generatorID>
<ownerDesignName>s5</ownerDesignName>
<nullsAllowed>true</nullsAllowed>
<useDomainConstraints>false</useDomainConstraints>
<use>1</use>
<logicalDatatype>LOGDT024</logicalDatatype>
<dataTypeSize>15</dataTypeSize>
<ownDataTypeParameters>,,</ownDataTypeParameters>
<previousColumn>false</previousColumn>
<autoIncrementCycle>false</autoIncrementCycle>
<associations>
<colAssociation fkAssociation="2C72A61E-778C-6DA0-2EDB-EA1BC38D768C" referredColumn="0333FD31-ECF1-6392-17FA-E03DAB7A93F9"/>
</associations>
</Column>
<Column name="PACIENTE_PACIENTE_ID" id="22A7CF6B-AC67-2F3F-576A-A47BBCE068BE">
<createdBy>Charchilla</createdBy>
<createdTime>2025-09-13 22:35:11 UTC</createdTime>
<ownerDesignName>s5</ownerDesignName>
<useDomainConstraints>false</useDomainConstraints>
<use>1</use>
<logicalDatatype>LOGDT019</logicalDatatype>
<ownDataTypeParameters>,,</ownDataTypeParameters>
<previousColumn>false</previousColumn>
<autoIncrementCycle>false</autoIncrementCycle>
<associations>
<colAssociation fkAssociation="BA974808-56C8-96D1-DDD7-2A2C9CE49C6C" referredColumn="3BB33068-E51A-F177-6DD0-370D39826C85"/>
</associations>
</Column>
</columns>
<indexes itemClass="oracle.dbtools.crest.model.design.relational.Index">
<ind_PK_UK id="CB57DD71-A55B-8C23-C8F5-3ACFA9FD8CA8" name="ATENCION_PK">
<createdBy>Charchilla</createdBy>
<createdTime>2025-09-13 22:35:11 UTC</createdTime>
<generatorID>EF2CAA5F-160B-401E-8DA8-DBB9401C9535</generatorID>
<ownerDesignName>s5</ownerDesignName>
<pk>true</pk>
<indexState>Primary Constraint</indexState>
<isSurrogateKey>false</isSurrogateKey>
<indexColumnUsage>
<colUsage columnID="A38FB4DA-2E7F-9EFF-6A51-782E1A462B5A"/>
</indexColumnUsage>
</ind_PK_UK>
<ind_PK_UK id="4444F252-EA1B-1E23-1217-3740625B438D" name="ATENCION__IDX">
<createdBy>Charchilla</createdBy>
<createdTime>2025-09-13 22:35:11 UTC</createdTime>
<ownerDesignName>s5</ownerDesignName>
<indexState>Unique Plain Index</indexState>
<isSurrogateKey>false</isSurrogateKey>
<relationGeneratorID>8C97DAC0-693F-CC7B-0E53-786C0719184A</relationGeneratorID>
<indexColumnUsage>
<colUsage columnID="D4E0E3B3-81AF-86D1-7533-E5DB018726D9"/>
</indexColumnUsage>
</ind_PK_UK>
<ind_PK_UK id="934A219E-304D-7475-081D-7027C97C302E" name="ATENCION_PACIENTE_FK">
<createdBy>Charchilla</createdBy>
<createdTime>2025-09-13 22:35:11 UTC</createdTime>
<generatorID>693D0CF9-6C3D-57E2-F568-3EE47F233093</generatorID>
<ownerDesignName>s5</ownerDesignName>
<indexState>Foreign Key</indexState>
<isSurrogateKey>false</isSurrogateKey>
<indexColumnUsage>
<colUsage columnID="22A7CF6B-AC67-2F3F-576A-A47BBCE068BE"/>
</indexColumnUsage>
</ind_PK_UK>
<ind_PK_UK id="F7C4FA7A-E5D0-182D-F3A4-3331304C8E83" name="ATENCION_MEDICO_FK">
<createdBy>Charchilla</createdBy>
<createdTime>2025-09-13 22:35:11 UTC</createdTime>
<generatorID>78AD474E-054F-F582-D286-409E6680C3D2</generatorID>
<ownerDesignName>s5</ownerDesignName>
<indexState>Foreign Key</indexState>
<isSurrogateKey>false</isSurrogateKey>
<indexColumnUsage>
<colUsage columnID="D624782E-87EE-36E9-2142-96B1679037FD"/>
</indexColumnUsage>
</ind_PK_UK>
<ind_PK_UK id="4DDB33B2-591A-567C-F793-BC8742F36CD0" name="ATENCION_PAGO_FK">
<createdBy>Charchilla</createdBy>
<createdTime>2025-09-13 23:08:53 UTC</createdTime>
<generatorID>8C97DAC0-693F-CC7B-0E53-786C0719184A</generatorID>
<ownerDesignName>s5</ownerDesignName>
<indexState>Foreign Key</indexState>
<isSurrogateKey>false</isSurrogateKey>
<indexColumnUsage>
<colUsage columnID="D4E0E3B3-81AF-86D1-7533-E5DB018726D9"/>
</indexColumnUsage>
</ind_PK_UK>
</indexes>
</Table>