<?xml version = '1.0' encoding = 'UTF-8'?>
<Table class="oracle.dbtools.crest.model.design.relational.Table" directorySegmentName="seg_0" id="6C58F6A9-BAF6-1962-BBF4-57248CB8DDE6" name="SALUD">
<createdBy>Charchilla</createdBy>
<createdTime>2025-09-13 22:35:11 UTC</createdTime>
<generatorID>187A08A7-7944-D6E8-1DEF-52F0BEE99E15</generatorID>
<ownerDesignName>s5</ownerDesignName>
<allowColumnReorder>false</allowColumnReorder>
<existDependencyGenerateInDDl>true</existDependencyGenerateInDDl>
<parsed>true</parsed>
<columns itemClass="oracle.dbtools.crest.model.design.relational.Column">
<Column name="id_salud" id="1CD2AAD7-3A69-60BC-6FF0-DE1F9A3F39F6">
<createdBy>Charchilla</createdBy>
<createdTime>2025-09-13 22:35:11 UTC</createdTime>
<generatorID>03F280A4-D5E3-DB96-01D3-A063ECD9BD31</generatorID>
<ownerDesignName>s5</ownerDesignName>
<useDomainConstraints>false</useDomainConstraints>
<use>1</use>
<logicalDatatype>LOGDT024</logicalDatatype>
<dataTypeSize>3</dataTypeSize>
<ownDataTypeParameters>3,,</ownDataTypeParameters>
<autoIncrementCycle>false</autoIncrementCycle>
</Column>
<Column name="t_salud" id="D9B07C05-DA14-CA58-30B4-23146039EDF1">
<createdBy>Charchilla</createdBy>
<createdTime>2025-09-13 22:35:11 UTC</createdTime>
<generatorID>4E876A3B-852E-D1DD-242C-3FA9FF833168</generatorID>
<ownerDesignName>s5</ownerDesignName>
<useDomainConstraints>false</useDomainConstraints>
<use>1</use>
<logicalDatatype>LOGDT024</logicalDatatype>
<dataTypeSize>6</dataTypeSize>
<ownDataTypeParameters>6,,</ownDataTypeParameters>
<autoIncrementCycle>false</autoIncrementCycle>
</Column>
</columns>
<indexes itemClass="oracle.dbtools.crest.model.design.relational.Index">
<ind_PK_UK id="7070574B-72D7-E8EF-E24F-02C0ECFEF45C" name="SALUD_PK">
<createdBy>Charchilla</createdBy>
<createdTime>2025-09-13 22:35:11 UTC</createdTime>
<generatorID>E01857E4-14B2-AB65-144D-FA226299889D</generatorID>
<ownerDesignName>s5</ownerDesignName>
<pk>true</pk>
<indexState>Primary Constraint</indexState>
<isSurrogateKey>false</isSurrogateKey>
<indexColumnUsage>
<colUsage columnID="1CD2AAD7-3A69-60BC-6FF0-DE1F9A3F39F6"/>
</indexColumnUsage>
</ind_PK_UK>
</indexes>
</Table>