<?xml version = '1.0' encoding = 'UTF-8'?>
<Table class="oracle.dbtools.crest.model.design.relational.Table" directorySegmentName="seg_0" id="8E880E5E-4AF2-BE63-8968-374A2A64B2C7" name="REGION">
<createdBy>Charchilla</createdBy>
<createdTime>2025-09-13 22:35:11 UTC</createdTime>
<generatorID>395DC5EB-7AA4-8C70-A12E-60CFD2208D6F</generatorID>
<ownerDesignName>s5</ownerDesignName>
<allowColumnReorder>false</allowColumnReorder>
<existDependencyGenerateInDDl>true</existDependencyGenerateInDDl>
<parsed>true</parsed>
<columns itemClass="oracle.dbtools.crest.model.design.relational.Column">
<Column name="id_region" id="A345CDFF-8749-BC3E-D205-C1B3D6D74FD2">
<createdBy>Charchilla</createdBy>
<createdTime>2025-09-13 22:35:11 UTC</createdTime>
<generatorID>02C1E839-B079-8471-4C0A-A8E8D8FF9B6C</generatorID>
<ownerDesignName>s5</ownerDesignName>
<useDomainConstraints>false</useDomainConstraints>
<use>1</use>
<logicalDatatype>LOGDT024</logicalDatatype>
<dataTypeSize>3</dataTypeSize>
<ownDataTypeParameters>3,,</ownDataTypeParameters>
<autoIncrementCycle>false</autoIncrementCycle>
</Column>
<Column name="nombre" id="9257E865-B5B7-33FE-2D39-9AA5A96168E2">
<createdBy>Charchilla</createdBy>
<createdTime>2025-09-13 22:35:11 UTC</createdTime>
<generatorID>F95FE127-773D-80BD-2CB0-653D2C6E6065</generatorID>
<ownerDesignName>s5</ownerDesignName>
<useDomainConstraints>false</useDomainConstraints>
<use>1</use>
<logicalDatatype>LOGDT024</logicalDatatype>
<dataTypeSize>100</dataTypeSize>
<ownDataTypeParameters>100,,</ownDataTypeParameters>
<autoIncrementCycle>false</autoIncrementCycle>
</Column>
</columns>
<indexes itemClass="oracle.dbtools.crest.model.design.relational.Index">
<ind_PK_UK id="221FB880-3AB8-9897-9481-61BAE3439DD2" name="REGION_PK">
<createdBy>Charchilla</createdBy>
<createdTime>2025-09-13 22:35:11 UTC</createdTime>
<generatorID>340F94BB-5362-E920-AF47-A857FCF6D050</generatorID>
<ownerDesignName>s5</ownerDesignName>
<pk>true</pk>
<indexState>Primary Constraint</indexState>
<isSurrogateKey>false</isSurrogateKey>
<indexColumnUsage>
<colUsage columnID="A345CDFF-8749-BC3E-D205-C1B3D6D74FD2"/>
</indexColumnUsage>
</ind_PK_UK>
</indexes>
</Table>