<?xml version = '1.0' encoding = 'UTF-8'?>
<Table class="oracle.dbtools.crest.model.design.relational.Table" directorySegmentName="seg_0" id="AC30B5E5-6811-95E9-DE86-15AE122CB0C1" name="SOLICITUD_EXAMEN">
<createdBy>Charchilla</createdBy>
<createdTime>2025-09-13 22:35:11 UTC</createdTime>
<generatorID>89AD314F-B89B-766A-6397-EE2215BB0280</generatorID>
<ownerDesignName>s5</ownerDesignName>
<allowColumnReorder>false</allowColumnReorder>
<existDependencyGenerateInDDl>true</existDependencyGenerateInDDl>
<parsed>true</parsed>
<columns itemClass="oracle.dbtools.crest.model.design.relational.Column">
<Column name="id_solicitud" id="E63886E1-52E4-EB5C-A979-8EB035ECEC65">
<createdBy>Charchilla</createdBy>
<createdTime>2025-09-13 22:35:11 UTC</createdTime>
<generatorID>5235DD00-F7CA-8EDC-6828-907AB38F6F5E</generatorID>
<ownerDesignName>s5</ownerDesignName>
<useDomainConstraints>false</useDomainConstraints>
<use>1</use>
<logicalDatatype>LOGDT024</logicalDatatype>
<dataTypeSize>15</dataTypeSize>
<ownDataTypeParameters>15,,</ownDataTypeParameters>
<autoIncrementCycle>false</autoIncrementCycle>
</Column>
<Column name="ATENCION_id_atencion" id="A6EAB289-EE27-2A2E-1A61-0E45E1C82F23">
<createdBy>Charchilla</createdBy>
<createdTime>2025-09-13 22:35:11 UTC</createdTime>
<generatorID>6EAE471B-3E23-7D32-FC22-916F423FB1D1</generatorID>
<ownerDesignName>s5</ownerDesignName>
<nullsAllowed>true</nullsAllowed>
<useDomainConstraints>false</useDomainConstraints>
<use>1</use>
<logicalDatatype>LOGDT024</logicalDatatype>
<dataTypeSize>15</dataTypeSize>
<ownDataTypeParameters>,,</ownDataTypeParameters>
<previousColumn>false</previousColumn>
<autoIncrementCycle>false</autoIncrementCycle>
<associations>
<colAssociation fkAssociation="7905FC1C-EC19-CC71-3E77-6874517E1E6F" referredColumn="A38FB4DA-2E7F-9EFF-6A51-782E1A462B5A"/>
</associations>
</Column>
<Column name="EXAMEN_LABORATORIO_id_examen" id="80703745-E1C7-4DEC-BF0E-C12AB23C5E55">
<createdBy>Charchilla</createdBy>
<createdTime>2025-09-13 22:35:11 UTC</createdTime>
<generatorID>83F68F9A-B4E7-4D11-D336-049C75DF3B49</generatorID>
<ownerDesignName>s5</ownerDesignName>
<useDomainConstraints>false</useDomainConstraints>
<use>1</use>
<logicalDatatype>LOGDT024</logicalDatatype>
<dataTypeSize>15</dataTypeSize>
<ownDataTypeParameters>,,</ownDataTypeParameters>
<previousColumn>false</previousColumn>
<autoIncrementCycle>false</autoIncrementCycle>
<associations>
<colAssociation fkAssociation="9D669920-F44B-7C56-1483-2034541254CC" referredColumn="9C800CA9-CAE6-F560-418D-F9AD7C64C354"/>
</associations>
</Column>
</columns>
<indexes itemClass="oracle.dbtools.crest.model.design.relational.Index">
<ind_PK_UK id="D6F2F32C-92A3-7CC3-8537-E67A246C2009" name="SOLICITUD_EXAMEN_PK">
<createdBy>Charchilla</createdBy>
<createdTime>2025-09-13 22:35:11 UTC</createdTime>
<generatorID>2339CFD3-96E3-E1EC-D2B9-796CCD6FDEF4</generatorID>
<ownerDesignName>s5</ownerDesignName>
<pk>true</pk>
<indexState>Primary Constraint</indexState>
<isSurrogateKey>false</isSurrogateKey>
<indexColumnUsage>
<colUsage columnID="E63886E1-52E4-EB5C-A979-8EB035ECEC65"/>
</indexColumnUsage>
</ind_PK_UK>
<ind_PK_UK id="83A42B43-1BB2-8E63-F629-598A0F2187C9" name="SOL_EX_ATEN_FK">
<createdBy>Charchilla</createdBy>
<createdTime>2025-09-13 22:35:11 UTC</createdTime>
<generatorID>91692195-3A88-2642-B5E1-6E4FC505F468</generatorID>
<ownerDesignName>s5</ownerDesignName>
<indexState>Foreign Key</indexState>
<isSurrogateKey>false</isSurrogateKey>
<indexColumnUsage>
<colUsage columnID="A6EAB289-EE27-2A2E-1A61-0E45E1C82F23"/>
</indexColumnUsage>
</ind_PK_UK>
<ind_PK_UK id="06F04AB5-60E7-38DB-0F81-87FD3C14F52D" name="SOL_EX_EXAm_LABORATORIO_FK">
<createdBy>Charchilla</createdBy>
<createdTime>2025-09-13 22:35:11 UTC</createdTime>
<generatorID>21BB4117-0F03-248E-0380-54CF6353CA2D</generatorID>
<ownerDesignName>s5</ownerDesignName>
<indexState>Foreign Key</indexState>
<isSurrogateKey>false</isSurrogateKey>
<indexColumnUsage>
<colUsage columnID="80703745-E1C7-4DEC-BF0E-C12AB23C5E55"/>
</indexColumnUsage>
</ind_PK_UK>
</indexes>
</Table>