<?xml version = '1.0' encoding = 'UTF-8'?>
<Table class="oracle.dbtools.crest.model.design.relational.Table" directorySegmentName="seg_0" id="C4DCFCC9-A146-57DA-253B-17440F884DCA" name="MEDICO">
<createdBy>Charchilla</createdBy>
<createdTime>2025-09-13 22:35:11 UTC</createdTime>
<generatorID>425BB02B-BCB3-30A8-3A47-918930DE9116</generatorID>
<ownerDesignName>s5</ownerDesignName>
<allowColumnReorder>false</allowColumnReorder>
<existDependencyGenerateInDDl>true</existDependencyGenerateInDDl>
<parsed>true</parsed>
<columns itemClass="oracle.dbtools.crest.model.design.relational.Column">
<Column name="rut_medico" id="0333FD31-ECF1-6392-17FA-E03DAB7A93F9">
<createdBy>Charchilla</createdBy>
<createdTime>2025-09-13 22:35:11 UTC</createdTime>
<generatorID>0716E1D7-326E-F712-A93D-1C1E26B84C8B</generatorID>
<ownerDesignName>s5</ownerDesignName>
<useDomainConstraints>false</useDomainConstraints>
<use>1</use>
<logicalDatatype>LOGDT024</logicalDatatype>
<dataTypeSize>15</dataTypeSize>
<ownDataTypeParameters>15,,</ownDataTypeParameters>
<autoIncrementCycle>false</autoIncrementCycle>
</Column>
<Column name="nombre" id="A05BD72C-C233-D253-9384-F185568CE47C">
<createdBy>Charchilla</createdBy>
<createdTime>2025-09-13 22:35:11 UTC</createdTime>
<generatorID>1A653BC1-F9C2-5D37-A559-44E9A136431E</generatorID>
<ownerDesignName>s5</ownerDesignName>
<useDomainConstraints>false</useDomainConstraints>
<use>1</use>
<logicalDatatype>LOGDT024</logicalDatatype>
<dataTypeSize>100</dataTypeSize>
<ownDataTypeParameters>100,,</ownDataTypeParameters>
<autoIncrementCycle>false</autoIncrementCycle>
</Column>
<Column name="f_ingreso" id="178C3B42-CF7E-3914-B1B4-7501AA8DB63F">
<createdBy>Charchilla</createdBy>
<createdTime>2025-09-13 22:35:11 UTC</createdTime>
<generatorID>09A7034E-A2F3-9BC9-4F73-3C88445705F9</generatorID>
<ownerDesignName>s5</ownerDesignName>
<useDomainConstraints>false</useDomainConstraints>
<use>1</use>
<logicalDatatype>LOGDT007</logicalDatatype>
<ownDataTypeParameters>,,</ownDataTypeParameters>
<autoIncrementCycle>false</autoIncrementCycle>
</Column>
<Column name="unidad" id="801E5DEC-C12D-59D1-6CA6-457A0B8B8790">
<createdBy>Charchilla</createdBy>
<createdTime>2025-09-13 22:35:11 UTC</createdTime>
<generatorID>36C8A1FA-49C4-57E4-BC04-E064604CFFED</generatorID>
<ownerDesignName>s5</ownerDesignName>
<useDomainConstraints>false</useDomainConstraints>
<use>1</use>
<logicalDatatype>LOGDT024</logicalDatatype>
<dataTypeSize>20</dataTypeSize>
<ownDataTypeParameters>20,,</ownDataTypeParameters>
<autoIncrementCycle>false</autoIncrementCycle>
</Column>
<Column name="id_supervisor" id="97907185-71D1-A0E5-C9BD-3A200E49D318">
<createdBy>Charchilla</createdBy>
<createdTime>2025-09-13 22:35:11 UTC</createdTime>
<generatorID>A7B25D07-54BE-950E-DF6A-2E84D3B51F5C</generatorID>
<ownerDesignName>s5</ownerDesignName>
<nullsAllowed>true</nullsAllowed>
<useDomainConstraints>false</useDomainConstraints>
<use>1</use>
<logicalDatatype>LOGDT024</logicalDatatype>
<dataTypeSize>15</dataTypeSize>
<ownDataTypeParameters>15,,</ownDataTypeParameters>
<autoIncrementCycle>false</autoIncrementCycle>
</Column>
<Column name="ESPECIALIDAD_id_especialidad" id="40F67C53-7D7E-5AED-F06F-D65084CBA188">
<createdBy>Charchilla</createdBy>
<createdTime>2025-09-13 22:35:11 UTC</createdTime>
<generatorID>283A8464-AD30-0CB7-8BD8-18B063786D2F</generatorID>
<ownerDesignName>s5</ownerDesignName>
<useDomainConstraints>false</useDomainConstraints>
<use>1</use>
<logicalDatatype>LOGDT024</logicalDatatype>
<dataTypeSize>3</dataTypeSize>
<ownDataTypeParameters>,,</ownDataTypeParameters>
<previousColumn>false</previousColumn>
<autoIncrementCycle>false</autoIncrementCycle>
<associations>
<colAssociation fkAssociation="A90024AC-F20D-933B-61F0-C17E34703578" referredColumn="80424D35-EAAA-5510-0AF8-C17A8BCC568D"/>
</associations>
</Column>
<Column name="AFP_id_afp" id="69774079-3529-3257-4449-96B05E4CE4D9">
<createdBy>Charchilla</createdBy>
<createdTime>2025-09-13 22:35:11 UTC</createdTime>
<generatorID>FFC03B8A-0A9B-09C8-D9DD-52D3760AD0D1</generatorID>
<ownerDesignName>s5</ownerDesignName>
<useDomainConstraints>false</useDomainConstraints>
<use>1</use>
<logicalDatatype>LOGDT024</logicalDatatype>
<dataTypeSize>3</dataTypeSize>
<ownDataTypeParameters>,,</ownDataTypeParameters>
<previousColumn>false</previousColumn>
<autoIncrementCycle>false</autoIncrementCycle>
<associations>
<colAssociation fkAssociation="56EDF3F8-B590-B75A-B328-7173F6A5EBCF" referredColumn="2D8791F7-971D-2E9C-62B8-0A9D2D6F613D"/>
</associations>
</Column>
<Column name="SALUD_id_salud" id="2BF880D4-C611-1EB4-D09E-CCB41E4CDFC1">
<createdBy>Charchilla</createdBy>
<createdTime>2025-09-13 22:35:11 UTC</createdTime>
<generatorID>12647A73-921B-5B02-774E-10F1F01B6C65</generatorID>
<ownerDesignName>s5</ownerDesignName>
<useDomainConstraints>false</useDomainConstraints>
<use>1</use>
<logicalDatatype>LOGDT024</logicalDatatype>
<dataTypeSize>3</dataTypeSize>
<ownDataTypeParameters>,,</ownDataTypeParameters>
<previousColumn>false</previousColumn>
<autoIncrementCycle>false</autoIncrementCycle>
<associations>
<colAssociation fkAssociation="3C819EE1-C45A-108D-6268-48E9EEBF1641" referredColumn="1CD2AAD7-3A69-60BC-6FF0-DE1F9A3F39F6"/>
</associations>
</Column>
<Column name="MEDICO_rut_medico" id="D261CA0F-B8C9-238E-D146-4F4D4EB9E1D5">
<createdBy>Charchilla</createdBy>
<createdTime>2025-09-13 22:35:11 UTC</createdTime>
<generatorID>A2EFDC2D-A9DC-AE5F-9C85-EED09DF5AB4B</generatorID>
<ownerDesignName>s5</ownerDesignName>
<nullsAllowed>true</nullsAllowed>
<useDomainConstraints>false</useDomainConstraints>
<use>1</use>
<logicalDatatype>LOGDT024</logicalDatatype>
<dataTypeSize>15</dataTypeSize>
<ownDataTypeParameters>,,</ownDataTypeParameters>
<previousColumn>false</previousColumn>
<autoIncrementCycle>false</autoIncrementCycle>
<associations>
<colAssociation fkAssociation="25E35FE0-5D5E-00D2-D2A8-4BB10C1CD961" referredColumn="0333FD31-ECF1-6392-17FA-E03DAB7A93F9"/>
</associations>
</Column>
</columns>
<indexes itemClass="oracle.dbtools.crest.model.design.relational.Index">
<ind_PK_UK id="E1D93D34-F844-841B-799F-6B2BB8344BCC" name="MEDICO_PK">
<createdBy>Charchilla</createdBy>
<createdTime>2025-09-13 22:35:11 UTC</createdTime>
<generatorID>91EFDE7D-B68D-3FDA-EE55-D3E383D8C784</generatorID>
<ownerDesignName>s5</ownerDesignName>
<pk>true</pk>
<indexState>Primary Constraint</indexState>
<isSurrogateKey>false</isSurrogateKey>
<indexColumnUsage>
<colUsage columnID="0333FD31-ECF1-6392-17FA-E03DAB7A93F9"/>
</indexColumnUsage>
</ind_PK_UK>
<ind_PK_UK id="79938D7A-B884-E90C-BAEC-4DB7314493B2" name="MEDICO_MEDICO_FK">
<createdBy>Charchilla</createdBy>
<createdTime>2025-09-13 22:35:11 UTC</createdTime>
<generatorID>94A2DC96-B322-1AF9-60B1-32A04D27B534</generatorID>
<ownerDesignName>s5</ownerDesignName>
<indexState>Foreign Key</indexState>
<isSurrogateKey>false</isSurrogateKey>
<indexColumnUsage>
<colUsage columnID="D261CA0F-B8C9-238E-D146-4F4D4EB9E1D5"/>
</indexColumnUsage>
</ind_PK_UK>
<ind_PK_UK id="303DB592-8CAD-0DCB-0C9D-8BA819E78A77" name="MEDICO_ESPECIALIDAD_FK">
<createdBy>Charchilla</createdBy>
<createdTime>2025-09-13 22:35:11 UTC</createdTime>
<generatorID>5A365543-1329-3504-F54C-AF8079D947AF</generatorID>
<ownerDesignName>s5</ownerDesignName>
<indexState>Foreign Key</indexState>
<isSurrogateKey>false</isSurrogateKey>
<indexColumnUsage>
<colUsage columnID="40F67C53-7D7E-5AED-F06F-D65084CBA188"/>
</indexColumnUsage>
</ind_PK_UK>
<ind_PK_UK id="93E201DA-11B8-79BE-566D-7828F45E5A15" name="MEDICO_AFP_FK">
<createdBy>Charchilla</createdBy>
<createdTime>2025-09-13 22:35:11 UTC</createdTime>
<generatorID>7C9DBEEA-D5D3-677F-0B3C-D85A6BD74532</generatorID>
<ownerDesignName>s5</ownerDesignName>
<indexState>Foreign Key</indexState>
<isSurrogateKey>false</isSurrogateKey>
<indexColumnUsage>
<colUsage columnID="69774079-3529-3257-4449-96B05E4CE4D9"/>
</indexColumnUsage>
</ind_PK_UK>
<ind_PK_UK id="76995305-288C-A160-D190-55E9BD8766E1" name="MEDICO_SALUD_FK">
<createdBy>Charchilla</createdBy>
<createdTime>2025-09-13 22:35:11 UTC</createdTime>
<generatorID>512B7F3A-B3E6-C08F-5AC8-7D2E2475B2E1</generatorID>
<ownerDesignName>s5</ownerDesignName>
<indexState>Foreign Key</indexState>
<isSurrogateKey>false</isSurrogateKey>
<indexColumnUsage>
<colUsage columnID="2BF880D4-C611-1EB4-D09E-CCB41E4CDFC1"/>
</indexColumnUsage>
</ind_PK_UK>
</indexes>
</Table>