<?xml version = '1.0' encoding = 'UTF-8'?>
<Relation class="oracle.dbtools.crest.model.design.logical.InheritanceRelation" name="Hierarchy_1" directorySegmentName="seg_0" id="3318397D-2966-0ABA-1AB5-53AE1E0CD8B8">
<createdBy>Charchilla</createdBy>
<createdTime>2025-10-11 16:39:09 UTC</createdTime>
<ownerDesignName>WORK-S9</ownerDesignName>
<engineerTo>
<item key="503E1AB4-5499-72FA-10D3-22D1D045D6EF" value="true"/>
</engineerTo>
<identifying>false</identifying>
<nameOnSource>Super Type</nameOnSource>
<nameOnTarget>Sub Type</nameOnTarget>
<optionalSource>true</optionalSource>
<optionalTarget>true</optionalTarget>
<sourceEntity>47811FA1-E382-8EA9-3EE7-C248DE56B23B</sourceEntity>
<targetEntity>25FC76E3-4259-33C4-37EF-69C4AF0B8A4A</targetEntity>
<transferable>true</transferable>
<deleteRule>NO ACTION</deleteRule>
</Relation>