<?xml version = '1.0' encoding = 'UTF-8'?>
<Table class="oracle.dbtools.crest.model.design.relational.Table" directorySegmentName="seg_0" id="15B0AB7E-6D17-FAC5-3E35-4D425186A257" name="RESERVA_VUELO">
<createdBy>Charchilla</createdBy>
<createdTime>2025-08-23 23:45:57 UTC</createdTime>
<generatorID>E567BA8F-2C2D-658B-6CB7-667F1E2B45BF</generatorID>
<ownerDesignName>s2</ownerDesignName>
<allowColumnReorder>false</allowColumnReorder>
<existDependencyGenerateInDDl>true</existDependencyGenerateInDDl>
<parsed>true</parsed>
<columns itemClass="oracle.dbtools.crest.model.design.relational.Column">
<Column name="n_reserva" id="49434484-CA5B-7444-DCBD-08BB769B83B2">
<createdBy>Charchilla</createdBy>
<createdTime>2025-08-23 23:45:57 UTC</createdTime>
<generatorID>609800E3-5E30-777C-8DC3-9D8439FB9146</generatorID>
<ownerDesignName>s2</ownerDesignName>
<useDomainConstraints>false</useDomainConstraints>
<use>1</use>
<logicalDatatype>LOGDT024</logicalDatatype>
<ownDataTypeParameters>,,</ownDataTypeParameters>
<autoIncrementCycle>false</autoIncrementCycle>
</Column>
<Column name="f_reserva" id="3D77DE32-4219-9447-BA93-48864420CD8E">
<createdBy>Charchilla</createdBy>
<createdTime>2025-08-23 23:45:57 UTC</createdTime>
<generatorID>7A2D2BC0-23B5-DEC1-B7F0-7EDF6D028E18</generatorID>
<ownerDesignName>s2</ownerDesignName>
<useDomainConstraints>false</useDomainConstraints>
<use>1</use>
<logicalDatatype>LOGDT007</logicalDatatype>
<ownDataTypeParameters>,,</ownDataTypeParameters>
<autoIncrementCycle>false</autoIncrementCycle>
</Column>
<Column name="f_viaje" id="11BFE7ED-C41F-106F-FBA9-D8AC625C9DE8">
<createdBy>Charchilla</createdBy>
<createdTime>2025-08-23 23:45:57 UTC</createdTime>
<generatorID>461C413A-34F1-96A8-CD41-27119AF584AC</generatorID>
<ownerDesignName>s2</ownerDesignName>
<useDomainConstraints>false</useDomainConstraints>
<use>1</use>
<logicalDatatype>LOGDT007</logicalDatatype>
<ownDataTypeParameters>,,</ownDataTypeParameters>
<autoIncrementCycle>false</autoIncrementCycle>
</Column>
<Column name="estado" id="CC3348A3-E9A4-0610-19D0-D70A1EDA37DF">
<createdBy>Charchilla</createdBy>
<createdTime>2025-08-23 23:45:57 UTC</createdTime>
<generatorID>4315F1CA-D17C-6A14-2712-039F3E55BC3B</generatorID>
<ownerDesignName>s2</ownerDesignName>
<useDomainConstraints>false</useDomainConstraints>
<use>1</use>
<logicalDatatype>LOGDT024</logicalDatatype>
<ownDataTypeParameters>,,</ownDataTypeParameters>
<autoIncrementCycle>false</autoIncrementCycle>
</Column>
<Column name="PASAJERO_n_id" id="EB3DE9F5-FB6C-67CF-3DB1-3B2A26B96C30">
<createdBy>Charchilla</createdBy>
<createdTime>2025-08-23 23:45:57 UTC</createdTime>
<generatorID>28B0E760-B553-36B8-9024-9353B5AD67D4</generatorID>
<ownerDesignName>s2</ownerDesignName>
<useDomainConstraints>false</useDomainConstraints>
<use>1</use>
<logicalDatatype>LOGDT024</logicalDatatype>
<ownDataTypeParameters>,,</ownDataTypeParameters>
<previousColumn>false</previousColumn>
<autoIncrementCycle>false</autoIncrementCycle>
<associations>
<colAssociation fkAssociation="FCD0E8DE-6A87-68A9-AB03-2A3BA3873DBD" referredColumn="CFF85241-F34B-243F-7436-5E32CC0A1B54"/>
</associations>
</Column>
<Column name="VUELO_n_vuelo" id="07464FF5-BBD1-1842-0F4C-B9803179B108">
<createdBy>Charchilla</createdBy>
<createdTime>2025-08-23 23:45:57 UTC</createdTime>
<generatorID>E189D38B-10F5-0C92-056C-5FA97C93B40F</generatorID>
<ownerDesignName>s2</ownerDesignName>
<useDomainConstraints>false</useDomainConstraints>
<use>1</use>
<logicalDatatype>LOGDT024</logicalDatatype>
<ownDataTypeParameters>,,</ownDataTypeParameters>
<previousColumn>false</previousColumn>
<autoIncrementCycle>false</autoIncrementCycle>
<associations>
<colAssociation fkAssociation="33708A77-D4D2-45BA-1675-23C3DFA77CBE" referredColumn="F309C1AC-F174-3298-96BA-75B498B1297B"/>
</associations>
</Column>
</columns>
<indexes itemClass="oracle.dbtools.crest.model.design.relational.Index">
<ind_PK_UK id="1CD7A6EE-82AC-9140-E58F-12D54C63EB3C" name="RESERVA_VUELO_PK">
<createdBy>Charchilla</createdBy>
<createdTime>2025-08-23 23:45:57 UTC</createdTime>
<generatorID>58AD4EA2-7FE8-8E40-5D7C-BD47E74D09C1</generatorID>
<ownerDesignName>s2</ownerDesignName>
<pk>true</pk>
<indexState>Primary Constraint</indexState>
<isSurrogateKey>false</isSurrogateKey>
<indexColumnUsage>
<colUsage columnID="49434484-CA5B-7444-DCBD-08BB769B83B2"/>
</indexColumnUsage>
</ind_PK_UK>
<ind_PK_UK id="2CD7F436-06CD-705E-3012-484E33657A2E" name="RESERVA_VUELO_PASAJERO_FK">
<createdBy>Charchilla</createdBy>
<createdTime>2025-08-23 23:45:57 UTC</createdTime>
<generatorID>D9550050-E096-FE08-ED91-D5178AC705F4</generatorID>
<ownerDesignName>s2</ownerDesignName>
<indexState>Foreign Key</indexState>
<isSurrogateKey>false</isSurrogateKey>
<indexColumnUsage>
<colUsage columnID="EB3DE9F5-FB6C-67CF-3DB1-3B2A26B96C30"/>
</indexColumnUsage>
</ind_PK_UK>
<ind_PK_UK id="B4F9F369-D9FF-AF56-15A9-D3886CF7C6C7" name="RESERVA_VUELO_VUELO_FK">
<createdBy>Charchilla</createdBy>
<createdTime>2025-08-23 23:45:57 UTC</createdTime>
<generatorID>4C536C23-1B1A-A78A-690E-55623585CA34</generatorID>
<ownerDesignName>s2</ownerDesignName>
<indexState>Foreign Key</indexState>
<isSurrogateKey>false</isSurrogateKey>
<indexColumnUsage>
<colUsage columnID="07464FF5-BBD1-1842-0F4C-B9803179B108"/>
</indexColumnUsage>
</ind_PK_UK>
</indexes>
</Table>