<?xml version = '1.0' encoding = 'UTF-8'?>
<Table class="oracle.dbtools.crest.model.design.relational.Table" directorySegmentName="seg_0" id="4259650B-2EB2-8F0A-CB47-DD4FFFF92BB6" name="PILOTO">
<createdBy>Charchilla</createdBy>
<createdTime>2025-08-23 23:45:57 UTC</createdTime>
<generatorID>CDBEAE1C-52F3-6002-8285-1D2EDACA0B5B</generatorID>
<ownerDesignName>s2</ownerDesignName>
<allowColumnReorder>false</allowColumnReorder>
<existDependencyGenerateInDDl>true</existDependencyGenerateInDDl>
<parsed>true</parsed>
<columns itemClass="oracle.dbtools.crest.model.design.relational.Column">
<Column name="id_rut" id="AA11A330-BF34-8215-FA9F-8F40D5211C20">
<createdBy>Charchilla</createdBy>
<createdTime>2025-08-23 23:45:57 UTC</createdTime>
<generatorID>3DACAD23-758A-8475-348E-490CF765CF6D</generatorID>
<ownerDesignName>s2</ownerDesignName>
<useDomainConstraints>false</useDomainConstraints>
<use>1</use>
<logicalDatatype>LOGDT024</logicalDatatype>
<ownDataTypeParameters>,,</ownDataTypeParameters>
<autoIncrementCycle>false</autoIncrementCycle>
<associations>
<colAssociation fkAssociation="A87F36B1-956D-1358-126E-24260319E60B" referredColumn="5FB48CBD-410D-B4E7-AF4D-102FD7B50719"/>
</associations>
</Column>
<Column name="cant_hora_vuelo" id="273EF2AC-72A5-BB10-1905-B7EAB7EE3100">
<createdBy>Charchilla</createdBy>
<createdTime>2025-08-23 23:45:57 UTC</createdTime>
<generatorID>861C4C10-B705-BCB1-CE94-7541DA0477DA</generatorID>
<ownerDesignName>s2</ownerDesignName>
<useDomainConstraints>false</useDomainConstraints>
<use>1</use>
<logicalDatatype>LOGDT024</logicalDatatype>
<ownDataTypeParameters>,,</ownDataTypeParameters>
<autoIncrementCycle>false</autoIncrementCycle>
</Column>
<Column name="afp" id="09BEA117-7280-6CCD-C14A-9DADBDEC0C03">
<createdBy>Charchilla</createdBy>
<createdTime>2025-08-23 23:45:57 UTC</createdTime>
<generatorID>773DFE9E-1D07-3DB4-0AE2-BB6153CA90FF</generatorID>
<ownerDesignName>s2</ownerDesignName>
<useDomainConstraints>false</useDomainConstraints>
<use>1</use>
<logicalDatatype>LOGDT024</logicalDatatype>
<ownDataTypeParameters>,,</ownDataTypeParameters>
<autoIncrementCycle>false</autoIncrementCycle>
</Column>
</columns>
<indexes itemClass="oracle.dbtools.crest.model.design.relational.Index">
<ind_PK_UK id="32726545-E4D6-E78C-832F-DB09A467557D" name="PILOTO_PK">
<createdBy>Charchilla</createdBy>
<createdTime>2025-08-23 23:45:57 UTC</createdTime>
<generatorID>3B362AF4-5DE2-50CF-59E5-25A96C3F0B47</generatorID>
<ownerDesignName>s2</ownerDesignName>
<pk>true</pk>
<indexState>Primary Constraint</indexState>
<isSurrogateKey>false</isSurrogateKey>
<indexColumnUsage>
<colUsage columnID="AA11A330-BF34-8215-FA9F-8F40D5211C20"/>
</indexColumnUsage>
</ind_PK_UK>
<ind_PK_UK id="DAA01359-5FBB-321A-C6E2-59EDC69F13C6" name="PILOTO_EMPLEADO_FK">
<createdBy>Charchilla</createdBy>
<createdTime>2025-08-23 23:45:57 UTC</createdTime>
<generatorID>F2569A78-AE63-4F52-1A79-76F28633FAD1</generatorID>
<ownerDesignName>s2</ownerDesignName>
<indexState>Foreign Key</indexState>
<isSurrogateKey>false</isSurrogateKey>
<indexColumnUsage>
<colUsage columnID="AA11A330-BF34-8215-FA9F-8F40D5211C20"/>
</indexColumnUsage>
</ind_PK_UK>
</indexes>
</Table>