<?xml version = '1.0' encoding = 'UTF-8'?>
<Table class="oracle.dbtools.crest.model.design.relational.Table" directorySegmentName="seg_0" id="78247EDB-8B08-15B9-BE85-E2DD63D63708" name="ADMINISTRATIVO">
<createdBy>Charchilla</createdBy>
<createdTime>2025-08-23 23:45:57 UTC</createdTime>
<generatorID>3CBFFA56-569B-56EB-F286-E91002A4B0C9</generatorID>
<ownerDesignName>s2</ownerDesignName>
<allowColumnReorder>false</allowColumnReorder>
<existDependencyGenerateInDDl>true</existDependencyGenerateInDDl>
<parsed>true</parsed>
<columns itemClass="oracle.dbtools.crest.model.design.relational.Column">
<Column name="id_rut" id="1EC211A4-F2A6-1D9E-A6F7-0013EFB5E8C0">
<createdBy>Charchilla</createdBy>
<createdTime>2025-08-23 23:45:57 UTC</createdTime>
<generatorID>3DACAD23-758A-8475-348E-490CF765CF6D</generatorID>
<ownerDesignName>s2</ownerDesignName>
<useDomainConstraints>false</useDomainConstraints>
<use>1</use>
<logicalDatatype>LOGDT024</logicalDatatype>
<ownDataTypeParameters>,,</ownDataTypeParameters>
<autoIncrementCycle>false</autoIncrementCycle>
<associations>
<colAssociation fkAssociation="E884CE00-385A-E3D3-E479-EC4140937E9F" referredColumn="5FB48CBD-410D-B4E7-AF4D-102FD7B50719"/>
</associations>
</Column>
<Column name="cant_hora_extra" id="5C035ECA-0C97-C9BD-B094-EBFB3E7382E2">
<createdBy>Charchilla</createdBy>
<createdTime>2025-08-23 23:45:57 UTC</createdTime>
<generatorID>DAF92358-5FD0-4D48-9312-D19B21F1007A</generatorID>
<ownerDesignName>s2</ownerDesignName>
<useDomainConstraints>false</useDomainConstraints>
<use>1</use>
<logicalDatatype>LOGDT024</logicalDatatype>
<ownDataTypeParameters>,,</ownDataTypeParameters>
<autoIncrementCycle>false</autoIncrementCycle>
</Column>
<Column name="afp" id="6C16C411-A39F-55CE-B06D-976B84900667">
<createdBy>Charchilla</createdBy>
<createdTime>2025-08-23 23:45:57 UTC</createdTime>
<generatorID>79303779-DA2A-5F42-1FB1-46633460C692</generatorID>
<ownerDesignName>s2</ownerDesignName>
<useDomainConstraints>false</useDomainConstraints>
<use>1</use>
<logicalDatatype>LOGDT024</logicalDatatype>
<ownDataTypeParameters>,,</ownDataTypeParameters>
<autoIncrementCycle>false</autoIncrementCycle>
</Column>
</columns>
<indexes itemClass="oracle.dbtools.crest.model.design.relational.Index">
<ind_PK_UK id="F7DA9EDD-0B7C-5E9F-D59C-1A9F867028FB" name="ADMINISTRATIVO_PK">
<createdBy>Charchilla</createdBy>
<createdTime>2025-08-23 23:45:57 UTC</createdTime>
<generatorID>3B362AF4-5DE2-50CF-59E5-25A96C3F0B47</generatorID>
<ownerDesignName>s2</ownerDesignName>
<pk>true</pk>
<indexState>Primary Constraint</indexState>
<isSurrogateKey>false</isSurrogateKey>
<indexColumnUsage>
<colUsage columnID="1EC211A4-F2A6-1D9E-A6F7-0013EFB5E8C0"/>
</indexColumnUsage>
</ind_PK_UK>
<ind_PK_UK id="39409004-C2AB-05F0-3687-83A1721FAF1D" name="ADMINISTRATIVO_EMPLEADO_FK">
<createdBy>Charchilla</createdBy>
<createdTime>2025-08-23 23:45:57 UTC</createdTime>
<generatorID>5FBED94D-9477-D446-0476-DB02D829AB4E</generatorID>
<ownerDesignName>s2</ownerDesignName>
<indexState>Foreign Key</indexState>
<isSurrogateKey>false</isSurrogateKey>
<indexColumnUsage>
<colUsage columnID="1EC211A4-F2A6-1D9E-A6F7-0013EFB5E8C0"/>
</indexColumnUsage>
</ind_PK_UK>
</indexes>
</Table>