<?xml version = '1.0' encoding = 'UTF-8'?>
<Table class="oracle.dbtools.crest.model.design.relational.Table" directorySegmentName="seg_0" id="8806E0C2-7C85-A08C-00B4-4631D1558C18" name="EQUIPAJE">
<createdBy>Charchilla</createdBy>
<createdTime>2025-08-23 23:45:57 UTC</createdTime>
<generatorID>4B4E9E97-9896-66C3-A2E1-277B7AD6D71C</generatorID>
<ownerDesignName>s2</ownerDesignName>
<allowColumnReorder>false</allowColumnReorder>
<existDependencyGenerateInDDl>true</existDependencyGenerateInDDl>
<parsed>true</parsed>
<columns itemClass="oracle.dbtools.crest.model.design.relational.Column">
<Column name="id_codigo" id="D911FE44-41CD-EFB4-4DA6-16F9F4575BA2">
<createdBy>Charchilla</createdBy>
<createdTime>2025-08-23 23:45:57 UTC</createdTime>
<generatorID>19AD8175-5A1B-7CD5-99C7-BCE13BCB9DDB</generatorID>
<ownerDesignName>s2</ownerDesignName>
<useDomainConstraints>false</useDomainConstraints>
<use>1</use>
<logicalDatatype>LOGDT024</logicalDatatype>
<ownDataTypeParameters>,,</ownDataTypeParameters>
<autoIncrementCycle>false</autoIncrementCycle>
</Column>
<Column name="color" id="E5217097-DE99-790A-51BB-7796397F8E7E">
<createdBy>Charchilla</createdBy>
<createdTime>2025-08-23 23:45:57 UTC</createdTime>
<generatorID>A3FA9B36-1C9F-6995-F284-7B2228418FF1</generatorID>
<ownerDesignName>s2</ownerDesignName>
<useDomainConstraints>false</useDomainConstraints>
<use>1</use>
<logicalDatatype>LOGDT024</logicalDatatype>
<ownDataTypeParameters>,,</ownDataTypeParameters>
<autoIncrementCycle>false</autoIncrementCycle>
</Column>
<Column name="peso" id="9758FDC3-4161-0CBF-0D98-ECA273F75E6D">
<createdBy>Charchilla</createdBy>
<createdTime>2025-08-23 23:45:57 UTC</createdTime>
<generatorID>9B081AF0-76E0-167A-04DD-94CF1087A1FB</generatorID>
<ownerDesignName>s2</ownerDesignName>
<useDomainConstraints>false</useDomainConstraints>
<use>1</use>
<logicalDatatype>LOGDT024</logicalDatatype>
<ownDataTypeParameters>,,</ownDataTypeParameters>
<autoIncrementCycle>false</autoIncrementCycle>
</Column>
<Column name="descripcion" id="57B33287-CFBA-CF48-1F29-8CEDD493471F">
<createdBy>Charchilla</createdBy>
<createdTime>2025-08-23 23:45:57 UTC</createdTime>
<generatorID>BE2441A3-F9ED-93EB-9B76-701FF6DF1459</generatorID>
<ownerDesignName>s2</ownerDesignName>
<nullsAllowed>true</nullsAllowed>
<useDomainConstraints>false</useDomainConstraints>
<use>1</use>
<logicalDatatype>LOGDT024</logicalDatatype>
<ownDataTypeParameters>,,</ownDataTypeParameters>
<autoIncrementCycle>false</autoIncrementCycle>
</Column>
<Column name="id_codigo1" id="A54B2571-83DD-B96A-7854-C850FBF29216">
<createdBy>Charchilla</createdBy>
<createdTime>2025-08-23 23:45:57 UTC</createdTime>
<generatorID>DD805B1F-A660-1E03-F1AA-9A4BC35DB705</generatorID>
<ownerDesignName>s2</ownerDesignName>
<useDomainConstraints>false</useDomainConstraints>
<use>1</use>
<logicalDatatype>LOGDT024</logicalDatatype>
<ownDataTypeParameters>,,</ownDataTypeParameters>
<previousColumn>false</previousColumn>
<autoIncrementCycle>false</autoIncrementCycle>
</Column>
<Column name="PASAJERO_n_id" id="B1D0C943-A1D9-FC5F-1668-9E478723F251">
<createdBy>Charchilla</createdBy>
<createdTime>2025-08-23 23:46:58 UTC</createdTime>
<ownerDesignName>s2</ownerDesignName>
<useDomainConstraints>false</useDomainConstraints>
<use>1</use>
<logicalDatatype>LOGDT024</logicalDatatype>
<ownDataTypeParameters>,,</ownDataTypeParameters>
<previousColumn>false</previousColumn>
<autoIncrementCycle>false</autoIncrementCycle>
<associations>
<colAssociation fkAssociation="DCC94BD1-79D8-BD23-8122-30954186DCE0" referredColumn="CFF85241-F34B-243F-7436-5E32CC0A1B54"/>
</associations>
</Column>
</columns>
<indexes itemClass="oracle.dbtools.crest.model.design.relational.Index">
<ind_PK_UK id="54E493F4-E620-2F48-5970-ECDABCF2D19C" name="EQUIPAJE_PK">
<createdBy>Charchilla</createdBy>
<createdTime>2025-08-23 23:45:57 UTC</createdTime>
<generatorID>677F1EAE-765C-D65A-2FC3-5F486EC44561</generatorID>
<ownerDesignName>s2</ownerDesignName>
<pk>true</pk>
<indexState>Primary Constraint</indexState>
<isSurrogateKey>false</isSurrogateKey>
<indexColumnUsage>
<colUsage columnID="D911FE44-41CD-EFB4-4DA6-16F9F4575BA2"/>
</indexColumnUsage>
</ind_PK_UK>
<ind_PK_UK id="B8C6EFFE-EFEF-DEAC-DC16-42E2E94D6646" name="EQUIPAJE_PASAJERO_FK">
<createdBy>Charchilla</createdBy>
<createdTime>2025-08-23 23:45:57 UTC</createdTime>
<generatorID>3419A275-28CF-0077-CC11-680E655A94D9</generatorID>
<ownerDesignName>s2</ownerDesignName>
<indexState>Foreign Key</indexState>
<isSurrogateKey>false</isSurrogateKey>
<indexColumnUsage>
<colUsage columnID="B1D0C943-A1D9-FC5F-1668-9E478723F251"/>
</indexColumnUsage>
</ind_PK_UK>
</indexes>
</Table>