<?xml version = '1.0' encoding = 'UTF-8'?>
<Table class="oracle.dbtools.crest.model.design.relational.Table" directorySegmentName="seg_0" id="ADE88618-3950-5FE7-1BE8-4C256B5A6AD4" name="AVION">
<createdBy>Charchilla</createdBy>
<createdTime>2025-08-23 23:45:57 UTC</createdTime>
<generatorID>3B0963B1-3F77-8EFE-7645-4C5AF96651C5</generatorID>
<ownerDesignName>s2</ownerDesignName>
<allowColumnReorder>false</allowColumnReorder>
<existDependencyGenerateInDDl>true</existDependencyGenerateInDDl>
<parsed>true</parsed>
<columns itemClass="oracle.dbtools.crest.model.design.relational.Column">
<Column name="n_matricula" id="DC99357C-4F75-EF0D-68B8-A8C1F96EB41F">
<createdBy>Charchilla</createdBy>
<createdTime>2025-08-23 23:45:57 UTC</createdTime>
<generatorID>0C5714D8-9BD3-BE89-69E9-F42ADFBE39D4</generatorID>
<ownerDesignName>s2</ownerDesignName>
<useDomainConstraints>false</useDomainConstraints>
<use>1</use>
<logicalDatatype>LOGDT024</logicalDatatype>
<ownDataTypeParameters>,,</ownDataTypeParameters>
<autoIncrementCycle>false</autoIncrementCycle>
</Column>
<Column name="marca" id="5F59E1DC-5162-3C3F-32CC-90E947E55704">
<createdBy>Charchilla</createdBy>
<createdTime>2025-08-23 23:45:57 UTC</createdTime>
<generatorID>B45097A9-6DD5-3716-B71D-32F7B35170FA</generatorID>
<ownerDesignName>s2</ownerDesignName>
<useDomainConstraints>false</useDomainConstraints>
<use>1</use>
<logicalDatatype>LOGDT024</logicalDatatype>
<ownDataTypeParameters>,,</ownDataTypeParameters>
<autoIncrementCycle>false</autoIncrementCycle>
</Column>
<Column name="modelo" id="930BBD22-A91E-4E41-03D8-C68489BD2557">
<createdBy>Charchilla</createdBy>
<createdTime>2025-08-23 23:45:57 UTC</createdTime>
<generatorID>58D15CBB-264F-28BA-B568-B89DF900BC96</generatorID>
<ownerDesignName>s2</ownerDesignName>
<useDomainConstraints>false</useDomainConstraints>
<use>1</use>
<logicalDatatype>LOGDT024</logicalDatatype>
<ownDataTypeParameters>,,</ownDataTypeParameters>
<autoIncrementCycle>false</autoIncrementCycle>
</Column>
<Column name="capacidad" id="73B7B92D-9F59-CABF-CA9E-E6618F09EECE">
<createdBy>Charchilla</createdBy>
<createdTime>2025-08-23 23:45:57 UTC</createdTime>
<generatorID>FEF34DCD-7C27-65D4-0DE2-9C793ACA41DE</generatorID>
<ownerDesignName>s2</ownerDesignName>
<useDomainConstraints>false</useDomainConstraints>
<use>1</use>
<logicalDatatype>LOGDT024</logicalDatatype>
<ownDataTypeParameters>,,</ownDataTypeParameters>
<autoIncrementCycle>false</autoIncrementCycle>
</Column>
</columns>
<indexes itemClass="oracle.dbtools.crest.model.design.relational.Index">
<ind_PK_UK id="A227FB73-1EF8-0FE8-85B8-949739C853FB" name="AVION_PK">
<createdBy>Charchilla</createdBy>
<createdTime>2025-08-23 23:45:57 UTC</createdTime>
<generatorID>5984649D-0688-CDD2-1A05-B75C7A2CC4E3</generatorID>
<ownerDesignName>s2</ownerDesignName>
<pk>true</pk>
<indexState>Primary Constraint</indexState>
<isSurrogateKey>false</isSurrogateKey>
<indexColumnUsage>
<colUsage columnID="DC99357C-4F75-EF0D-68B8-A8C1F96EB41F"/>
</indexColumnUsage>
</ind_PK_UK>
</indexes>
</Table>