<?xml version = '1.0' encoding = 'UTF-8'?>
<Table class="oracle.dbtools.crest.model.design.relational.Table" directorySegmentName="seg_0" id="C6C3DB7D-4E7C-BF0A-E0DC-A20C4A7B8738" name="VUELO">
<createdBy>Charchilla</createdBy>
<createdTime>2025-08-23 23:45:57 UTC</createdTime>
<generatorID>824DF0EF-F53B-D8EF-D85A-D01CE1710294</generatorID>
<ownerDesignName>s2</ownerDesignName>
<allowColumnReorder>false</allowColumnReorder>
<existDependencyGenerateInDDl>true</existDependencyGenerateInDDl>
<parsed>true</parsed>
<columns itemClass="oracle.dbtools.crest.model.design.relational.Column">
<Column name="n_vuelo" id="F309C1AC-F174-3298-96BA-75B498B1297B">
<createdBy>Charchilla</createdBy>
<createdTime>2025-08-23 23:45:57 UTC</createdTime>
<generatorID>F3BBFD3F-8ACE-397D-2998-11E416CF9E40</generatorID>
<ownerDesignName>s2</ownerDesignName>
<useDomainConstraints>false</useDomainConstraints>
<use>1</use>
<logicalDatatype>LOGDT024</logicalDatatype>
<ownDataTypeParameters>,,</ownDataTypeParameters>
<autoIncrementCycle>false</autoIncrementCycle>
</Column>
<Column name="origen" id="FAFB4E2E-1B4A-ABC3-13E3-1612C0383904">
<createdBy>Charchilla</createdBy>
<createdTime>2025-08-23 23:45:57 UTC</createdTime>
<generatorID>6A858968-AA21-1174-EB06-663C8224A1DC</generatorID>
<ownerDesignName>s2</ownerDesignName>
<useDomainConstraints>false</useDomainConstraints>
<use>1</use>
<logicalDatatype>LOGDT024</logicalDatatype>
<ownDataTypeParameters>,,</ownDataTypeParameters>
<autoIncrementCycle>false</autoIncrementCycle>
</Column>
<Column name="destino" id="BC09148A-3831-B6DE-A49B-96123AC406D4">
<createdBy>Charchilla</createdBy>
<createdTime>2025-08-23 23:45:57 UTC</createdTime>
<generatorID>32DD7AF7-5D10-471C-36E9-2E8A920FB5C9</generatorID>
<ownerDesignName>s2</ownerDesignName>
<useDomainConstraints>false</useDomainConstraints>
<use>1</use>
<logicalDatatype>LOGDT024</logicalDatatype>
<ownDataTypeParameters>,,</ownDataTypeParameters>
<autoIncrementCycle>false</autoIncrementCycle>
</Column>
<Column name="asiento" id="A23C7413-70EB-6A36-D281-B115E2712324">
<createdBy>Charchilla</createdBy>
<createdTime>2025-08-23 23:45:57 UTC</createdTime>
<generatorID>98F2C4F9-DE16-3365-3DEA-EE8B4B3EC548</generatorID>
<ownerDesignName>s2</ownerDesignName>
<use>0</use>
<ownDataTypeParameters>,,</ownDataTypeParameters>
<autoIncrementCycle>false</autoIncrementCycle>
</Column>
<Column name="f_despegue" id="3EC8EA08-7AF9-43B9-E848-4305B0D337A2">
<createdBy>Charchilla</createdBy>
<createdTime>2025-08-23 23:45:57 UTC</createdTime>
<generatorID>461CF9BD-944E-EA16-0A4E-A923AF9725D2</generatorID>
<ownerDesignName>s2</ownerDesignName>
<useDomainConstraints>false</useDomainConstraints>
<use>1</use>
<logicalDatatype>LOGDT007</logicalDatatype>
<ownDataTypeParameters>,,</ownDataTypeParameters>
<autoIncrementCycle>false</autoIncrementCycle>
</Column>
<Column name="h_despegue" id="B4AA9845-B48C-4A98-749C-E7C57F564B04">
<createdBy>Charchilla</createdBy>
<createdTime>2025-08-23 23:45:57 UTC</createdTime>
<generatorID>09EE4E77-3D33-7D87-48D8-9BC1A9500791</generatorID>
<ownerDesignName>s2</ownerDesignName>
<useDomainConstraints>false</useDomainConstraints>
<use>1</use>
<logicalDatatype>LOGDT007</logicalDatatype>
<ownDataTypeParameters>,,</ownDataTypeParameters>
<autoIncrementCycle>false</autoIncrementCycle>
</Column>
<Column name="f_llegada" id="6BAB227D-2E37-D276-87DD-61594E449ABF">
<createdBy>Charchilla</createdBy>
<createdTime>2025-08-23 23:45:57 UTC</createdTime>
<generatorID>8DB6E17C-55C8-7B6E-2032-01B1C3B699C5</generatorID>
<ownerDesignName>s2</ownerDesignName>
<useDomainConstraints>false</useDomainConstraints>
<use>1</use>
<logicalDatatype>LOGDT007</logicalDatatype>
<ownDataTypeParameters>,,</ownDataTypeParameters>
<autoIncrementCycle>false</autoIncrementCycle>
</Column>
<Column name="h_llegda" id="39CCAC29-1548-B2F3-BDFC-170FE240DFF2">
<createdBy>Charchilla</createdBy>
<createdTime>2025-08-23 23:45:57 UTC</createdTime>
<generatorID>DC731842-6CC1-2AAE-4DA3-F53998F03869</generatorID>
<ownerDesignName>s2</ownerDesignName>
<useDomainConstraints>false</useDomainConstraints>
<use>1</use>
<logicalDatatype>LOGDT007</logicalDatatype>
<ownDataTypeParameters>,,</ownDataTypeParameters>
<autoIncrementCycle>false</autoIncrementCycle>
</Column>
<Column name="EMPLEADO_id_rut" id="FE7F8588-5196-3ED9-795B-35CD93E5AFD4">
<createdBy>Charchilla</createdBy>
<createdTime>2025-08-23 23:45:57 UTC</createdTime>
<generatorID>C90644FE-023F-4A0C-1DCA-6D819AE34415</generatorID>
<ownerDesignName>s2</ownerDesignName>
<useDomainConstraints>false</useDomainConstraints>
<use>1</use>
<logicalDatatype>LOGDT024</logicalDatatype>
<ownDataTypeParameters>,,</ownDataTypeParameters>
<previousColumn>false</previousColumn>
<autoIncrementCycle>false</autoIncrementCycle>
<associations>
<colAssociation fkAssociation="EAE756BB-D030-AF95-1781-17D8FDA5C086" referredColumn="5FB48CBD-410D-B4E7-AF4D-102FD7B50719"/>
</associations>
</Column>
<Column name="AVION_n_matricula" id="1ECD8A65-1684-571F-BC09-F3F0038B5160">
<createdBy>Charchilla</createdBy>
<createdTime>2025-08-23 23:45:57 UTC</createdTime>
<generatorID>68A0971B-C47C-8D2B-0DA3-CDCC0D4BA9DA</generatorID>
<ownerDesignName>s2</ownerDesignName>
<useDomainConstraints>false</useDomainConstraints>
<use>1</use>
<logicalDatatype>LOGDT024</logicalDatatype>
<ownDataTypeParameters>,,</ownDataTypeParameters>
<previousColumn>false</previousColumn>
<autoIncrementCycle>false</autoIncrementCycle>
<associations>
<colAssociation fkAssociation="73B47994-17DA-0B58-415D-A4E24DAEC7B2" referredColumn="DC99357C-4F75-EF0D-68B8-A8C1F96EB41F"/>
</associations>
</Column>
</columns>
<indexes itemClass="oracle.dbtools.crest.model.design.relational.Index">
<ind_PK_UK id="33610117-A324-3B3A-CBF2-3A6CA6F9BCBE" name="VUELO_PK">
<createdBy>Charchilla</createdBy>
<createdTime>2025-08-23 23:45:57 UTC</createdTime>
<generatorID>299FB223-750A-3B36-E936-8AC100ECD723</generatorID>
<ownerDesignName>s2</ownerDesignName>
<pk>true</pk>
<indexState>Primary Constraint</indexState>
<isSurrogateKey>false</isSurrogateKey>
<indexColumnUsage>
<colUsage columnID="F309C1AC-F174-3298-96BA-75B498B1297B"/>
</indexColumnUsage>
</ind_PK_UK>
<ind_PK_UK id="9F575462-1CAE-BBD6-024C-18601DFFD00D" name="VUELO_AVION_FK">
<createdBy>Charchilla</createdBy>
<createdTime>2025-08-23 23:45:57 UTC</createdTime>
<generatorID>32D995E1-FB69-76ED-106F-EE5FA8680920</generatorID>
<ownerDesignName>s2</ownerDesignName>
<indexState>Foreign Key</indexState>
<isSurrogateKey>false</isSurrogateKey>
<indexColumnUsage>
<colUsage columnID="1ECD8A65-1684-571F-BC09-F3F0038B5160"/>
</indexColumnUsage>
</ind_PK_UK>
<ind_PK_UK id="16C219EC-5D64-5025-DF29-4BF263494E9D" name="VUELO_EMPLEADO_FK">
<createdBy>Charchilla</createdBy>
<createdTime>2025-08-23 23:46:58 UTC</createdTime>
<generatorID>AF410CB6-AF41-711C-3ECA-B633BA8478B3</generatorID>
<ownerDesignName>s2</ownerDesignName>
<indexState>Foreign Key</indexState>
<isSurrogateKey>false</isSurrogateKey>
<indexColumnUsage>
<colUsage columnID="FE7F8588-5196-3ED9-795B-35CD93E5AFD4"/>
</indexColumnUsage>
</ind_PK_UK>
</indexes>
</Table>