<?xml version = '1.0' encoding = 'UTF-8'?>
<Table class="oracle.dbtools.crest.model.design.relational.Table" directorySegmentName="seg_0" id="07E571C0-0063-D4F6-2892-9B0FCC7F7299" name="APODERADO">
<createdBy>Charchilla</createdBy>
<createdTime>2025-08-31 04:13:48 UTC</createdTime>
<generatorID>8846BAD0-F9A7-201B-6CAD-6CCF4D80F250</generatorID>
<ownerDesignName>S3</ownerDesignName>
<allowColumnReorder>false</allowColumnReorder>
<existDependencyGenerateInDDl>true</existDependencyGenerateInDDl>
<parsed>true</parsed>
<columns itemClass="oracle.dbtools.crest.model.design.relational.Column">
<Column name="rut" id="79F6F079-EA2B-9E34-C07A-C8722DF3277E">
<createdBy>Charchilla</createdBy>
<createdTime>2025-08-31 04:13:48 UTC</createdTime>
<generatorID>BAC6A8C1-8747-A1B3-8E6A-37F26C90D646</generatorID>
<ownerDesignName>S3</ownerDesignName>
<useDomainConstraints>false</useDomainConstraints>
<use>1</use>
<logicalDatatype>LOGDT024</logicalDatatype>
<ownDataTypeParameters>,,</ownDataTypeParameters>
<autoIncrementCycle>false</autoIncrementCycle>
<associations>
<colAssociation fkAssociation="5E0A6BA7-FA9F-5E07-BFEC-0018D60F42AA" referredColumn="A2018B99-9689-E589-0A05-81FD51120BFE"/>
</associations>
</Column>
<Column name="tipo_relacion" id="33D26EF7-5BFE-7097-47AC-0FE1A3A92F21">
<createdBy>Charchilla</createdBy>
<createdTime>2025-08-31 04:13:48 UTC</createdTime>
<generatorID>34EF6B6A-13F7-8F1A-3D03-4F72305902FA</generatorID>
<ownerDesignName>S3</ownerDesignName>
<useDomainConstraints>false</useDomainConstraints>
<use>1</use>
<logicalDatatype>LOGDT024</logicalDatatype>
<ownDataTypeParameters>,,</ownDataTypeParameters>
<autoIncrementCycle>false</autoIncrementCycle>
</Column>
<Column name="CON_TRATO_id_contrato" id="6C91237C-C442-E8E3-3212-0794C75FE940">
<createdBy>Charchilla</createdBy>
<createdTime>2025-08-31 04:13:48 UTC</createdTime>
<generatorID>63677354-0738-F62A-087E-A220B071E6FA</generatorID>
<ownerDesignName>S3</ownerDesignName>
<useDomainConstraints>false</useDomainConstraints>
<use>1</use>
<logicalDatatype>LOGDT024</logicalDatatype>
<ownDataTypeParameters>,,</ownDataTypeParameters>
<previousColumn>false</previousColumn>
<autoIncrementCycle>false</autoIncrementCycle>
<associations>
<colAssociation fkAssociation="6D850F2B-56BA-F9D1-DE3A-966FCCC0663B" referredColumn="3A0B104C-997A-5688-05C5-B43EB50BEE14"/>
</associations>
</Column>
</columns>
<indexes itemClass="oracle.dbtools.crest.model.design.relational.Index">
<ind_PK_UK id="56E2456F-EA9B-E32D-CEB0-2128D7E977F0" name="APODERADO_PK">
<createdBy>Charchilla</createdBy>
<createdTime>2025-08-31 04:13:48 UTC</createdTime>
<generatorID>0357CEEB-E596-86A5-30A8-B2BB9E19EAE0</generatorID>
<ownerDesignName>S3</ownerDesignName>
<pk>true</pk>
<indexState>Primary Constraint</indexState>
<isSurrogateKey>false</isSurrogateKey>
<indexColumnUsage>
<colUsage columnID="79F6F079-EA2B-9E34-C07A-C8722DF3277E"/>
</indexColumnUsage>
</ind_PK_UK>
<ind_PK_UK id="7A89F891-F7B1-4D2B-F467-C1AAC3E46291" name="APODERADO__IDX">
<createdBy>Charchilla</createdBy>
<createdTime>2025-08-31 04:13:48 UTC</createdTime>
<ownerDesignName>S3</ownerDesignName>
<indexState>Unique Plain Index</indexState>
<isSurrogateKey>false</isSurrogateKey>
<relationGeneratorID>66F70B3B-050D-CB51-B994-76F5DE2A9960</relationGeneratorID>
<indexColumnUsage>
<colUsage columnID="6C91237C-C442-E8E3-3212-0794C75FE940"/>
</indexColumnUsage>
</ind_PK_UK>
<ind_PK_UK id="3A338E98-5E0B-B800-9C45-D80121CCCB40" name="APODERADO_PERSONA_FK">
<createdBy>Charchilla</createdBy>
<createdTime>2025-08-31 04:13:48 UTC</createdTime>
<generatorID>9FB47420-E29C-F1AD-2D8C-DCA92D26A5C2</generatorID>
<ownerDesignName>S3</ownerDesignName>
<indexState>Foreign Key</indexState>
<isSurrogateKey>false</isSurrogateKey>
<indexColumnUsage>
<colUsage columnID="79F6F079-EA2B-9E34-C07A-C8722DF3277E"/>
</indexColumnUsage>
</ind_PK_UK>
<ind_PK_UK id="DA93FB0A-7069-D3A0-3556-E70EAFA1FBD8" name="APODERADO_CON_TRATO_FK">
<createdBy>Charchilla</createdBy>
<createdTime>2025-08-31 04:13:48 UTC</createdTime>
<generatorID>66F70B3B-050D-CB51-B994-76F5DE2A9960</generatorID>
<ownerDesignName>S3</ownerDesignName>
<indexState>Foreign Key</indexState>
<isSurrogateKey>false</isSurrogateKey>
<indexColumnUsage>
<colUsage columnID="6C91237C-C442-E8E3-3212-0794C75FE940"/>
</indexColumnUsage>
</ind_PK_UK>
</indexes>
</Table>