<?xml version = '1.0' encoding = 'UTF-8'?>
<Table class="oracle.dbtools.crest.model.design.relational.Table" directorySegmentName="seg_0" id="09B06AF2-7298-F4F9-A78F-6BC6A082F4CC" name="MEDICOS">
<createdBy>Charchilla</createdBy>
<createdTime>2025-08-31 04:13:48 UTC</createdTime>
<generatorID>A1347E60-2FDD-E045-C1CC-A8D1D006B5E4</generatorID>
<ownerDesignName>S3</ownerDesignName>
<allowColumnReorder>false</allowColumnReorder>
<existDependencyGenerateInDDl>true</existDependencyGenerateInDDl>
<parsed>true</parsed>
<columns itemClass="oracle.dbtools.crest.model.design.relational.Column">
<Column name="rut" id="BA62095C-8704-AE29-B229-BEB5ED8D33DB">
<createdBy>Charchilla</createdBy>
<createdTime>2025-08-31 04:13:48 UTC</createdTime>
<generatorID>71072253-E09B-9D2D-9223-8E9FE4B3CB64</generatorID>
<ownerDesignName>S3</ownerDesignName>
<useDomainConstraints>false</useDomainConstraints>
<use>1</use>
<logicalDatatype>LOGDT024</logicalDatatype>
<ownDataTypeParameters>,,</ownDataTypeParameters>
<autoIncrementCycle>false</autoIncrementCycle>
<associations>
<colAssociation fkAssociation="690EA1F1-54E0-FAF7-B6E3-AB9E0ADEFE37" referredColumn="89F46534-032E-4AD9-923C-A818D2D8255D"/>
</associations>
</Column>
<Column name="especializacion" id="F2B1D6BB-A1D1-5B2A-92AE-039AB17A7972">
<createdBy>Charchilla</createdBy>
<createdTime>2025-08-31 04:13:48 UTC</createdTime>
<generatorID>176E462F-9323-5358-BD7C-65032F11DA1D</generatorID>
<ownerDesignName>S3</ownerDesignName>
<useDomainConstraints>false</useDomainConstraints>
<use>1</use>
<logicalDatatype>LOGDT024</logicalDatatype>
<ownDataTypeParameters>,,</ownDataTypeParameters>
<autoIncrementCycle>false</autoIncrementCycle>
</Column>
<Column name="MEDICOS_rut" id="6B8EE509-336C-CEA1-A6D0-C4D635524FFB">
<createdBy>Charchilla</createdBy>
<createdTime>2025-08-31 04:13:48 UTC</createdTime>
<generatorID>5D6B1031-A1BF-729C-B7B8-3739B1BA3749</generatorID>
<ownerDesignName>S3</ownerDesignName>
<nullsAllowed>true</nullsAllowed>
<useDomainConstraints>false</useDomainConstraints>
<use>1</use>
<logicalDatatype>LOGDT024</logicalDatatype>
<ownDataTypeParameters>,,</ownDataTypeParameters>
<previousColumn>false</previousColumn>
<autoIncrementCycle>false</autoIncrementCycle>
<associations>
<colAssociation fkAssociation="3F7D3C3E-7A62-CDA0-BA94-899B99DE420D" referredColumn="BA62095C-8704-AE29-B229-BEB5ED8D33DB"/>
</associations>
</Column>
</columns>
<indexes itemClass="oracle.dbtools.crest.model.design.relational.Index">
<ind_PK_UK id="677C2F46-D068-6CEA-8701-50C336455EBE" name="MEDICOS_PK">
<createdBy>Charchilla</createdBy>
<createdTime>2025-08-31 04:13:48 UTC</createdTime>
<generatorID>CC4974AC-47DD-5033-1FD0-B6693417A363</generatorID>
<ownerDesignName>S3</ownerDesignName>
<pk>true</pk>
<indexState>Primary Constraint</indexState>
<isSurrogateKey>false</isSurrogateKey>
<indexColumnUsage>
<colUsage columnID="BA62095C-8704-AE29-B229-BEB5ED8D33DB"/>
</indexColumnUsage>
</ind_PK_UK>
<ind_PK_UK id="228612BA-F3FD-6E4B-4BA4-D9D01632E521" name="MEDICOS_PERSONAL_FK">
<createdBy>Charchilla</createdBy>
<createdTime>2025-08-31 04:13:48 UTC</createdTime>
<generatorID>1F2AD562-FE58-2B7B-13F5-FA4D6259DCCA</generatorID>
<ownerDesignName>S3</ownerDesignName>
<indexState>Foreign Key</indexState>
<isSurrogateKey>false</isSurrogateKey>
<indexColumnUsage>
<colUsage columnID="BA62095C-8704-AE29-B229-BEB5ED8D33DB"/>
</indexColumnUsage>
</ind_PK_UK>
<ind_PK_UK id="E045E5E3-BA06-B075-83A9-01C7C5D6BA00" name="MEDICOS_MEDICOS_FK">
<createdBy>Charchilla</createdBy>
<createdTime>2025-08-31 04:13:48 UTC</createdTime>
<generatorID>BA669539-28B5-B036-70F4-A552F2E7D471</generatorID>
<ownerDesignName>S3</ownerDesignName>
<indexState>Foreign Key</indexState>
<isSurrogateKey>false</isSurrogateKey>
<indexColumnUsage>
<colUsage columnID="6B8EE509-336C-CEA1-A6D0-C4D635524FFB"/>
</indexColumnUsage>
</ind_PK_UK>
</indexes>
</Table>