<?xml version = '1.0' encoding = 'UTF-8'?>
<Table class="oracle.dbtools.crest.model.design.relational.Table" directorySegmentName="seg_0" id="48BC8F98-4993-4F4E-1829-BDA48E2EBB76" name="ANEXO">
<createdBy>Charchilla</createdBy>
<createdTime>2025-08-31 04:13:48 UTC</createdTime>
<generatorID>DB5B8750-17E6-91B3-6D01-B699FE9B4A0C</generatorID>
<ownerDesignName>S3</ownerDesignName>
<allowColumnReorder>false</allowColumnReorder>
<existDependencyGenerateInDDl>true</existDependencyGenerateInDDl>
<parsed>true</parsed>
<columns itemClass="oracle.dbtools.crest.model.design.relational.Column">
<Column name="id_anexo" id="D6EA34DF-56D5-BC1F-4BF6-062B89D869D9">
<createdBy>Charchilla</createdBy>
<createdTime>2025-08-31 04:13:48 UTC</createdTime>
<generatorID>A3829E65-C703-2706-04EB-59518689B19C</generatorID>
<ownerDesignName>S3</ownerDesignName>
<useDomainConstraints>false</useDomainConstraints>
<use>1</use>
<logicalDatatype>LOGDT024</logicalDatatype>
<ownDataTypeParameters>,,</ownDataTypeParameters>
<autoIncrementCycle>false</autoIncrementCycle>
</Column>
<Column name="f_inicio" id="6421DB7B-A459-C388-8010-A74D2D2D0D0B">
<createdBy>Charchilla</createdBy>
<createdTime>2025-08-31 04:13:48 UTC</createdTime>
<generatorID>AE7249F3-4A4A-069C-F337-D0EB2B43C6C3</generatorID>
<ownerDesignName>S3</ownerDesignName>
<useDomainConstraints>false</useDomainConstraints>
<use>1</use>
<logicalDatatype>LOGDT024</logicalDatatype>
<ownDataTypeParameters>,,</ownDataTypeParameters>
<autoIncrementCycle>false</autoIncrementCycle>
</Column>
<Column name="f_termino" id="C5C45271-8607-7BEE-1843-B3610814AA59">
<createdBy>Charchilla</createdBy>
<createdTime>2025-08-31 04:13:48 UTC</createdTime>
<generatorID>07A0A2D3-5DCA-8235-D142-BA8A1ADDBD5A</generatorID>
<ownerDesignName>S3</ownerDesignName>
<nullsAllowed>true</nullsAllowed>
<useDomainConstraints>false</useDomainConstraints>
<use>1</use>
<logicalDatatype>LOGDT007</logicalDatatype>
<ownDataTypeParameters>,,</ownDataTypeParameters>
<autoIncrementCycle>false</autoIncrementCycle>
</Column>
<Column name="observacion" id="FF6599ED-2C04-3E48-E5F0-24BF84187599">
<createdBy>Charchilla</createdBy>
<createdTime>2025-08-31 04:13:48 UTC</createdTime>
<generatorID>42B90636-742F-2523-CEA0-D1C453EEF67D</generatorID>
<ownerDesignName>S3</ownerDesignName>
<nullsAllowed>true</nullsAllowed>
<useDomainConstraints>false</useDomainConstraints>
<use>1</use>
<logicalDatatype>LOGDT024</logicalDatatype>
<ownDataTypeParameters>,,</ownDataTypeParameters>
<autoIncrementCycle>false</autoIncrementCycle>
</Column>
<Column name="CON_TRATO_id_contrato" id="27BA21D4-2426-0CE3-D5C1-2FF93D586271">
<createdBy>Charchilla</createdBy>
<createdTime>2025-08-31 04:13:48 UTC</createdTime>
<generatorID>63A213AC-723A-65C0-2EC5-EEDC9E711D5E</generatorID>
<ownerDesignName>S3</ownerDesignName>
<useDomainConstraints>false</useDomainConstraints>
<use>1</use>
<logicalDatatype>LOGDT024</logicalDatatype>
<ownDataTypeParameters>,,</ownDataTypeParameters>
<previousColumn>false</previousColumn>
<autoIncrementCycle>false</autoIncrementCycle>
<associations>
<colAssociation fkAssociation="A2BECEA9-6038-24C4-5E9B-74955DE25887" referredColumn="3A0B104C-997A-5688-05C5-B43EB50BEE14"/>
</associations>
</Column>
<Column name="RESIDENTES_rut" id="40B037DB-7562-B958-7AD9-C4EE56F85122">
<createdBy>Charchilla</createdBy>
<createdTime>2025-08-31 04:13:48 UTC</createdTime>
<generatorID>B97FA6A1-0A26-C841-639B-711397BF3850</generatorID>
<ownerDesignName>S3</ownerDesignName>
<useDomainConstraints>false</useDomainConstraints>
<use>1</use>
<logicalDatatype>LOGDT024</logicalDatatype>
<ownDataTypeParameters>,,</ownDataTypeParameters>
<previousColumn>false</previousColumn>
<autoIncrementCycle>false</autoIncrementCycle>
<associations>
<colAssociation fkAssociation="F39ED1E1-C9C6-5FF8-3572-F176E0F60D89" referredColumn="B7A3A360-D063-1724-9056-27B80114F69C"/>
</associations>
</Column>
</columns>
<indexes itemClass="oracle.dbtools.crest.model.design.relational.Index">
<ind_PK_UK id="2C02E3F5-0776-1B03-30E9-14095AA04395" name="ANEXO_PK">
<createdBy>Charchilla</createdBy>
<createdTime>2025-08-31 04:13:48 UTC</createdTime>
<generatorID>F90661CD-D76A-B09D-9C26-65DA755F61B7</generatorID>
<ownerDesignName>S3</ownerDesignName>
<pk>true</pk>
<indexState>Primary Constraint</indexState>
<isSurrogateKey>false</isSurrogateKey>
<indexColumnUsage>
<colUsage columnID="D6EA34DF-56D5-BC1F-4BF6-062B89D869D9"/>
</indexColumnUsage>
</ind_PK_UK>
<ind_PK_UK id="8674E61C-B33E-C645-9D98-FF948D274E88" name="ANEXO_CON_TRATO_FK">
<createdBy>Charchilla</createdBy>
<createdTime>2025-08-31 04:13:48 UTC</createdTime>
<generatorID>58618B13-404C-C4B7-5997-E81DF05DD4CC</generatorID>
<ownerDesignName>S3</ownerDesignName>
<indexState>Foreign Key</indexState>
<isSurrogateKey>false</isSurrogateKey>
<indexColumnUsage>
<colUsage columnID="27BA21D4-2426-0CE3-D5C1-2FF93D586271"/>
</indexColumnUsage>
</ind_PK_UK>
<ind_PK_UK id="057FB60A-FB36-BF97-1312-147FD86348EF" name="ANEXO_RESIDENTES_FK">
<createdBy>Charchilla</createdBy>
<createdTime>2025-08-31 04:13:48 UTC</createdTime>
<generatorID>E2CC322F-3C74-0AF1-5DB8-A4356667DEA6</generatorID>
<ownerDesignName>S3</ownerDesignName>
<indexState>Foreign Key</indexState>
<isSurrogateKey>false</isSurrogateKey>
<indexColumnUsage>
<colUsage columnID="40B037DB-7562-B958-7AD9-C4EE56F85122"/>
</indexColumnUsage>
</ind_PK_UK>
</indexes>
</Table>