<?xml version = '1.0' encoding = 'UTF-8'?>
<Table class="oracle.dbtools.crest.model.design.relational.Table" directorySegmentName="seg_0" id="6034906A-67EF-F7CF-4176-648B66F2E283" name="HABITACIONES">
<createdBy>Charchilla</createdBy>
<createdTime>2025-08-31 04:13:48 UTC</createdTime>
<generatorID>604D2B45-06B1-5722-2A50-0D7392458FC7</generatorID>
<ownerDesignName>S3</ownerDesignName>
<allowColumnReorder>false</allowColumnReorder>
<existDependencyGenerateInDDl>true</existDependencyGenerateInDDl>
<parsed>true</parsed>
<columns itemClass="oracle.dbtools.crest.model.design.relational.Column">
<Column name="id_habitaciones" id="DD88B84F-8F6B-BE1B-A099-9425AD559117">
<createdBy>Charchilla</createdBy>
<createdTime>2025-08-31 04:13:48 UTC</createdTime>
<generatorID>192E57F0-EAB8-9CD7-0E76-E5F98DF1DE0D</generatorID>
<ownerDesignName>S3</ownerDesignName>
<useDomainConstraints>false</useDomainConstraints>
<use>1</use>
<logicalDatatype>LOGDT024</logicalDatatype>
<ownDataTypeParameters>,,</ownDataTypeParameters>
<autoIncrementCycle>false</autoIncrementCycle>
</Column>
<Column name="n_habitaciones" id="0A74EFC4-E172-4FAB-971E-BECC070637F9">
<createdBy>Charchilla</createdBy>
<createdTime>2025-08-31 04:13:48 UTC</createdTime>
<generatorID>32C8B7FE-A973-0207-0352-C4BCFBF47F51</generatorID>
<ownerDesignName>S3</ownerDesignName>
<useDomainConstraints>false</useDomainConstraints>
<use>1</use>
<logicalDatatype>LOGDT024</logicalDatatype>
<ownDataTypeParameters>,,</ownDataTypeParameters>
<autoIncrementCycle>false</autoIncrementCycle>
</Column>
<Column name="tipo_habitacion" id="C4CBFAFA-B5DF-C278-897E-5F2C24D5AB0F">
<createdBy>Charchilla</createdBy>
<createdTime>2025-08-31 04:13:48 UTC</createdTime>
<generatorID>A90834E9-A222-9409-05AD-C13B6951248F</generatorID>
<ownerDesignName>S3</ownerDesignName>
<useDomainConstraints>false</useDomainConstraints>
<use>1</use>
<logicalDatatype>LOGDT024</logicalDatatype>
<ownDataTypeParameters>,,</ownDataTypeParameters>
<autoIncrementCycle>false</autoIncrementCycle>
</Column>
<Column name="RESIDENCIA_id_residencia" id="1D128852-C547-2E70-59A1-F52FE1CB8E19">
<createdBy>Charchilla</createdBy>
<createdTime>2025-08-31 04:13:48 UTC</createdTime>
<generatorID>662DBF0D-DC56-6E21-312B-323C6E1F533A</generatorID>
<ownerDesignName>S3</ownerDesignName>
<useDomainConstraints>false</useDomainConstraints>
<use>1</use>
<logicalDatatype>LOGDT024</logicalDatatype>
<ownDataTypeParameters>,,</ownDataTypeParameters>
<previousColumn>false</previousColumn>
<autoIncrementCycle>false</autoIncrementCycle>
<associations>
<colAssociation fkAssociation="8E3080D5-898D-74CC-24F3-A3F15E69C198" referredColumn="2FBE0716-C94C-1B8D-8EAB-A42217AF95D7"/>
</associations>
</Column>
<Column name="RESIDENTES_rut" id="19EBED52-4A95-F4B8-66B8-D3FDCCC2EAAF">
<createdBy>Charchilla</createdBy>
<createdTime>2025-08-31 04:13:48 UTC</createdTime>
<generatorID>CD4D97BE-C64A-986D-A599-20A037E8D2F4</generatorID>
<ownerDesignName>S3</ownerDesignName>
<useDomainConstraints>false</useDomainConstraints>
<use>1</use>
<logicalDatatype>LOGDT024</logicalDatatype>
<ownDataTypeParameters>,,</ownDataTypeParameters>
<previousColumn>false</previousColumn>
<autoIncrementCycle>false</autoIncrementCycle>
<associations>
<colAssociation fkAssociation="6082069D-54A7-A7EC-3274-CD2C1DDA7866" referredColumn="B7A3A360-D063-1724-9056-27B80114F69C"/>
</associations>
</Column>
</columns>
<indexes itemClass="oracle.dbtools.crest.model.design.relational.Index">
<ind_PK_UK id="C170D846-03CF-849E-1038-7019F0590D41" name="HABITACIONES_PK">
<createdBy>Charchilla</createdBy>
<createdTime>2025-08-31 04:13:48 UTC</createdTime>
<generatorID>78C5DD6F-4E6E-F219-2C66-8F93683D43EA</generatorID>
<ownerDesignName>S3</ownerDesignName>
<pk>true</pk>
<indexState>Primary Constraint</indexState>
<isSurrogateKey>false</isSurrogateKey>
<indexColumnUsage>
<colUsage columnID="DD88B84F-8F6B-BE1B-A099-9425AD559117"/>
</indexColumnUsage>
</ind_PK_UK>
<ind_PK_UK id="574FEE3B-B0F9-358F-C255-7C4C8F8EE995" name="HABITACIONES__IDX">
<createdBy>Charchilla</createdBy>
<createdTime>2025-08-31 04:13:48 UTC</createdTime>
<ownerDesignName>S3</ownerDesignName>
<indexState>Unique Plain Index</indexState>
<isSurrogateKey>false</isSurrogateKey>
<relationGeneratorID>BC1005E4-C084-C300-B086-4D88C932D075</relationGeneratorID>
<indexColumnUsage>
<colUsage columnID="19EBED52-4A95-F4B8-66B8-D3FDCCC2EAAF"/>
</indexColumnUsage>
</ind_PK_UK>
<ind_PK_UK id="5FA70AE9-E728-9F8D-0D24-EF4ED02F6A1E" name="HABITACIONES_RESIDENTES_FK">
<createdBy>Charchilla</createdBy>
<createdTime>2025-08-31 04:13:48 UTC</createdTime>
<generatorID>BC1005E4-C084-C300-B086-4D88C932D075</generatorID>
<ownerDesignName>S3</ownerDesignName>
<indexState>Foreign Key</indexState>
<isSurrogateKey>false</isSurrogateKey>
<indexColumnUsage>
<colUsage columnID="19EBED52-4A95-F4B8-66B8-D3FDCCC2EAAF"/>
</indexColumnUsage>
</ind_PK_UK>
<ind_PK_UK id="C0B8A9B0-DCBB-42F4-C2D1-302DB296B7B4" name="HABITACIONES_RESIDENCIA_FK">
<createdBy>Charchilla</createdBy>
<createdTime>2025-08-31 04:13:48 UTC</createdTime>
<generatorID>548F49CA-ED86-290E-CFAC-8A4D28CFAAB1</generatorID>
<ownerDesignName>S3</ownerDesignName>
<indexState>Foreign Key</indexState>
<isSurrogateKey>false</isSurrogateKey>
<indexColumnUsage>
<colUsage columnID="1D128852-C547-2E70-59A1-F52FE1CB8E19"/>
</indexColumnUsage>
</ind_PK_UK>
</indexes>
</Table>