<?xml version = '1.0' encoding = 'UTF-8'?>
<Table class="oracle.dbtools.crest.model.design.relational.Table" directorySegmentName="seg_0" id="97C4CA21-32C1-87DA-1FAE-C66769955444" name="CUIDADORES">
<createdBy>Charchilla</createdBy>
<createdTime>2025-08-31 04:13:48 UTC</createdTime>
<generatorID>CEDFAC30-2631-ABA4-4DE3-5188049B66CB</generatorID>
<ownerDesignName>S3</ownerDesignName>
<allowColumnReorder>false</allowColumnReorder>
<existDependencyGenerateInDDl>true</existDependencyGenerateInDDl>
<parsed>true</parsed>
<columns itemClass="oracle.dbtools.crest.model.design.relational.Column">
<Column name="rut" id="99AE9678-F857-BEDF-8256-82E1A6B45B0F">
<createdBy>Charchilla</createdBy>
<createdTime>2025-08-31 04:13:48 UTC</createdTime>
<generatorID>71072253-E09B-9D2D-9223-8E9FE4B3CB64</generatorID>
<ownerDesignName>S3</ownerDesignName>
<useDomainConstraints>false</useDomainConstraints>
<use>1</use>
<logicalDatatype>LOGDT024</logicalDatatype>
<ownDataTypeParameters>,,</ownDataTypeParameters>
<autoIncrementCycle>false</autoIncrementCycle>
<associations>
<colAssociation fkAssociation="847CD38E-6102-7339-0FCF-36984F26C55F" referredColumn="89F46534-032E-4AD9-923C-A818D2D8255D"/>
</associations>
</Column>
</columns>
<indexes itemClass="oracle.dbtools.crest.model.design.relational.Index">
<ind_PK_UK id="ACCDE91A-9E7A-A8AF-6E53-5B82279AAB8C" name="CUIDADORES_PK">
<createdBy>Charchilla</createdBy>
<createdTime>2025-08-31 04:13:48 UTC</createdTime>
<generatorID>CC4974AC-47DD-5033-1FD0-B6693417A363</generatorID>
<ownerDesignName>S3</ownerDesignName>
<pk>true</pk>
<indexState>Primary Constraint</indexState>
<isSurrogateKey>false</isSurrogateKey>
<indexColumnUsage>
<colUsage columnID="99AE9678-F857-BEDF-8256-82E1A6B45B0F"/>
</indexColumnUsage>
</ind_PK_UK>
<ind_PK_UK id="5E72B169-8405-CDC5-83CA-FBFC66EC8F1A" name="CUIDADORES_PERSONAL_FK">
<createdBy>Charchilla</createdBy>
<createdTime>2025-08-31 04:13:48 UTC</createdTime>
<generatorID>E26CF0D0-B21B-FAB2-A4BB-B105986D79A0</generatorID>
<ownerDesignName>S3</ownerDesignName>
<indexState>Foreign Key</indexState>
<isSurrogateKey>false</isSurrogateKey>
<indexColumnUsage>
<colUsage columnID="99AE9678-F857-BEDF-8256-82E1A6B45B0F"/>
</indexColumnUsage>
</ind_PK_UK>
</indexes>
</Table>