<?xml version = '1.0' encoding = 'UTF-8'?>
<Table class="oracle.dbtools.crest.model.design.relational.Table" directorySegmentName="seg_0" id="B2B7602B-806F-392A-8825-9F3B9E8938A7" name="RESIDENTES">
<createdBy>Charchilla</createdBy>
<createdTime>2025-08-31 04:13:48 UTC</createdTime>
<generatorID>B1208131-A9FF-2D8E-6A46-9C999BAA3CAA</generatorID>
<ownerDesignName>S3</ownerDesignName>
<allowColumnReorder>false</allowColumnReorder>
<existDependencyGenerateInDDl>true</existDependencyGenerateInDDl>
<parsed>true</parsed>
<columns itemClass="oracle.dbtools.crest.model.design.relational.Column">
<Column name="rut" id="B7A3A360-D063-1724-9056-27B80114F69C">
<createdBy>Charchilla</createdBy>
<createdTime>2025-08-31 04:13:48 UTC</createdTime>
<generatorID>BAC6A8C1-8747-A1B3-8E6A-37F26C90D646</generatorID>
<ownerDesignName>S3</ownerDesignName>
<useDomainConstraints>false</useDomainConstraints>
<use>1</use>
<logicalDatatype>LOGDT024</logicalDatatype>
<ownDataTypeParameters>,,</ownDataTypeParameters>
<autoIncrementCycle>false</autoIncrementCycle>
<associations>
<colAssociation fkAssociation="99E887FB-8FB9-5EB8-6616-80AFF33D2DAA" referredColumn="A2018B99-9689-E589-0A05-81FD51120BFE"/>
</associations>
</Column>
<Column name="autonomia" id="1A5DFD90-4E55-BFF1-B5ED-E06316BD3B38">
<createdBy>Charchilla</createdBy>
<createdTime>2025-08-31 04:13:48 UTC</createdTime>
<generatorID>B1F29FDE-D845-3996-3139-FFE00BAB3B11</generatorID>
<ownerDesignName>S3</ownerDesignName>
<useDomainConstraints>false</useDomainConstraints>
<use>1</use>
<logicalDatatype>LOGDT024</logicalDatatype>
<ownDataTypeParameters>,,</ownDataTypeParameters>
<autoIncrementCycle>false</autoIncrementCycle>
</Column>
<Column name="tipo_residencia" id="0A527F43-2AC6-FA00-C62B-399D1128E0D6">
<createdBy>Charchilla</createdBy>
<createdTime>2025-08-31 04:13:48 UTC</createdTime>
<generatorID>210905A3-B2AE-5DE1-5CBB-31006313DC08</generatorID>
<ownerDesignName>S3</ownerDesignName>
<useDomainConstraints>false</useDomainConstraints>
<use>1</use>
<logicalDatatype>LOGDT024</logicalDatatype>
<ownDataTypeParameters>,,</ownDataTypeParameters>
<autoIncrementCycle>false</autoIncrementCycle>
</Column>
<Column name="HABITACIONES_id_habitaciones" id="6659F5CB-AAEB-9BB7-2C78-AC4DE79BA62D">
<createdBy>Charchilla</createdBy>
<createdTime>2025-08-31 04:13:48 UTC</createdTime>
<generatorID>FDCEAFB2-3BFE-5B80-24B4-4D13A2A57F34</generatorID>
<ownerDesignName>S3</ownerDesignName>
<useDomainConstraints>false</useDomainConstraints>
<use>1</use>
<logicalDatatype>LOGDT024</logicalDatatype>
<ownDataTypeParameters>,,</ownDataTypeParameters>
<previousColumn>false</previousColumn>
<autoIncrementCycle>false</autoIncrementCycle>
<associations>
<colAssociation fkAssociation="0E4A8B2B-2F36-8A10-6AD2-85A201BEFABB" referredColumn="DD88B84F-8F6B-BE1B-A099-9425AD559117"/>
</associations>
</Column>
</columns>
<indexes itemClass="oracle.dbtools.crest.model.design.relational.Index">
<ind_PK_UK id="AA294504-8A7F-C1D9-B286-BFAE72B55FEC" name="RESIDENTES_PK">
<createdBy>Charchilla</createdBy>
<createdTime>2025-08-31 04:13:48 UTC</createdTime>
<generatorID>0357CEEB-E596-86A5-30A8-B2BB9E19EAE0</generatorID>
<ownerDesignName>S3</ownerDesignName>
<pk>true</pk>
<indexState>Primary Constraint</indexState>
<isSurrogateKey>false</isSurrogateKey>
<indexColumnUsage>
<colUsage columnID="B7A3A360-D063-1724-9056-27B80114F69C"/>
</indexColumnUsage>
</ind_PK_UK>
<ind_PK_UK id="6B5A7562-4573-72E5-2FE5-C9ACB3CCBB5A" name="RESIDENTES__IDX">
<createdBy>Charchilla</createdBy>
<createdTime>2025-08-31 04:13:48 UTC</createdTime>
<ownerDesignName>S3</ownerDesignName>
<indexState>Unique Plain Index</indexState>
<isSurrogateKey>false</isSurrogateKey>
<relationGeneratorID>BC1005E4-C084-C300-B086-4D88C932D075</relationGeneratorID>
<indexColumnUsage>
<colUsage columnID="6659F5CB-AAEB-9BB7-2C78-AC4DE79BA62D"/>
</indexColumnUsage>
</ind_PK_UK>
<ind_PK_UK id="7EC06E3E-FB02-46DB-48DA-844064809041" name="RESIDENTES_PERSONA_FK">
<createdBy>Charchilla</createdBy>
<createdTime>2025-08-31 04:13:48 UTC</createdTime>
<generatorID>4D6E789B-654F-F38F-4ED4-CF97E6973E0B</generatorID>
<ownerDesignName>S3</ownerDesignName>
<indexState>Foreign Key</indexState>
<isSurrogateKey>false</isSurrogateKey>
<indexColumnUsage>
<colUsage columnID="B7A3A360-D063-1724-9056-27B80114F69C"/>
</indexColumnUsage>
</ind_PK_UK>
<ind_PK_UK id="DFEC67C7-0E2E-7CA5-3A60-CF7E3280336B" name="RESIDENTES_HABITACIONES_FK">
<createdBy>Charchilla</createdBy>
<createdTime>2025-08-31 04:13:48 UTC</createdTime>
<generatorID>BC1005E4-C084-C300-B086-4D88C932D075</generatorID>
<ownerDesignName>S3</ownerDesignName>
<indexState>Foreign Key</indexState>
<isSurrogateKey>false</isSurrogateKey>
<indexColumnUsage>
<colUsage columnID="6659F5CB-AAEB-9BB7-2C78-AC4DE79BA62D"/>
</indexColumnUsage>
</ind_PK_UK>
</indexes>
</Table>