<?xml version = '1.0' encoding = 'UTF-8'?>
<Table class="oracle.dbtools.crest.model.design.relational.Table" directorySegmentName="seg_0" id="F51D278B-B23B-6480-9B99-DF49077044EC" name="CON_TRATO">
<createdBy>Charchilla</createdBy>
<createdTime>2025-08-31 04:13:48 UTC</createdTime>
<generatorID>8BFC0CD0-783E-EA74-1365-333D91C2866A</generatorID>
<ownerDesignName>S3</ownerDesignName>
<allowColumnReorder>false</allowColumnReorder>
<existDependencyGenerateInDDl>true</existDependencyGenerateInDDl>
<parsed>true</parsed>
<columns itemClass="oracle.dbtools.crest.model.design.relational.Column">
<Column name="id_contrato" id="3A0B104C-997A-5688-05C5-B43EB50BEE14">
<createdBy>Charchilla</createdBy>
<createdTime>2025-08-31 04:13:48 UTC</createdTime>
<generatorID>0BAFD982-221B-CAB6-B89B-F101F7C2298D</generatorID>
<ownerDesignName>S3</ownerDesignName>
<useDomainConstraints>false</useDomainConstraints>
<use>1</use>
<logicalDatatype>LOGDT024</logicalDatatype>
<ownDataTypeParameters>,,</ownDataTypeParameters>
<autoIncrementCycle>false</autoIncrementCycle>
</Column>
<Column name="f_inicio" id="56E78926-CF95-3534-154B-E05E039EAB34">
<createdBy>Charchilla</createdBy>
<createdTime>2025-08-31 04:13:48 UTC</createdTime>
<generatorID>F77D69A5-EC35-CA86-550D-B982AF54F31C</generatorID>
<ownerDesignName>S3</ownerDesignName>
<useDomainConstraints>false</useDomainConstraints>
<use>1</use>
<logicalDatatype>LOGDT007</logicalDatatype>
<ownDataTypeParameters>,,</ownDataTypeParameters>
<autoIncrementCycle>false</autoIncrementCycle>
</Column>
<Column name="f_termino" id="A36C20A5-9C3A-F8CB-EACC-D91E9C2027C0">
<createdBy>Charchilla</createdBy>
<createdTime>2025-08-31 04:13:48 UTC</createdTime>
<generatorID>940DB0F8-7730-7532-F860-271371FAF8F4</generatorID>
<ownerDesignName>S3</ownerDesignName>
<nullsAllowed>true</nullsAllowed>
<useDomainConstraints>false</useDomainConstraints>
<use>1</use>
<logicalDatatype>LOGDT007</logicalDatatype>
<ownDataTypeParameters>,,</ownDataTypeParameters>
<autoIncrementCycle>false</autoIncrementCycle>
</Column>
<Column name="T_financiiamiento" id="618B91C6-6EBF-2441-2C28-2CA45B7429EA">
<createdBy>Charchilla</createdBy>
<createdTime>2025-08-31 04:13:48 UTC</createdTime>
<generatorID>B338C102-5B90-3B0D-FEB0-AB69123CE8FA</generatorID>
<ownerDesignName>S3</ownerDesignName>
<useDomainConstraints>false</useDomainConstraints>
<use>1</use>
<logicalDatatype>LOGDT024</logicalDatatype>
<ownDataTypeParameters>,,</ownDataTypeParameters>
<autoIncrementCycle>false</autoIncrementCycle>
</Column>
<Column name="APODERADO_rut" id="129BE927-C1FF-30D0-0966-847E7667CAD3">
<createdBy>Charchilla</createdBy>
<createdTime>2025-08-31 04:13:48 UTC</createdTime>
<generatorID>CDF4103A-069E-7849-92C7-DB2EA6180B13</generatorID>
<ownerDesignName>S3</ownerDesignName>
<useDomainConstraints>false</useDomainConstraints>
<use>1</use>
<logicalDatatype>LOGDT024</logicalDatatype>
<ownDataTypeParameters>,,</ownDataTypeParameters>
<previousColumn>false</previousColumn>
<autoIncrementCycle>false</autoIncrementCycle>
<associations>
<colAssociation fkAssociation="E28D7267-B867-D4F9-BD8F-EB776EF005B9" referredColumn="79F6F079-EA2B-9E34-C07A-C8722DF3277E"/>
</associations>
</Column>
</columns>
<indexes itemClass="oracle.dbtools.crest.model.design.relational.Index">
<ind_PK_UK id="805E42FF-5D3C-3C5D-1EAF-2D67C33FD5EE" name="CON_TRATO_PK">
<createdBy>Charchilla</createdBy>
<createdTime>2025-08-31 04:13:48 UTC</createdTime>
<generatorID>FAE60B39-C539-1A57-D56B-6B294397BC7C</generatorID>
<ownerDesignName>S3</ownerDesignName>
<pk>true</pk>
<indexState>Primary Constraint</indexState>
<isSurrogateKey>false</isSurrogateKey>
<indexColumnUsage>
<colUsage columnID="3A0B104C-997A-5688-05C5-B43EB50BEE14"/>
</indexColumnUsage>
</ind_PK_UK>
<ind_PK_UK id="F8F052E2-511B-287F-3675-F8A2B97A457B" name="CON_TRATO__IDX">
<createdBy>Charchilla</createdBy>
<createdTime>2025-08-31 04:13:48 UTC</createdTime>
<ownerDesignName>S3</ownerDesignName>
<indexState>Unique Plain Index</indexState>
<isSurrogateKey>false</isSurrogateKey>
<relationGeneratorID>66F70B3B-050D-CB51-B994-76F5DE2A9960</relationGeneratorID>
<indexColumnUsage>
<colUsage columnID="129BE927-C1FF-30D0-0966-847E7667CAD3"/>
</indexColumnUsage>
</ind_PK_UK>
<ind_PK_UK id="95CD39BA-6BBB-EB70-2540-9F3C19BFB068" name="CON_TRATO_APODERADO_FK">
<createdBy>Charchilla</createdBy>
<createdTime>2025-08-31 04:13:48 UTC</createdTime>
<generatorID>66F70B3B-050D-CB51-B994-76F5DE2A9960</generatorID>
<ownerDesignName>S3</ownerDesignName>
<indexState>Foreign Key</indexState>
<isSurrogateKey>false</isSurrogateKey>
<indexColumnUsage>
<colUsage columnID="129BE927-C1FF-30D0-0966-847E7667CAD3"/>
</indexColumnUsage>
</ind_PK_UK>
</indexes>
</Table>