<?xml version = '1.0' encoding = 'UTF-8'?>
<FKArc class="oracle.dbtools.crest.model.design.relational.FKArc" directorySegmentName="seg_0" id="7FABCB92-789E-1025-9C84-AC74A38E7432" name="FKArc_1">
<createdBy>Charchilla</createdBy>
<createdTime>2025-08-23 23:45:57 UTC</createdTime>
<ownerDesignName>s2</ownerDesignName>
<mandatory>false</mandatory>
<reverseArc>true</reverseArc>
<table>E2ADEE93-08FD-A63F-BF80-EB684B2F2522</table>
<fkeys>
<fkeyID>A87F36B1-956D-1358-126E-24260319E60B</fkeyID>
<fkeyID>E884CE00-385A-E3D3-E479-EC4140937E9F</fkeyID>
</fkeys>
</FKArc>