<?xml version = '1.0' encoding = 'UTF-8'?>
<FKArc class="oracle.dbtools.crest.model.design.relational.FKArc" directorySegmentName="seg_0" id="AF64D097-EB30-18CC-7484-56A303F8B1CC" name="FKArc_1">
<createdBy>Charchilla</createdBy>
<createdTime>2025-10-11 20:26:41 UTC</createdTime>
<ownerDesignName>WORK-S9</ownerDesignName>
<mandatory>false</mandatory>
<reverseArc>true</reverseArc>
<table>8C960DB0-E75A-5152-87B9-6E93E437327A</table>
<fkeys>
<fkeyID>E45DC8EF-8706-D50B-7412-5226573E64C2</fkeyID>
<fkeyID>A546E626-9B78-581B-6C80-392C4DFEDAA6</fkeyID>
<fkeyID>32E3F89E-8D8A-1B0F-D2BD-20B7A3AB86F7</fkeyID>
</fkeys>
</FKArc>