<?xml version = '1.0' encoding = 'UTF-8'?>
<Table class="oracle.dbtools.crest.model.design.relational.Table" directorySegmentName="seg_0" id="093DE111-FEED-A318-D4DB-80A3E0A6FB6C" name="JEFE_TURNO">
<createdBy>Charchilla</createdBy>
<createdTime>2025-10-11 20:26:41 UTC</createdTime>
<generatorID>25FC76E3-4259-33C4-37EF-69C4AF0B8A4A</generatorID>
<ownerDesignName>WORK-S9</ownerDesignName>
<allowColumnReorder>false</allowColumnReorder>
<existDependencyGenerateInDDl>true</existDependencyGenerateInDDl>
<parsed>true</parsed>
<columns itemClass="oracle.dbtools.crest.model.design.relational.Column">
<Column name="id_empleado" id="8B7C3FBA-259B-F589-7E47-E33607C11E39">
<createdBy>Charchilla</createdBy>
<createdTime>2025-10-11 20:26:41 UTC</createdTime>
<generatorID>D1BE5B09-C5FE-E8A9-77DF-12F22887B8E6</generatorID>
<ownerDesignName>WORK-S9</ownerDesignName>
<useDomainConstraints>false</useDomainConstraints>
<use>1</use>
<logicalDatatype>LOGDT024</logicalDatatype>
<dataTypeSize>15</dataTypeSize>
<ownDataTypeParameters>,,</ownDataTypeParameters>
<autoIncrementCycle>false</autoIncrementCycle>
<associations>
<colAssociation fkAssociation="E45DC8EF-8706-D50B-7412-5226573E64C2" referredColumn="A10A43C8-B0C3-DCBD-D558-D3DBD68B7CB5"/>
</associations>
</Column>
<Column name="area_responsabilidad" id="A3461F2C-9C0C-ABB7-7EAF-95DBA5FE4017">
<createdBy>Charchilla</createdBy>
<createdTime>2025-10-11 20:26:41 UTC</createdTime>
<generatorID>1ADB1791-1A80-7AB0-35DB-D924ECFF352E</generatorID>
<ownerDesignName>WORK-S9</ownerDesignName>
<nullsAllowed>true</nullsAllowed>
<useDomainConstraints>false</useDomainConstraints>
<use>1</use>
<logicalDatatype>LOGDT024</logicalDatatype>
<dataTypeSize>50</dataTypeSize>
<ownDataTypeParameters>50,,</ownDataTypeParameters>
<autoIncrementCycle>false</autoIncrementCycle>
</Column>
<Column name="max_operarios" id="8F521519-EC3C-785A-B7F8-2D2393F77B94">
<createdBy>Charchilla</createdBy>
<createdTime>2025-10-11 20:26:41 UTC</createdTime>
<generatorID>6B1EB5C6-7DB0-D330-224A-98D0ADDE2444</generatorID>
<ownerDesignName>WORK-S9</ownerDesignName>
<nullsAllowed>true</nullsAllowed>
<useDomainConstraints>false</useDomainConstraints>
<use>1</use>
<logicalDatatype>LOGDT024</logicalDatatype>
<dataTypeSize>4</dataTypeSize>
<ownDataTypeParameters>4,,</ownDataTypeParameters>
<autoIncrementCycle>false</autoIncrementCycle>
</Column>
<Column name="id_empleado1" id="FCA4FC9C-13AD-0A60-1BAD-3D30DADAB420">
<createdBy>Charchilla</createdBy>
<createdTime>2025-10-11 20:26:41 UTC</createdTime>
<generatorID>B9327AD8-5665-54E8-7B68-35990B395BEF</generatorID>
<ownerDesignName>WORK-S9</ownerDesignName>
<useDomainConstraints>false</useDomainConstraints>
<use>1</use>
<logicalDatatype>LOGDT024</logicalDatatype>
<dataTypeSize>15</dataTypeSize>
<ownDataTypeParameters>15,,</ownDataTypeParameters>
<autoIncrementCycle>false</autoIncrementCycle>
</Column>
</columns>
<indexes itemClass="oracle.dbtools.crest.model.design.relational.Index">
<ind_PK_UK id="D4FC8CBE-FB68-7897-6D9E-498593A44575" name="JEFE_TURNO_PK">
<createdBy>Charchilla</createdBy>
<createdTime>2025-10-11 20:26:41 UTC</createdTime>
<generatorID>DF444741-276C-ED72-F8F9-FA91062D8D89</generatorID>
<ownerDesignName>WORK-S9</ownerDesignName>
<pk>true</pk>
<indexState>Primary Constraint</indexState>
<isSurrogateKey>false</isSurrogateKey>
<indexColumnUsage>
<colUsage columnID="8B7C3FBA-259B-F589-7E47-E33607C11E39"/>
</indexColumnUsage>
</ind_PK_UK>
<ind_PK_UK id="4FA0CFE4-0B43-E8A8-D983-14BD58227864" name="JEFE_TURNO_EMPLEADO_FK">
<createdBy>Charchilla</createdBy>
<createdTime>2025-10-11 20:26:41 UTC</createdTime>
<generatorID>3318397D-2966-0ABA-1AB5-53AE1E0CD8B8</generatorID>
<ownerDesignName>WORK-S9</ownerDesignName>
<indexState>Foreign Key</indexState>
<isSurrogateKey>false</isSurrogateKey>
<indexColumnUsage>
<colUsage columnID="8B7C3FBA-259B-F589-7E47-E33607C11E39"/>
</indexColumnUsage>
</ind_PK_UK>
</indexes>
</Table>