<?xml version = '1.0' encoding = 'UTF-8'?>
<Table class="oracle.dbtools.crest.model.design.relational.Table" directorySegmentName="seg_0" id="0E9BE994-35C0-707C-63F3-FE01224A89A5" name="SALUD">
<createdBy>Charchilla</createdBy>
<createdTime>2025-10-11 20:26:41 UTC</createdTime>
<generatorID>4231F0CE-39EC-02BC-27DF-5FA53CB41FD3</generatorID>
<ownerDesignName>WORK-S9</ownerDesignName>
<allowColumnReorder>false</allowColumnReorder>
<existDependencyGenerateInDDl>true</existDependencyGenerateInDDl>
<parsed>true</parsed>
<columns itemClass="oracle.dbtools.crest.model.design.relational.Column">
<Column name="id_salud" id="D9CB2E87-BE58-B919-1F74-25E30B1C795D">
<createdBy>Charchilla</createdBy>
<createdTime>2025-10-11 20:26:41 UTC</createdTime>
<generatorID>78A63CA3-C514-008A-5876-3479B564AD3F</generatorID>
<ownerDesignName>WORK-S9</ownerDesignName>
<useDomainConstraints>false</useDomainConstraints>
<use>1</use>
<logicalDatatype>LOGDT024</logicalDatatype>
<dataTypeSize>15</dataTypeSize>
<ownDataTypeParameters>15,,</ownDataTypeParameters>
<autoIncrementCycle>false</autoIncrementCycle>
</Column>
<Column name="nombre" id="5982619A-6238-B9C6-278B-B8A857F607AD">
<createdBy>Charchilla</createdBy>
<createdTime>2025-10-11 20:26:41 UTC</createdTime>
<generatorID>95CE284A-68E0-E792-135E-33B12E6E78D7</generatorID>
<ownerDesignName>WORK-S9</ownerDesignName>
<constraintName>UNIQUE</constraintName>
<useDomainConstraints>false</useDomainConstraints>
<use>1</use>
<logicalDatatype>LOGDT024</logicalDatatype>
<dataTypeSize>50</dataTypeSize>
<ownDataTypeParameters>50,,</ownDataTypeParameters>
<autoIncrementCycle>false</autoIncrementCycle>
</Column>
</columns>
<indexes itemClass="oracle.dbtools.crest.model.design.relational.Index">
<ind_PK_UK id="AFB7E130-C023-EEAA-974A-4547E61EFFBC" name="SALUD_PK">
<createdBy>Charchilla</createdBy>
<createdTime>2025-10-11 20:26:41 UTC</createdTime>
<generatorID>71D4C028-3FC5-645C-2EB7-5F9C628AD011</generatorID>
<ownerDesignName>WORK-S9</ownerDesignName>
<pk>true</pk>
<indexState>Primary Constraint</indexState>
<isSurrogateKey>false</isSurrogateKey>
<indexColumnUsage>
<colUsage columnID="D9CB2E87-BE58-B919-1F74-25E30B1C795D"/>
</indexColumnUsage>
</ind_PK_UK>
</indexes>
</Table>