<?xml version = '1.0' encoding = 'UTF-8'?>
<Table class="oracle.dbtools.crest.model.design.relational.Table" directorySegmentName="seg_0" id="629267B5-2471-7C60-C71D-1441D4CC45DA" name="OPERARIOS">
<createdBy>Charchilla</createdBy>
<createdTime>2025-10-11 20:26:41 UTC</createdTime>
<generatorID>4EC5D852-2A5B-2291-8E82-CE91CB513ACE</generatorID>
<ownerDesignName>WORK-S9</ownerDesignName>
<allowColumnReorder>false</allowColumnReorder>
<existDependencyGenerateInDDl>true</existDependencyGenerateInDDl>
<parsed>true</parsed>
<columns itemClass="oracle.dbtools.crest.model.design.relational.Column">
<Column name="id_empleado" id="1E5590AD-62AA-E7BD-49C5-82D9ED132B70">
<createdBy>Charchilla</createdBy>
<createdTime>2025-10-11 20:26:41 UTC</createdTime>
<generatorID>D1BE5B09-C5FE-E8A9-77DF-12F22887B8E6</generatorID>
<ownerDesignName>WORK-S9</ownerDesignName>
<useDomainConstraints>false</useDomainConstraints>
<use>1</use>
<logicalDatatype>LOGDT024</logicalDatatype>
<dataTypeSize>15</dataTypeSize>
<ownDataTypeParameters>,,</ownDataTypeParameters>
<autoIncrementCycle>false</autoIncrementCycle>
<associations>
<colAssociation fkAssociation="A546E626-9B78-581B-6C80-392C4DFEDAA6" referredColumn="A10A43C8-B0C3-DCBD-D558-D3DBD68B7CB5"/>
</associations>
</Column>
<Column name="cat_proceso" id="8D6C1B00-5F3A-EB62-F417-025EA5B0C27A">
<createdBy>Charchilla</createdBy>
<createdTime>2025-10-11 20:26:41 UTC</createdTime>
<generatorID>590A78B5-FF9D-EE0C-20C3-96206CED136A</generatorID>
<ownerDesignName>WORK-S9</ownerDesignName>
<useDomainConstraints>false</useDomainConstraints>
<use>1</use>
<logicalDatatype>LOGDT024</logicalDatatype>
<dataTypeSize>30</dataTypeSize>
<ownDataTypeParameters>30,,</ownDataTypeParameters>
<autoIncrementCycle>false</autoIncrementCycle>
</Column>
<Column name="certificacion" id="62E76F03-6947-9989-BA42-C61D29168823">
<createdBy>Charchilla</createdBy>
<createdTime>2025-10-11 20:26:41 UTC</createdTime>
<generatorID>15F21CD3-4938-0311-6184-DA97663F8FE6</generatorID>
<ownerDesignName>WORK-S9</ownerDesignName>
<nullsAllowed>true</nullsAllowed>
<useDomainConstraints>false</useDomainConstraints>
<use>1</use>
<logicalDatatype>LOGDT024</logicalDatatype>
<dataTypeSize>50</dataTypeSize>
<ownDataTypeParameters>50,,</ownDataTypeParameters>
<autoIncrementCycle>false</autoIncrementCycle>
</Column>
<Column name="h_turno" id="FFAADE1C-66CC-0C13-D7C1-F1FEC96A7D64">
<createdBy>Charchilla</createdBy>
<createdTime>2025-10-11 20:26:41 UTC</createdTime>
<generatorID>4EB58E39-165D-F72B-30A0-C15CF7FA2CFC</generatorID>
<ownerDesignName>WORK-S9</ownerDesignName>
<useDomainConstraints>false</useDomainConstraints>
<use>1</use>
<logicalDatatype>LOGDT024</logicalDatatype>
<dataTypeSize>2</dataTypeSize>
<defaultValue>8</defaultValue>
<ownDataTypeParameters>2,,</ownDataTypeParameters>
<autoIncrementCycle>false</autoIncrementCycle>
</Column>
</columns>
<indexes itemClass="oracle.dbtools.crest.model.design.relational.Index">
<ind_PK_UK id="F952F225-591D-1BD3-0286-4204ADAF0612" name="OPERARIOS_PK">
<createdBy>Charchilla</createdBy>
<createdTime>2025-10-11 20:26:41 UTC</createdTime>
<generatorID>DF444741-276C-ED72-F8F9-FA91062D8D89</generatorID>
<ownerDesignName>WORK-S9</ownerDesignName>
<pk>true</pk>
<indexState>Primary Constraint</indexState>
<isSurrogateKey>false</isSurrogateKey>
<indexColumnUsage>
<colUsage columnID="1E5590AD-62AA-E7BD-49C5-82D9ED132B70"/>
</indexColumnUsage>
</ind_PK_UK>
<ind_PK_UK id="2AB9535B-126A-BECD-6236-A7A443B21E58" name="OPERARIOS_EMPLEADO_FK">
<createdBy>Charchilla</createdBy>
<createdTime>2025-10-11 20:26:41 UTC</createdTime>
<generatorID>5608DEC2-3187-7BCC-D312-C1E9913B7607</generatorID>
<ownerDesignName>WORK-S9</ownerDesignName>
<indexState>Foreign Key</indexState>
<isSurrogateKey>false</isSurrogateKey>
<indexColumnUsage>
<colUsage columnID="1E5590AD-62AA-E7BD-49C5-82D9ED132B70"/>
</indexColumnUsage>
</ind_PK_UK>
</indexes>
</Table>