<?xml version = '1.0' encoding = 'UTF-8'?>
<Table class="oracle.dbtools.crest.model.design.relational.Table" directorySegmentName="seg_0" id="8C960DB0-E75A-5152-87B9-6E93E437327A" name="EMPLEADO">
<createdBy>Charchilla</createdBy>
<createdTime>2025-10-11 20:26:41 UTC</createdTime>
<generatorID>47811FA1-E382-8EA9-3EE7-C248DE56B23B</generatorID>
<ownerDesignName>WORK-S9</ownerDesignName>
<allowColumnReorder>false</allowColumnReorder>
<existDependencyGenerateInDDl>true</existDependencyGenerateInDDl>
<parsed>true</parsed>
<columns itemClass="oracle.dbtools.crest.model.design.relational.Column">
<Column name="id_empleado" id="A10A43C8-B0C3-DCBD-D558-D3DBD68B7CB5">
<createdBy>Charchilla</createdBy>
<createdTime>2025-10-11 20:26:41 UTC</createdTime>
<generatorID>D1BE5B09-C5FE-E8A9-77DF-12F22887B8E6</generatorID>
<ownerDesignName>WORK-S9</ownerDesignName>
<useDomainConstraints>false</useDomainConstraints>
<use>1</use>
<logicalDatatype>LOGDT024</logicalDatatype>
<dataTypeSize>15</dataTypeSize>
<ownDataTypeParameters>15,,</ownDataTypeParameters>
<autoIncrementCycle>false</autoIncrementCycle>
</Column>
<Column name="rut" id="2447EC4B-DC19-F506-20C9-0991D0B2862F">
<createdBy>Charchilla</createdBy>
<createdTime>2025-10-11 20:26:41 UTC</createdTime>
<generatorID>DA98B0E4-662E-9966-C196-F3F10439D2BE</generatorID>
<ownerDesignName>WORK-S9</ownerDesignName>
<useDomainConstraints>false</useDomainConstraints>
<use>1</use>
<logicalDatatype>LOGDT024</logicalDatatype>
<dataTypeSize>15</dataTypeSize>
<ownDataTypeParameters>15,,</ownDataTypeParameters>
<autoIncrementCycle>false</autoIncrementCycle>
</Column>
<Column name="nombres" id="AF027766-EF20-5301-A16E-18FF2AA9A284">
<createdBy>Charchilla</createdBy>
<createdTime>2025-10-11 20:26:41 UTC</createdTime>
<generatorID>D6BC2EBA-E90A-9877-A548-A8875C738A35</generatorID>
<ownerDesignName>WORK-S9</ownerDesignName>
<useDomainConstraints>false</useDomainConstraints>
<use>1</use>
<logicalDatatype>LOGDT024</logicalDatatype>
<dataTypeSize>100</dataTypeSize>
<ownDataTypeParameters>100,,</ownDataTypeParameters>
<autoIncrementCycle>false</autoIncrementCycle>
</Column>
<Column name="Apellidos" id="24E6CD07-E688-CB4A-F52E-980BB31D0786">
<createdBy>Charchilla</createdBy>
<createdTime>2025-10-11 20:26:41 UTC</createdTime>
<generatorID>3089457F-F14F-CCB5-2845-58B01D3E5189</generatorID>
<ownerDesignName>WORK-S9</ownerDesignName>
<useDomainConstraints>false</useDomainConstraints>
<use>1</use>
<logicalDatatype>LOGDT024</logicalDatatype>
<dataTypeSize>100</dataTypeSize>
<ownDataTypeParameters>100,,</ownDataTypeParameters>
<autoIncrementCycle>false</autoIncrementCycle>
</Column>
<Column name="f_contratacion" id="CDD4DFD7-E266-E46A-4A37-DC8F114C6A3C">
<createdBy>Charchilla</createdBy>
<createdTime>2025-10-11 20:26:41 UTC</createdTime>
<generatorID>D697028B-7C6E-6685-2588-53F74AF93E6A</generatorID>
<ownerDesignName>WORK-S9</ownerDesignName>
<nullsAllowed>true</nullsAllowed>
<useDomainConstraints>false</useDomainConstraints>
<use>1</use>
<logicalDatatype>LOGDT007</logicalDatatype>
<ownDataTypeParameters>,,</ownDataTypeParameters>
<autoIncrementCycle>false</autoIncrementCycle>
</Column>
<Column name="sueldo" id="C0FB6BBB-8038-299B-6CDB-673846FF2A9B">
<createdBy>Charchilla</createdBy>
<createdTime>2025-10-11 20:26:41 UTC</createdTime>
<generatorID>819FD7B9-D4BA-A25E-96C9-3FBA6EFD6D5C</generatorID>
<ownerDesignName>WORK-S9</ownerDesignName>
<nullsAllowed>true</nullsAllowed>
<useDomainConstraints>false</useDomainConstraints>
<use>1</use>
<logicalDatatype>LOGDT024</logicalDatatype>
<dataTypeSize>12</dataTypeSize>
<ownDataTypeParameters>12,,</ownDataTypeParameters>
<autoIncrementCycle>false</autoIncrementCycle>
</Column>
<Column name="estado" id="885E2C02-C85E-F1B6-09CB-96FC6C267707">
<createdBy>Charchilla</createdBy>
<createdTime>2025-10-11 20:26:41 UTC</createdTime>
<generatorID>E14F0243-3723-9547-F592-8A71A58956A9</generatorID>
<ownerDesignName>WORK-S9</ownerDesignName>
<useDomainConstraints>false</useDomainConstraints>
<use>1</use>
<logicalDatatype>LOGDT025</logicalDatatype>
<dataTypeSize>1</dataTypeSize>
<defaultValue>s</defaultValue>
<ownDataTypeParameters>1,,</ownDataTypeParameters>
<autoIncrementCycle>false</autoIncrementCycle>
<listOfRanges>
<rangeDef class="oracle.dbtools.crest.model.design.constraint.AVT">
<beginValue>n</beginValue>
</rangeDef>
<rangeDef class="oracle.dbtools.crest.model.design.constraint.AVT">
<beginValue>s</beginValue>
</rangeDef>
</listOfRanges>
</Column>
<Column name="EMPLEADO_id_empleado" id="8DC3FAC3-98CA-B2AB-209B-2E550EFAA191">
<createdBy>Charchilla</createdBy>
<createdTime>2025-10-11 20:26:41 UTC</createdTime>
<generatorID>3B0E60D1-D91A-7755-2241-308B137794A4</generatorID>
<ownerDesignName>WORK-S9</ownerDesignName>
<useDomainConstraints>false</useDomainConstraints>
<use>1</use>
<logicalDatatype>LOGDT024</logicalDatatype>
<dataTypeSize>15</dataTypeSize>
<ownDataTypeParameters>,,</ownDataTypeParameters>
<previousColumn>false</previousColumn>
<autoIncrementCycle>false</autoIncrementCycle>
<associations>
<colAssociation fkAssociation="A63DC820-CD63-7F8C-80A5-79503DD0B710" referredColumn="A10A43C8-B0C3-DCBD-D558-D3DBD68B7CB5"/>
</associations>
</Column>
<Column name="SALUD_id_salud" id="C73730CB-339B-086C-4AF1-93CC686288C5">
<createdBy>Charchilla</createdBy>
<createdTime>2025-10-11 20:26:41 UTC</createdTime>
<generatorID>21E1A497-3073-F64C-1118-5F3B2CA9554D</generatorID>
<ownerDesignName>WORK-S9</ownerDesignName>
<useDomainConstraints>false</useDomainConstraints>
<use>1</use>
<logicalDatatype>LOGDT024</logicalDatatype>
<dataTypeSize>15</dataTypeSize>
<ownDataTypeParameters>,,</ownDataTypeParameters>
<previousColumn>false</previousColumn>
<autoIncrementCycle>false</autoIncrementCycle>
<associations>
<colAssociation fkAssociation="C2A1E7AB-06DB-511A-636A-316D8E1C6D99" referredColumn="D9CB2E87-BE58-B919-1F74-25E30B1C795D"/>
</associations>
</Column>
<Column name="AFP_id_afp" id="5846AD3B-3DD3-A84C-868C-395F07A1639C">
<createdBy>Charchilla</createdBy>
<createdTime>2025-10-11 20:26:41 UTC</createdTime>
<generatorID>D0106885-52E1-F387-4BB8-B2A3060AA22A</generatorID>
<ownerDesignName>WORK-S9</ownerDesignName>
<useDomainConstraints>false</useDomainConstraints>
<use>1</use>
<logicalDatatype>LOGDT024</logicalDatatype>
<dataTypeSize>15</dataTypeSize>
<ownDataTypeParameters>,,</ownDataTypeParameters>
<previousColumn>false</previousColumn>
<autoIncrementCycle>false</autoIncrementCycle>
<associations>
<colAssociation fkAssociation="DC9A70AA-8C93-3A21-DE3A-7B30683E0803" referredColumn="37C9D69E-14C8-8DBE-F6B1-95D11656F43D"/>
</associations>
</Column>
<Column name="Planta_id_planta" id="B8D8635C-6368-0CFB-2284-05652C7F248F">
<createdBy>Charchilla</createdBy>
<createdTime>2025-10-11 20:26:41 UTC</createdTime>
<generatorID>2D00593B-6F11-D912-D55F-F73C9EEFB134</generatorID>
<ownerDesignName>WORK-S9</ownerDesignName>
<useDomainConstraints>false</useDomainConstraints>
<use>1</use>
<logicalDatatype>LOGDT024</logicalDatatype>
<dataTypeSize>15</dataTypeSize>
<ownDataTypeParameters>,,</ownDataTypeParameters>
<previousColumn>false</previousColumn>
<autoIncrementCycle>false</autoIncrementCycle>
<associations>
<colAssociation fkAssociation="3ABE946C-DAFD-2F95-37C8-8661118EB438" referredColumn="0DF375B9-F3E1-681B-70BA-084B99E5BF51"/>
</associations>
</Column>
</columns>
<indexes itemClass="oracle.dbtools.crest.model.design.relational.Index">
<ind_PK_UK id="CC45CECD-708D-D993-98AD-82703A9B6751" name="EMPLEADO_PK">
<createdBy>Charchilla</createdBy>
<createdTime>2025-10-11 20:26:41 UTC</createdTime>
<generatorID>DF444741-276C-ED72-F8F9-FA91062D8D89</generatorID>
<ownerDesignName>WORK-S9</ownerDesignName>
<pk>true</pk>
<indexState>Primary Constraint</indexState>
<isSurrogateKey>false</isSurrogateKey>
<indexColumnUsage>
<colUsage columnID="A10A43C8-B0C3-DCBD-D558-D3DBD68B7CB5"/>
</indexColumnUsage>
</ind_PK_UK>
<ind_PK_UK id="59CA5CE1-36C7-6BBC-31D4-3F7E5CD87139" name="EMPLEADO_EMPLEADO_FK">
<createdBy>Charchilla</createdBy>
<createdTime>2025-10-11 20:26:41 UTC</createdTime>
<generatorID>DFC439D2-D90F-A5F5-6780-15165BEACBB9</generatorID>
<ownerDesignName>WORK-S9</ownerDesignName>
<indexState>Foreign Key</indexState>
<isSurrogateKey>false</isSurrogateKey>
<indexColumnUsage>
<colUsage columnID="8DC3FAC3-98CA-B2AB-209B-2E550EFAA191"/>
</indexColumnUsage>
</ind_PK_UK>
<ind_PK_UK id="DF287EC0-6D7B-2F68-9412-FCB46D7F4149" name="EMPLEADO_Planta_FK">
<createdBy>Charchilla</createdBy>
<createdTime>2025-10-11 20:26:41 UTC</createdTime>
<generatorID>F1C73B81-A8CD-FDA4-C664-AC287BD36193</generatorID>
<ownerDesignName>WORK-S9</ownerDesignName>
<indexState>Foreign Key</indexState>
<isSurrogateKey>false</isSurrogateKey>
<indexColumnUsage>
<colUsage columnID="B8D8635C-6368-0CFB-2284-05652C7F248F"/>
</indexColumnUsage>
</ind_PK_UK>
<ind_PK_UK id="C31E55AB-72D5-A95A-5A07-53BB1FB43720" name="EMPLEADO_SALUD_FK">
<createdBy>Charchilla</createdBy>
<createdTime>2025-10-11 20:26:41 UTC</createdTime>
<generatorID>6D2E6012-DBE8-EAC9-407F-14FC4CDA25AE</generatorID>
<ownerDesignName>WORK-S9</ownerDesignName>
<indexState>Foreign Key</indexState>
<isSurrogateKey>false</isSurrogateKey>
<indexColumnUsage>
<colUsage columnID="C73730CB-339B-086C-4AF1-93CC686288C5"/>
</indexColumnUsage>
</ind_PK_UK>
<ind_PK_UK id="0D0FFAB4-40B4-0DAC-35EF-A7CD1A463A1E" name="EMPLEADO_AFP_FK">
<createdBy>Charchilla</createdBy>
<createdTime>2025-10-11 20:26:41 UTC</createdTime>
<generatorID>94D9C04E-F601-C574-2A7C-C8BB9AB5E5E2</generatorID>
<ownerDesignName>WORK-S9</ownerDesignName>
<indexState>Foreign Key</indexState>
<isSurrogateKey>false</isSurrogateKey>
<indexColumnUsage>
<colUsage columnID="5846AD3B-3DD3-A84C-868C-395F07A1639C"/>
</indexColumnUsage>
</ind_PK_UK>
</indexes>
</Table>