<?xml version = '1.0' encoding = 'UTF-8'?>
<Table class="oracle.dbtools.crest.model.design.relational.Table" directorySegmentName="seg_0" id="BDE60476-02EE-B4A7-48F4-15AE38F2421A" name="MAQUINA">
<createdBy>Charchilla</createdBy>
<createdTime>2025-10-11 20:26:41 UTC</createdTime>
<generatorID>52FF3088-D915-5461-452C-344C469E3887</generatorID>
<ownerDesignName>WORK-S9</ownerDesignName>
<allowColumnReorder>false</allowColumnReorder>
<existDependencyGenerateInDDl>true</existDependencyGenerateInDDl>
<parsed>true</parsed>
<columns itemClass="oracle.dbtools.crest.model.design.relational.Column">
<Column name="numero" id="31DC4621-AF48-D7C1-63D3-C88D094566B2">
<createdBy>Charchilla</createdBy>
<createdTime>2025-10-11 20:26:41 UTC</createdTime>
<generatorID>8B25F63E-D57B-932A-E7E4-6D8560E7FED3</generatorID>
<ownerDesignName>WORK-S9</ownerDesignName>
<useDomainConstraints>false</useDomainConstraints>
<use>1</use>
<logicalDatatype>LOGDT024</logicalDatatype>
<dataTypeSize>15</dataTypeSize>
<ownDataTypeParameters>15,,</ownDataTypeParameters>
<autoIncrementCycle>false</autoIncrementCycle>
</Column>
<Column name="nombre" id="E9347549-DCF2-1D93-540F-5BB7A5029792">
<createdBy>Charchilla</createdBy>
<createdTime>2025-10-11 20:26:41 UTC</createdTime>
<generatorID>98F6D03E-908E-9ABA-0930-78C0F69FCF3E</generatorID>
<ownerDesignName>WORK-S9</ownerDesignName>
<nullsAllowed>true</nullsAllowed>
<useDomainConstraints>false</useDomainConstraints>
<use>1</use>
<logicalDatatype>LOGDT024</logicalDatatype>
<dataTypeSize>50</dataTypeSize>
<ownDataTypeParameters>50,,</ownDataTypeParameters>
<autoIncrementCycle>false</autoIncrementCycle>
</Column>
<Column name="estado" id="259F2B52-684E-4D24-D69B-E958F5E0B565">
<createdBy>Charchilla</createdBy>
<createdTime>2025-10-11 20:26:41 UTC</createdTime>
<generatorID>53B6CD9F-DD5E-5EEC-98C8-9D7306E0085C</generatorID>
<ownerDesignName>WORK-S9</ownerDesignName>
<nullsAllowed>true</nullsAllowed>
<useDomainConstraints>false</useDomainConstraints>
<use>1</use>
<logicalDatatype>LOGDT025</logicalDatatype>
<dataTypeSize>1</dataTypeSize>
<ownDataTypeParameters>1,,</ownDataTypeParameters>
<autoIncrementCycle>false</autoIncrementCycle>
</Column>
<Column name="TIPO_MAQUINA_id_tipo_maq" id="253C6C67-E7B0-870B-A340-0EC5F1250FD0">
<createdBy>Charchilla</createdBy>
<createdTime>2025-10-11 20:26:41 UTC</createdTime>
<generatorID>576003EF-0D94-3870-C813-4544AF3AC3B4</generatorID>
<ownerDesignName>WORK-S9</ownerDesignName>
<useDomainConstraints>false</useDomainConstraints>
<use>1</use>
<logicalDatatype>LOGDT024</logicalDatatype>
<dataTypeSize>15</dataTypeSize>
<ownDataTypeParameters>,,</ownDataTypeParameters>
<previousColumn>false</previousColumn>
<autoIncrementCycle>false</autoIncrementCycle>
<associations>
<colAssociation fkAssociation="5E3F67E1-F74C-28B4-8728-D67225107FE9" referredColumn="EBDA91B9-1FB2-CDA4-9CE4-6A9D594012CC"/>
</associations>
</Column>
<Column name="Planta_id_planta" id="E7515B12-949A-1FE9-4006-001A195EB1E1">
<createdBy>Charchilla</createdBy>
<createdTime>2025-10-11 20:26:41 UTC</createdTime>
<generatorID>4DAE870F-18BE-7821-7491-981DC5D25D2F</generatorID>
<ownerDesignName>WORK-S9</ownerDesignName>
<useDomainConstraints>false</useDomainConstraints>
<use>1</use>
<logicalDatatype>LOGDT024</logicalDatatype>
<dataTypeSize>15</dataTypeSize>
<ownDataTypeParameters>,,</ownDataTypeParameters>
<previousColumn>false</previousColumn>
<autoIncrementCycle>false</autoIncrementCycle>
<associations>
<colAssociation fkAssociation="255FDEE2-26C8-C652-D504-6490F82D1C26" referredColumn="0DF375B9-F3E1-681B-70BA-084B99E5BF51"/>
</associations>
</Column>
</columns>
<indexes itemClass="oracle.dbtools.crest.model.design.relational.Index">
<ind_PK_UK id="AD180F31-DEBE-7CD7-E5FB-81D1E078B29B" name="MAQUINA_PK">
<createdBy>Charchilla</createdBy>
<createdTime>2025-10-11 20:26:41 UTC</createdTime>
<generatorID>0FB425E1-07D1-465C-215E-0E39C4A8981E</generatorID>
<ownerDesignName>WORK-S9</ownerDesignName>
<pk>true</pk>
<indexState>Primary Constraint</indexState>
<isSurrogateKey>false</isSurrogateKey>
<indexColumnUsage>
<colUsage columnID="31DC4621-AF48-D7C1-63D3-C88D094566B2"/>
</indexColumnUsage>
</ind_PK_UK>
<ind_PK_UK id="AB5CE2A7-66D3-91B4-02A3-0CE496D535B3" name="MAQUINA_Planta_FK">
<createdBy>Charchilla</createdBy>
<createdTime>2025-10-11 20:26:41 UTC</createdTime>
<generatorID>55F5D6A4-93E3-D3CA-857A-98C658F013C7</generatorID>
<ownerDesignName>WORK-S9</ownerDesignName>
<indexState>Foreign Key</indexState>
<isSurrogateKey>false</isSurrogateKey>
<indexColumnUsage>
<colUsage columnID="E7515B12-949A-1FE9-4006-001A195EB1E1"/>
</indexColumnUsage>
</ind_PK_UK>
<ind_PK_UK id="CC762C7A-544E-5368-28E1-0522E836A526" name="MAQUINA_TIPO_MAQUINA_FK">
<createdBy>Charchilla</createdBy>
<createdTime>2025-10-11 20:26:41 UTC</createdTime>
<generatorID>8140DC1C-EA08-2BEF-F3FA-E9BA89BA9349</generatorID>
<ownerDesignName>WORK-S9</ownerDesignName>
<indexState>Foreign Key</indexState>
<isSurrogateKey>false</isSurrogateKey>
<indexColumnUsage>
<colUsage columnID="253C6C67-E7B0-870B-A340-0EC5F1250FD0"/>
</indexColumnUsage>
</ind_PK_UK>
</indexes>
</Table>