<?xml version = '1.0' encoding = 'UTF-8'?>
<Table class="oracle.dbtools.crest.model.design.relational.Table" directorySegmentName="seg_0" id="C40B3244-BCAF-F289-B8BF-C44E1F1DDB75" name="ASIG_TURNO">
<createdBy>Charchilla</createdBy>
<createdTime>2025-10-11 20:26:41 UTC</createdTime>
<generatorID>B1757D73-DCBE-88A8-96B0-A4A1D4034E99</generatorID>
<ownerDesignName>WORK-S9</ownerDesignName>
<allowColumnReorder>false</allowColumnReorder>
<existDependencyGenerateInDDl>true</existDependencyGenerateInDDl>
<parsed>true</parsed>
<columns itemClass="oracle.dbtools.crest.model.design.relational.Column">
<Column name="id_asignacion" id="4A37FF73-61E2-819D-3007-82ED5CCB2A78">
<createdBy>Charchilla</createdBy>
<createdTime>2025-10-11 20:26:41 UTC</createdTime>
<generatorID>76D21EA0-092E-731F-4E0E-FEAFF3626D23</generatorID>
<ownerDesignName>WORK-S9</ownerDesignName>
<useDomainConstraints>false</useDomainConstraints>
<use>1</use>
<logicalDatatype>LOGDT024</logicalDatatype>
<dataTypeSize>15</dataTypeSize>
<ownDataTypeParameters>15,,</ownDataTypeParameters>
<autoIncrementCycle>false</autoIncrementCycle>
</Column>
<Column name="fecha" id="33F752D8-557B-2466-9391-67DCBCEBCCE3">
<createdBy>Charchilla</createdBy>
<createdTime>2025-10-11 20:26:41 UTC</createdTime>
<generatorID>073B8A28-A1D7-A245-ECE5-12442641D475</generatorID>
<ownerDesignName>WORK-S9</ownerDesignName>
<useDomainConstraints>false</useDomainConstraints>
<use>1</use>
<logicalDatatype>LOGDT007</logicalDatatype>
<ownDataTypeParameters>,,</ownDataTypeParameters>
<autoIncrementCycle>false</autoIncrementCycle>
</Column>
<Column name="rol" id="C39A27FB-E98E-991E-A505-111A78A5A697">
<createdBy>Charchilla</createdBy>
<createdTime>2025-10-11 20:26:41 UTC</createdTime>
<generatorID>926A4003-0ACE-E3C8-390B-909D8417170C</generatorID>
<ownerDesignName>WORK-S9</ownerDesignName>
<useDomainConstraints>false</useDomainConstraints>
<use>1</use>
<logicalDatatype>LOGDT024</logicalDatatype>
<dataTypeSize>50</dataTypeSize>
<ownDataTypeParameters>50,,</ownDataTypeParameters>
<autoIncrementCycle>false</autoIncrementCycle>
</Column>
<Column name="TURNO_id_turno" id="A5144BCA-7B13-00C8-4E41-BFCA373FB53E">
<createdBy>Charchilla</createdBy>
<createdTime>2025-10-11 20:26:41 UTC</createdTime>
<generatorID>5A04AC99-3060-27A0-C430-1B935FCFC854</generatorID>
<ownerDesignName>WORK-S9</ownerDesignName>
<useDomainConstraints>false</useDomainConstraints>
<use>1</use>
<logicalDatatype>LOGDT024</logicalDatatype>
<dataTypeSize>15</dataTypeSize>
<ownDataTypeParameters>,,</ownDataTypeParameters>
<previousColumn>false</previousColumn>
<autoIncrementCycle>false</autoIncrementCycle>
<associations>
<colAssociation fkAssociation="5692E77E-B43A-B5BE-FD86-E2596A8245B7" referredColumn="B38EFA84-A7C7-8C11-7A13-CD891F1C28AD"/>
</associations>
</Column>
<Column name="EMPLEADO_id_empleado" id="0AE4AF69-6CB2-66BE-221D-777757BE040F">
<createdBy>Charchilla</createdBy>
<createdTime>2025-10-11 20:26:41 UTC</createdTime>
<generatorID>3A0EB9C7-84DF-9F61-7D5B-023C371AE19A</generatorID>
<ownerDesignName>WORK-S9</ownerDesignName>
<useDomainConstraints>false</useDomainConstraints>
<use>1</use>
<logicalDatatype>LOGDT024</logicalDatatype>
<dataTypeSize>15</dataTypeSize>
<ownDataTypeParameters>,,</ownDataTypeParameters>
<previousColumn>false</previousColumn>
<autoIncrementCycle>false</autoIncrementCycle>
<associations>
<colAssociation fkAssociation="FF55D3A5-8388-BF8D-4795-629845488FDF" referredColumn="A10A43C8-B0C3-DCBD-D558-D3DBD68B7CB5"/>
</associations>
</Column>
<Column name="MAQUINA_numero" id="B067FE54-EBDE-176D-EB5B-3F37AA78E283">
<createdBy>Charchilla</createdBy>
<createdTime>2025-10-11 20:26:41 UTC</createdTime>
<generatorID>10C76A8C-9E8D-FD9C-FB24-14DA8A9EC240</generatorID>
<ownerDesignName>WORK-S9</ownerDesignName>
<useDomainConstraints>false</useDomainConstraints>
<use>1</use>
<logicalDatatype>LOGDT024</logicalDatatype>
<dataTypeSize>15</dataTypeSize>
<ownDataTypeParameters>,,</ownDataTypeParameters>
<previousColumn>false</previousColumn>
<autoIncrementCycle>false</autoIncrementCycle>
<associations>
<colAssociation fkAssociation="5097813C-71D3-8E1E-F06E-7FF162D94F7A" referredColumn="31DC4621-AF48-D7C1-63D3-C88D094566B2"/>
</associations>
</Column>
</columns>
<indexes itemClass="oracle.dbtools.crest.model.design.relational.Index">
<ind_PK_UK id="F86A816C-99ED-39BB-89C1-D3E9B3749769" name="ASIG_TURNO_PK">
<createdBy>Charchilla</createdBy>
<createdTime>2025-10-11 20:26:41 UTC</createdTime>
<generatorID>31DA78AE-F124-E06E-D750-E1DD84152118</generatorID>
<ownerDesignName>WORK-S9</ownerDesignName>
<pk>true</pk>
<indexState>Primary Constraint</indexState>
<isSurrogateKey>false</isSurrogateKey>
<indexColumnUsage>
<colUsage columnID="4A37FF73-61E2-819D-3007-82ED5CCB2A78"/>
</indexColumnUsage>
</ind_PK_UK>
<ind_PK_UK id="59E98699-1816-FED2-CE07-782E21D04642" name="ASIG_TURNO_EMPLEADO_FK">
<createdBy>Charchilla</createdBy>
<createdTime>2025-10-11 20:26:41 UTC</createdTime>
<generatorID>2ADF5AFB-60A2-9A06-9784-E1DDF546383E</generatorID>
<ownerDesignName>WORK-S9</ownerDesignName>
<indexState>Foreign Key</indexState>
<isSurrogateKey>false</isSurrogateKey>
<indexColumnUsage>
<colUsage columnID="0AE4AF69-6CB2-66BE-221D-777757BE040F"/>
</indexColumnUsage>
</ind_PK_UK>
<ind_PK_UK id="B9CA5E69-2705-8AF8-D816-68E95437A851" name="ASIG_TURNO_MAQUINA_FK">
<createdBy>Charchilla</createdBy>
<createdTime>2025-10-11 20:26:41 UTC</createdTime>
<generatorID>DC6463F6-AF47-0C0B-CC42-A7AD62BD9259</generatorID>
<ownerDesignName>WORK-S9</ownerDesignName>
<indexState>Foreign Key</indexState>
<isSurrogateKey>false</isSurrogateKey>
<indexColumnUsage>
<colUsage columnID="B067FE54-EBDE-176D-EB5B-3F37AA78E283"/>
</indexColumnUsage>
</ind_PK_UK>
<ind_PK_UK id="15678B37-5EF3-5129-6827-EE41F08E9DFB" name="ASIG_TURNO_TURNO_FK">
<createdBy>Charchilla</createdBy>
<createdTime>2025-10-11 20:26:41 UTC</createdTime>
<generatorID>34CFBB8B-5A33-5968-4C1E-29F7B8B5E25A</generatorID>
<ownerDesignName>WORK-S9</ownerDesignName>
<indexState>Foreign Key</indexState>
<isSurrogateKey>false</isSurrogateKey>
<indexColumnUsage>
<colUsage columnID="A5144BCA-7B13-00C8-4E41-BFCA373FB53E"/>
</indexColumnUsage>
</ind_PK_UK>
</indexes>
</Table>