<?xml version = '1.0' encoding = 'UTF-8'?>
<Table class="oracle.dbtools.crest.model.design.relational.Table" directorySegmentName="seg_0" id="CD1C39D4-B416-BE37-1B30-04DB470F4690" name="TURNO">
<createdBy>Charchilla</createdBy>
<createdTime>2025-10-11 20:26:41 UTC</createdTime>
<generatorID>710AE7BA-C7CF-4C45-F6E6-3AE2211855D1</generatorID>
<ownerDesignName>WORK-S9</ownerDesignName>
<allowColumnReorder>false</allowColumnReorder>
<existDependencyGenerateInDDl>true</existDependencyGenerateInDDl>
<parsed>true</parsed>
<columns itemClass="oracle.dbtools.crest.model.design.relational.Column">
<Column name="id_turno" id="B38EFA84-A7C7-8C11-7A13-CD891F1C28AD">
<createdBy>Charchilla</createdBy>
<createdTime>2025-10-11 20:26:41 UTC</createdTime>
<generatorID>91B5E3D7-D249-569E-8D26-42441C2E69D7</generatorID>
<ownerDesignName>WORK-S9</ownerDesignName>
<useDomainConstraints>false</useDomainConstraints>
<use>1</use>
<logicalDatatype>LOGDT024</logicalDatatype>
<dataTypeSize>15</dataTypeSize>
<ownDataTypeParameters>15,,</ownDataTypeParameters>
<autoIncrementCycle>false</autoIncrementCycle>
</Column>
<Column name="nombre" id="6158F97E-F9F5-D40B-1832-5C4A6A507366">
<createdBy>Charchilla</createdBy>
<createdTime>2025-10-11 20:26:41 UTC</createdTime>
<generatorID>EBDB0F11-FC2F-FC95-639C-C65C681556E5</generatorID>
<ownerDesignName>WORK-S9</ownerDesignName>
<useDomainConstraints>false</useDomainConstraints>
<use>1</use>
<logicalDatatype>LOGDT024</logicalDatatype>
<dataTypeSize>50</dataTypeSize>
<ownDataTypeParameters>50,,</ownDataTypeParameters>
<autoIncrementCycle>false</autoIncrementCycle>
</Column>
<Column name="h_inicio" id="F50249A9-E64B-2E9F-C9B7-16D4D351682A">
<createdBy>Charchilla</createdBy>
<createdTime>2025-10-11 20:26:41 UTC</createdTime>
<generatorID>BF2D1F7F-439F-3488-3BBD-562EFC56AA56</generatorID>
<ownerDesignName>WORK-S9</ownerDesignName>
<useDomainConstraints>false</useDomainConstraints>
<use>1</use>
<logicalDatatype>LOGDT024</logicalDatatype>
<dataTypeSize>5</dataTypeSize>
<ownDataTypeParameters>5,,</ownDataTypeParameters>
<autoIncrementCycle>false</autoIncrementCycle>
</Column>
<Column name="h_termino" id="95654837-16C0-9142-D5F0-68A4379B3C77">
<createdBy>Charchilla</createdBy>
<createdTime>2025-10-11 20:26:41 UTC</createdTime>
<generatorID>809C8B0A-0228-2F3A-20B5-3D4349BC53D9</generatorID>
<ownerDesignName>WORK-S9</ownerDesignName>
<useDomainConstraints>false</useDomainConstraints>
<use>1</use>
<logicalDatatype>LOGDT024</logicalDatatype>
<dataTypeSize>5</dataTypeSize>
<ownDataTypeParameters>5,,</ownDataTypeParameters>
<autoIncrementCycle>false</autoIncrementCycle>
</Column>
</columns>
<indexes itemClass="oracle.dbtools.crest.model.design.relational.Index">
<ind_PK_UK id="A8957CC2-04C5-2C5B-EE29-02BEBF5CF5D1" name="TURNO_PK">
<createdBy>Charchilla</createdBy>
<createdTime>2025-10-11 20:26:41 UTC</createdTime>
<generatorID>13AD73B7-5D22-1BD5-91FC-1629D0CD9032</generatorID>
<ownerDesignName>WORK-S9</ownerDesignName>
<pk>true</pk>
<indexState>Primary Constraint</indexState>
<isSurrogateKey>false</isSurrogateKey>
<indexColumnUsage>
<colUsage columnID="B38EFA84-A7C7-8C11-7A13-CD891F1C28AD"/>
</indexColumnUsage>
</ind_PK_UK>
</indexes>
</Table>