<?xml version = '1.0' encoding = 'UTF-8'?>
<Table class="oracle.dbtools.crest.model.design.relational.Table" directorySegmentName="seg_0" id="D5B0CC94-CECE-27B5-6472-995D83A1DDFE" name="TEC_MANTENSION">
<createdBy>Charchilla</createdBy>
<createdTime>2025-10-11 20:26:41 UTC</createdTime>
<generatorID>3E385B14-E406-9B8D-9988-6BD5B8417454</generatorID>
<ownerDesignName>WORK-S9</ownerDesignName>
<allowColumnReorder>false</allowColumnReorder>
<existDependencyGenerateInDDl>true</existDependencyGenerateInDDl>
<parsed>true</parsed>
<columns itemClass="oracle.dbtools.crest.model.design.relational.Column">
<Column name="id_empleado" id="00E03371-35CA-356B-E6A5-F233AA980A13">
<createdBy>Charchilla</createdBy>
<createdTime>2025-10-11 20:26:41 UTC</createdTime>
<generatorID>D1BE5B09-C5FE-E8A9-77DF-12F22887B8E6</generatorID>
<ownerDesignName>WORK-S9</ownerDesignName>
<useDomainConstraints>false</useDomainConstraints>
<use>1</use>
<logicalDatatype>LOGDT024</logicalDatatype>
<dataTypeSize>15</dataTypeSize>
<ownDataTypeParameters>,,</ownDataTypeParameters>
<autoIncrementCycle>false</autoIncrementCycle>
<associations>
<colAssociation fkAssociation="32E3F89E-8D8A-1B0F-D2BD-20B7A3AB86F7" referredColumn="A10A43C8-B0C3-DCBD-D558-D3DBD68B7CB5"/>
</associations>
</Column>
<Column name="especialidad" id="2727A673-3EE7-F0C6-5224-19EC4305F692">
<createdBy>Charchilla</createdBy>
<createdTime>2025-10-11 20:26:41 UTC</createdTime>
<generatorID>0C5E7981-DF4E-A43A-CFEC-532451153DF7</generatorID>
<ownerDesignName>WORK-S9</ownerDesignName>
<useDomainConstraints>false</useDomainConstraints>
<use>1</use>
<logicalDatatype>LOGDT024</logicalDatatype>
<dataTypeSize>50</dataTypeSize>
<ownDataTypeParameters>50,,</ownDataTypeParameters>
<autoIncrementCycle>false</autoIncrementCycle>
</Column>
<Column name="n_certificacion" id="B961CE33-57F9-C459-291B-45876F8C2905">
<createdBy>Charchilla</createdBy>
<createdTime>2025-10-11 20:26:41 UTC</createdTime>
<generatorID>12EF30A1-D2D3-EABB-69B9-E3A11AA16254</generatorID>
<ownerDesignName>WORK-S9</ownerDesignName>
<nullsAllowed>true</nullsAllowed>
<useDomainConstraints>false</useDomainConstraints>
<use>1</use>
<logicalDatatype>LOGDT024</logicalDatatype>
<dataTypeSize>10</dataTypeSize>
<ownDataTypeParameters>10,,</ownDataTypeParameters>
<autoIncrementCycle>false</autoIncrementCycle>
</Column>
<Column name="t_respuesta" id="6349F812-5213-2D68-D639-4D6A0E8FE48B">
<createdBy>Charchilla</createdBy>
<createdTime>2025-10-11 20:26:41 UTC</createdTime>
<generatorID>CB4A585B-1CF3-AECB-0BE8-82EAF12FB672</generatorID>
<ownerDesignName>WORK-S9</ownerDesignName>
<nullsAllowed>true</nullsAllowed>
<useDomainConstraints>false</useDomainConstraints>
<use>1</use>
<logicalDatatype>LOGDT024</logicalDatatype>
<dataTypeSize>20</dataTypeSize>
<ownDataTypeParameters>20,,</ownDataTypeParameters>
<autoIncrementCycle>false</autoIncrementCycle>
</Column>
</columns>
<indexes itemClass="oracle.dbtools.crest.model.design.relational.Index">
<ind_PK_UK id="92F1BDC4-52BF-7A31-BC9B-5AB25B152682" name="TEC_MANTENSION_PK">
<createdBy>Charchilla</createdBy>
<createdTime>2025-10-11 20:26:41 UTC</createdTime>
<generatorID>DF444741-276C-ED72-F8F9-FA91062D8D89</generatorID>
<ownerDesignName>WORK-S9</ownerDesignName>
<pk>true</pk>
<indexState>Primary Constraint</indexState>
<isSurrogateKey>false</isSurrogateKey>
<indexColumnUsage>
<colUsage columnID="00E03371-35CA-356B-E6A5-F233AA980A13"/>
</indexColumnUsage>
</ind_PK_UK>
<ind_PK_UK id="2886E916-0310-7C9C-44EA-6B0420C0E17A" name="TEC_MANTENSION_EMPLEADO_FK">
<createdBy>Charchilla</createdBy>
<createdTime>2025-10-11 20:26:41 UTC</createdTime>
<generatorID>68F85BF5-ABEB-6DBF-118D-2011537BB3A9</generatorID>
<ownerDesignName>WORK-S9</ownerDesignName>
<indexState>Foreign Key</indexState>
<isSurrogateKey>false</isSurrogateKey>
<indexColumnUsage>
<colUsage columnID="00E03371-35CA-356B-E6A5-F233AA980A13"/>
</indexColumnUsage>
</ind_PK_UK>
</indexes>
</Table>