<?xml version = '1.0' encoding = 'UTF-8'?>
<Table class="oracle.dbtools.crest.model.design.relational.Table" directorySegmentName="seg_0" id="F3404109-5330-EF70-4B91-F39ACB88FEDF" name="ORD_MANTENSION">
<createdBy>Charchilla</createdBy>
<createdTime>2025-10-11 20:26:41 UTC</createdTime>
<generatorID>EB322E31-755A-488D-6A7C-77C7439302B7</generatorID>
<ownerDesignName>WORK-S9</ownerDesignName>
<allowColumnReorder>false</allowColumnReorder>
<existDependencyGenerateInDDl>true</existDependencyGenerateInDDl>
<parsed>true</parsed>
<columns itemClass="oracle.dbtools.crest.model.design.relational.Column">
<Column name="id_orden" id="4E53F8A4-5BD8-30FB-6BBF-1990AD0B13AA">
<createdBy>Charchilla</createdBy>
<createdTime>2025-10-11 20:26:41 UTC</createdTime>
<generatorID>6CC4F1EF-2CF2-7F0B-559C-CD65E78DC047</generatorID>
<ownerDesignName>WORK-S9</ownerDesignName>
<useDomainConstraints>false</useDomainConstraints>
<use>1</use>
<logicalDatatype>LOGDT024</logicalDatatype>
<dataTypeSize>15</dataTypeSize>
<ownDataTypeParameters>15,,</ownDataTypeParameters>
<autoIncrementCycle>false</autoIncrementCycle>
</Column>
<Column name="f_programada" id="EDC5F8B0-DA1E-D175-1632-0C68A3A6C576">
<createdBy>Charchilla</createdBy>
<createdTime>2025-10-11 20:26:41 UTC</createdTime>
<generatorID>149D6593-FD34-82A6-E5A7-1B8447B647D7</generatorID>
<ownerDesignName>WORK-S9</ownerDesignName>
<useDomainConstraints>false</useDomainConstraints>
<use>1</use>
<logicalDatatype>LOGDT007</logicalDatatype>
<ownDataTypeParameters>,,</ownDataTypeParameters>
<autoIncrementCycle>false</autoIncrementCycle>
</Column>
<Column name="f_ejecucion" id="9426203F-33CA-8780-2C6E-28A4FDA9C097">
<createdBy>Charchilla</createdBy>
<createdTime>2025-10-11 20:26:41 UTC</createdTime>
<generatorID>BBAB744A-F1D6-B82C-2244-35B56E8EA1E1</generatorID>
<ownerDesignName>WORK-S9</ownerDesignName>
<useDomainConstraints>false</useDomainConstraints>
<use>1</use>
<logicalDatatype>LOGDT007</logicalDatatype>
<ownDataTypeParameters>,,</ownDataTypeParameters>
<autoIncrementCycle>false</autoIncrementCycle>
</Column>
<Column name="descripcion" id="BB973F7D-0A25-92F6-5B6A-9E0F26FF8E0D">
<createdBy>Charchilla</createdBy>
<createdTime>2025-10-11 20:26:41 UTC</createdTime>
<generatorID>EAC9284A-F936-EB9E-936C-5F7FC5F4685A</generatorID>
<ownerDesignName>WORK-S9</ownerDesignName>
<nullsAllowed>true</nullsAllowed>
<useDomainConstraints>false</useDomainConstraints>
<use>1</use>
<logicalDatatype>LOGDT024</logicalDatatype>
<dataTypeSize>200</dataTypeSize>
<ownDataTypeParameters>200,,</ownDataTypeParameters>
<autoIncrementCycle>false</autoIncrementCycle>
</Column>
<Column name="TEC_MANTENSION_id_empleado" id="E75D5646-B87A-CB71-A3CD-24757350D45A">
<createdBy>Charchilla</createdBy>
<createdTime>2025-10-11 20:26:41 UTC</createdTime>
<generatorID>E6609B00-F1A4-714F-AB6B-17A277712B01</generatorID>
<ownerDesignName>WORK-S9</ownerDesignName>
<useDomainConstraints>false</useDomainConstraints>
<use>1</use>
<logicalDatatype>LOGDT024</logicalDatatype>
<dataTypeSize>15</dataTypeSize>
<ownDataTypeParameters>,,</ownDataTypeParameters>
<previousColumn>false</previousColumn>
<autoIncrementCycle>false</autoIncrementCycle>
<associations>
<colAssociation fkAssociation="1B3B7E7E-639D-A308-ED6F-91DA712765FE" referredColumn="00E03371-35CA-356B-E6A5-F233AA980A13"/>
</associations>
</Column>
<Column name="MAQUINA_numero" id="D4946572-2F9A-F419-990C-32BB8D91C0E8">
<createdBy>Charchilla</createdBy>
<createdTime>2025-10-11 20:26:41 UTC</createdTime>
<generatorID>4932D821-2D67-A58A-19DC-D4C6360542E6</generatorID>
<ownerDesignName>WORK-S9</ownerDesignName>
<useDomainConstraints>false</useDomainConstraints>
<use>1</use>
<logicalDatatype>LOGDT024</logicalDatatype>
<dataTypeSize>15</dataTypeSize>
<ownDataTypeParameters>,,</ownDataTypeParameters>
<previousColumn>false</previousColumn>
<autoIncrementCycle>false</autoIncrementCycle>
<associations>
<colAssociation fkAssociation="C5B0BDC2-DD1F-57EF-8CFD-F31748475472" referredColumn="31DC4621-AF48-D7C1-63D3-C88D094566B2"/>
</associations>
</Column>
</columns>
<indexes itemClass="oracle.dbtools.crest.model.design.relational.Index">
<ind_PK_UK id="84DDBF0F-DF75-A336-89E7-914B2947D743" name="ORD_MANTENSION_PK">
<createdBy>Charchilla</createdBy>
<createdTime>2025-10-11 20:26:41 UTC</createdTime>
<generatorID>257A3F25-2FE0-AD70-22C3-59EB2406F5D7</generatorID>
<ownerDesignName>WORK-S9</ownerDesignName>
<pk>true</pk>
<indexState>Primary Constraint</indexState>
<isSurrogateKey>false</isSurrogateKey>
<indexColumnUsage>
<colUsage columnID="4E53F8A4-5BD8-30FB-6BBF-1990AD0B13AA"/>
</indexColumnUsage>
</ind_PK_UK>
<ind_PK_UK id="95D7936E-37E0-0E28-8F22-2850AE647F80" name="ORD_MANTENSION_TEC_MANTENSION_FK">
<createdBy>Charchilla</createdBy>
<createdTime>2025-10-11 20:26:41 UTC</createdTime>
<generatorID>D9065A3A-B5B8-97FB-0755-E8E2C9EE500F</generatorID>
<ownerDesignName>WORK-S9</ownerDesignName>
<indexState>Foreign Key</indexState>
<isSurrogateKey>false</isSurrogateKey>
<indexColumnUsage>
<colUsage columnID="E75D5646-B87A-CB71-A3CD-24757350D45A"/>
</indexColumnUsage>
</ind_PK_UK>
<ind_PK_UK id="0AAB8D87-CA38-A53B-F805-031A034EAA4A" name="ORD_MANTENSION_MAQUINA_FK">
<createdBy>Charchilla</createdBy>
<createdTime>2025-10-11 20:26:41 UTC</createdTime>
<generatorID>8727094C-1CED-E3FA-40E8-0997CA6625EE</generatorID>
<ownerDesignName>WORK-S9</ownerDesignName>
<indexState>Foreign Key</indexState>
<isSurrogateKey>false</isSurrogateKey>
<indexColumnUsage>
<colUsage columnID="D4946572-2F9A-F419-990C-32BB8D91C0E8"/>
</indexColumnUsage>
</ind_PK_UK>
</indexes>
</Table>