<?xml version = '1.0' encoding = 'UTF-8'?>
<Relation class="oracle.dbtools.crest.model.design.logical.Relation" name="Relation_2" directorySegmentName="seg_0" id="256DE45E-0E18-307F-6382-A2833ABC2F2C">
<createdBy>Charchilla</createdBy>
<createdTime>2025-10-11 16:51:24 UTC</createdTime>
<ownerDesignName>WORK-S9</ownerDesignName>
<engineerTo>
<item key="7DE37CB5-57AE-504E-B305-A2204C12A978" value="true"/>
</engineerTo>
<sourcePk>F6E6AA47-8F46-D160-2760-96773EF7C370</sourcePk>
<identifying>false</identifying>
<optionalSource>false</optionalSource>
<optionalTarget>false</optionalTarget>
<sourceCardinality>1</sourceCardinality>
<sourceEntity>B34A59C8-641C-6019-6669-C50D32593361</sourceEntity>
<targetCardinalityString>*</targetCardinalityString>
<targetEntity>F12FCFC7-742B-8988-B83C-9A8F28CD2FE4</targetEntity>
<transferable>true</transferable>
<deleteRule>NO ACTION</deleteRule>
</Relation>