<?xml version = '1.0' encoding = 'UTF-8'?>
<Relation class="oracle.dbtools.crest.model.design.logical.Relation" name="Relation_12" directorySegmentName="seg_0" id="2ADF5AFB-60A2-9A06-9784-E1DDF546383E">
<createdBy>Charchilla</createdBy>
<createdTime>2025-10-11 17:03:43 UTC</createdTime>
<ownerDesignName>WORK-S9</ownerDesignName>
<engineerTo>
<item key="503E1AB4-5499-72FA-10D3-22D1D045D6EF" value="true"/>
</engineerTo>
<sourcePk>DF444741-276C-ED72-F8F9-FA91062D8D89</sourcePk>
<targetPk>31DA78AE-F124-E06E-D750-E1DD84152118</targetPk>
<identifying>false</identifying>
<optionalSource>false</optionalSource>
<optionalTarget>false</optionalTarget>
<sourceCardinality>1</sourceCardinality>
<sourceEntity>47811FA1-E382-8EA9-3EE7-C248DE56B23B</sourceEntity>
<targetCardinalityString>*</targetCardinalityString>
<targetEntity>B1757D73-DCBE-88A8-96B0-A4A1D4034E99</targetEntity>
<transferable>true</transferable>
<deleteRule>NO ACTION</deleteRule>
</Relation>