<?xml version = '1.0' encoding = 'UTF-8'?>
<Relation class="oracle.dbtools.crest.model.design.logical.Relation" name="Relation_8" directorySegmentName="seg_0" id="34CFBB8B-5A33-5968-4C1E-29F7B8B5E25A">
<createdBy>Charchilla</createdBy>
<createdTime>2025-10-11 16:54:47 UTC</createdTime>
<ownerDesignName>WORK-S9</ownerDesignName>
<engineerTo>
<item key="7DE37CB5-57AE-504E-B305-A2204C12A978" value="true"/>
</engineerTo>
<sourcePk>13AD73B7-5D22-1BD5-91FC-1629D0CD9032</sourcePk>
<identifying>false</identifying>
<optionalSource>false</optionalSource>
<optionalTarget>false</optionalTarget>
<sourceCardinality>1</sourceCardinality>
<sourceEntity>710AE7BA-C7CF-4C45-F6E6-3AE2211855D1</sourceEntity>
<targetCardinalityString>*</targetCardinalityString>
<targetEntity>B1757D73-DCBE-88A8-96B0-A4A1D4034E99</targetEntity>
<transferable>true</transferable>
<deleteRule>NO ACTION</deleteRule>
</Relation>