<?xml version = '1.0' encoding = 'UTF-8'?>
<Relation class="oracle.dbtools.crest.model.design.logical.Relation" name="Relation_1" directorySegmentName="seg_0" id="47697FF1-E5D2-79F1-1027-7D32CA9B75DD">
<createdBy>Charchilla</createdBy>
<createdTime>2025-10-11 16:50:56 UTC</createdTime>
<ownerDesignName>WORK-S9</ownerDesignName>
<engineerTo>
<item key="7DE37CB5-57AE-504E-B305-A2204C12A978" value="true"/>
</engineerTo>
<sourcePk>FE6FF644-A60A-1765-580A-206252D1DE7D</sourcePk>
<identifying>false</identifying>
<optionalSource>false</optionalSource>
<optionalTarget>false</optionalTarget>
<sourceCardinality>1</sourceCardinality>
<sourceEntity>F45EF1AF-41C2-E141-71E7-4650A20D0C4B</sourceEntity>
<targetCardinalityString>*</targetCardinalityString>
<targetEntity>B34A59C8-641C-6019-6669-C50D32593361</targetEntity>
<transferable>true</transferable>
<deleteRule>NO ACTION</deleteRule>
</Relation>