<?xml version = '1.0' encoding = 'UTF-8'?>
<Relation class="oracle.dbtools.crest.model.design.logical.Relation" name="Relation_6" directorySegmentName="seg_0" id="6D2E6012-DBE8-EAC9-407F-14FC4CDA25AE">
<createdBy>Charchilla</createdBy>
<createdTime>2025-10-11 16:53:40 UTC</createdTime>
<ownerDesignName>WORK-S9</ownerDesignName>
<engineerTo>
<item key="503E1AB4-5499-72FA-10D3-22D1D045D6EF" value="true"/>
</engineerTo>
<sourcePk>71D4C028-3FC5-645C-2EB7-5F9C628AD011</sourcePk>
<identifying>false</identifying>
<optionalSource>false</optionalSource>
<optionalTarget>false</optionalTarget>
<sourceCardinality>1</sourceCardinality>
<sourceEntity>4231F0CE-39EC-02BC-27DF-5FA53CB41FD3</sourceEntity>
<targetCardinalityString>*</targetCardinalityString>
<targetEntity>47811FA1-E382-8EA9-3EE7-C248DE56B23B</targetEntity>
<transferable>true</transferable>
<deleteRule>NO ACTION</deleteRule>
</Relation>