<?xml version = '1.0' encoding = 'UTF-8'?>
<Relation class="oracle.dbtools.crest.model.design.logical.Relation" name="Relation_20" directorySegmentName="seg_0" id="8140DC1C-EA08-2BEF-F3FA-E9BA89BA9349">
<createdBy>Charchilla</createdBy>
<createdTime>2025-10-11 19:42:57 UTC</createdTime>
<ownerDesignName>WORK-S9</ownerDesignName>
<engineerTo>
<item key="503E1AB4-5499-72FA-10D3-22D1D045D6EF" value="true"/>
</engineerTo>
<sourcePk>881470F2-2493-A142-4B13-3CB0E2E472BB</sourcePk>
<identifying>false</identifying>
<optionalSource>false</optionalSource>
<optionalTarget>false</optionalTarget>
<sourceCardinality>1</sourceCardinality>
<sourceEntity>ADBFFA37-AD66-C71C-BEEB-98F71108933C</sourceEntity>
<targetCardinalityString>*</targetCardinalityString>
<targetEntity>52FF3088-D915-5461-452C-344C469E3887</targetEntity>
<transferable>true</transferable>
<deleteRule>NO ACTION</deleteRule>
</Relation>