<?xml version = '1.0' encoding = 'UTF-8'?>
<Relation class="oracle.dbtools.crest.model.design.logical.Relation" name="Relation_21" directorySegmentName="seg_0" id="8727094C-1CED-E3FA-40E8-0997CA6625EE">
<createdBy>Charchilla</createdBy>
<createdTime>2025-10-11 19:43:14 UTC</createdTime>
<ownerDesignName>WORK-S9</ownerDesignName>
<engineerTo>
<item key="7DE37CB5-57AE-504E-B305-A2204C12A978" value="true"/>
</engineerTo>
<sourcePk>BAC34F50-DE16-08EE-3F5D-157EB367D0A1</sourcePk>
<identifying>false</identifying>
<optionalSource>false</optionalSource>
<optionalTarget>false</optionalTarget>
<sourceCardinality>1</sourceCardinality>
<sourceEntity>52FF3088-D915-5461-452C-344C469E3887</sourceEntity>
<targetCardinalityString>*</targetCardinalityString>
<targetEntity>EB322E31-755A-488D-6A7C-77C7439302B7</targetEntity>
<transferable>true</transferable>
<deleteRule>NO ACTION</deleteRule>
</Relation>