<?xml version = '1.0' encoding = 'UTF-8'?>
<Relation class="oracle.dbtools.crest.model.design.logical.Relation" name="Relation_7" directorySegmentName="seg_0" id="94D9C04E-F601-C574-2A7C-C8BB9AB5E5E2">
<createdBy>Charchilla</createdBy>
<createdTime>2025-10-11 16:53:52 UTC</createdTime>
<ownerDesignName>WORK-S9</ownerDesignName>
<engineerTo>
<item key="503E1AB4-5499-72FA-10D3-22D1D045D6EF" value="true"/>
</engineerTo>
<sourcePk>09E6E1F5-EA0A-C6B9-5CEC-82EA7D0DD533</sourcePk>
<identifying>false</identifying>
<optionalSource>false</optionalSource>
<optionalTarget>false</optionalTarget>
<sourceCardinality>1</sourceCardinality>
<sourceEntity>78277AD3-D65A-85CB-5A68-B3A4AD53980D</sourceEntity>
<targetCardinalityString>*</targetCardinalityString>
<targetEntity>47811FA1-E382-8EA9-3EE7-C248DE56B23B</targetEntity>
<transferable>true</transferable>
<deleteRule>NO ACTION</deleteRule>
</Relation>