<?xml version = '1.0' encoding = 'UTF-8'?>
<Relation class="oracle.dbtools.crest.model.design.logical.Relation" name="Relation_13" directorySegmentName="seg_0" id="D9065A3A-B5B8-97FB-0755-E8E2C9EE500F">
<createdBy>Charchilla</createdBy>
<createdTime>2025-10-11 18:30:42 UTC</createdTime>
<ownerDesignName>WORK-S9</ownerDesignName>
<engineerTo>
<item key="503E1AB4-5499-72FA-10D3-22D1D045D6EF" value="true"/>
</engineerTo>
<sourcePk>DF444741-276C-ED72-F8F9-FA91062D8D89</sourcePk>
<targetPk>257A3F25-2FE0-AD70-22C3-59EB2406F5D7</targetPk>
<identifying>false</identifying>
<optionalSource>false</optionalSource>
<optionalTarget>false</optionalTarget>
<sourceCardinality>1</sourceCardinality>
<sourceEntity>3E385B14-E406-9B8D-9988-6BD5B8417454</sourceEntity>
<targetCardinalityString>*</targetCardinalityString>
<targetEntity>EB322E31-755A-488D-6A7C-77C7439302B7</targetEntity>
<transferable>true</transferable>
<deleteRule>NO ACTION</deleteRule>
</Relation>