<?xml version = '1.0' encoding = 'UTF-8'?>
<Relation class="oracle.dbtools.crest.model.design.logical.Relation" name="Relation_22" directorySegmentName="seg_0" id="DC6463F6-AF47-0C0B-CC42-A7AD62BD9259">
<createdBy>Charchilla</createdBy>
<createdTime>2025-10-11 19:43:31 UTC</createdTime>
<ownerDesignName>WORK-S9</ownerDesignName>
<engineerTo>
<item key="7DE37CB5-57AE-504E-B305-A2204C12A978" value="true"/>
</engineerTo>
<sourcePk>BAC34F50-DE16-08EE-3F5D-157EB367D0A1</sourcePk>
<identifying>false</identifying>
<optionalSource>false</optionalSource>
<optionalTarget>false</optionalTarget>
<sourceCardinality>1</sourceCardinality>
<sourceEntity>52FF3088-D915-5461-452C-344C469E3887</sourceEntity>
<targetCardinalityString>*</targetCardinalityString>
<targetEntity>B1757D73-DCBE-88A8-96B0-A4A1D4034E99</targetEntity>
<transferable>true</transferable>
<deleteRule>NO ACTION</deleteRule>
</Relation>