<?xml version = '1.0' encoding = 'UTF-8'?>
<Relation class="oracle.dbtools.crest.model.design.logical.Relation" name="Relation_11" directorySegmentName="seg_0" id="DFC439D2-D90F-A5F5-6780-15165BEACBB9">
<createdBy>Charchilla</createdBy>
<createdTime>2025-10-11 16:56:25 UTC</createdTime>
<ownerDesignName>WORK-S9</ownerDesignName>
<engineerTo>
<item key="503E1AB4-5499-72FA-10D3-22D1D045D6EF" value="true"/>
</engineerTo>
<sourcePk>DF444741-276C-ED72-F8F9-FA91062D8D89</sourcePk>
<targetPk>DF444741-276C-ED72-F8F9-FA91062D8D89</targetPk>
<identifying>false</identifying>
<optionalSource>false</optionalSource>
<optionalTarget>false</optionalTarget>
<sourceCardinality>1</sourceCardinality>
<sourceEntity>47811FA1-E382-8EA9-3EE7-C248DE56B23B</sourceEntity>
<targetCardinalityString>*</targetCardinalityString>
<targetEntity>47811FA1-E382-8EA9-3EE7-C248DE56B23B</targetEntity>
<transferable>true</transferable>
<deleteRule>NO ACTION</deleteRule>
</Relation>