<?xml version = '1.0' encoding = 'UTF-8'?>
<Relation class="oracle.dbtools.crest.model.design.logical.Relation" name="Relation_5" directorySegmentName="seg_0" id="F1C73B81-A8CD-FDA4-C664-AC287BD36193">
<createdBy>Charchilla</createdBy>
<createdTime>2025-10-11 16:52:54 UTC</createdTime>
<ownerDesignName>WORK-S9</ownerDesignName>
<engineerTo>
<item key="7DE37CB5-57AE-504E-B305-A2204C12A978" value="true"/>
</engineerTo>
<sourcePk>C330B2F3-9E3E-E3F4-3C19-C34A874426FE</sourcePk>
<identifying>false</identifying>
<optionalSource>false</optionalSource>
<optionalTarget>false</optionalTarget>
<sourceCardinality>1</sourceCardinality>
<sourceEntity>F12FCFC7-742B-8988-B83C-9A8F28CD2FE4</sourceEntity>
<targetCardinalityString>*</targetCardinalityString>
<targetEntity>47811FA1-E382-8EA9-3EE7-C248DE56B23B</targetEntity>
<transferable>true</transferable>
<deleteRule>NO ACTION</deleteRule>
</Relation>