<?xml version = '1.0' encoding = 'UTF-8'?>
<Relation class="oracle.dbtools.crest.model.design.logical.InheritanceRelation" name="Hierarchy_1" directorySegmentName="seg_0" id="F2569A78-AE63-4F52-1A79-76F28633FAD1">
<createdBy>Charchilla</createdBy>
<createdTime>2025-08-23 23:38:59 UTC</createdTime>
<ownerDesignName>s2</ownerDesignName>
<engineerTo>
<item key="2789203D-59AF-6989-C570-BEAF60C1CDCC" value="true"/>
</engineerTo>
<identifying>false</identifying>
<nameOnSource>Super Type</nameOnSource>
<nameOnTarget>Sub Type</nameOnTarget>
<optionalSource>true</optionalSource>
<optionalTarget>true</optionalTarget>
<sourceEntity>877F59DC-9A24-F7F2-B0B9-7B7E0DB6E201</sourceEntity>
<targetEntity>CDBEAE1C-52F3-6002-8285-1D2EDACA0B5B</targetEntity>
<transferable>true</transferable>
<deleteRule>NO ACTION</deleteRule>
</Relation>