<?xml version = '1.0' encoding = 'UTF-8'?>
<Diagram class="oracle.dbtools.crest.swingui.logical.DPVLogical" name="Logical" id="5C0BAF88-B4B3-FB09-60B8-1C3B919EE37F">
<createdBy>Charchilla</createdBy>
<modifiedBy>Charchilla</modifiedBy>
<createdTime>2025-08-31 02:05:24 UTC</createdTime>
<autoRoute>false</autoRoute>
<boxInbox>true</boxInbox>
<showLegend>false</showLegend>
<showLabels>false</showLabels>
<showRelAttributes>false</showRelAttributes>
<gridEnabled>false</gridEnabled>
<showGrid>false</showGrid>
<diagramColor>-1</diagramColor>
<display>false</display>
<notation>1</notation>
<objectViews>
<OView class="oracle.dbtools.crest.swingui.logical.TVEntity" oid="52070D1C-4698-8A87-130B-768B78CBDA4E" otype="Entity" vid="782A9432-2275-BCD1-BBB2-D4D214D62794">
<hideElementsInCurrentOnly>false</hideElementsInCurrentOnly>
<bounds x="26" y="210" width="430" height="190"/>
</OView>
<OView class="oracle.dbtools.crest.swingui.logical.TVEntity" oid="604D2B45-06B1-5722-2A50-0D7392458FC7" otype="Entity" vid="92C78FC9-EEB1-95DC-1A32-708D5CE23A7E">
<hideElementsInCurrentOnly>false</hideElementsInCurrentOnly>
<bounds x="530" y="284" width="170" height="110"/>
</OView>
<OView class="oracle.dbtools.crest.swingui.logical.TVEntity" oid="6936D05A-A9F3-8490-C684-C023D0E804B5" otype="Entity" vid="7A678454-ADC5-094E-A828-BE2ED607B2D1">
<hideElementsInCurrentOnly>false</hideElementsInCurrentOnly>
<bounds x="908" y="111" width="295" height="142"/>
</OView>
<OView class="oracle.dbtools.crest.swingui.logical.TVEntity" oid="8846BAD0-F9A7-201B-6CAD-6CCF4D80F250" otype="Entity" vid="CDBA9F5F-2B64-4B81-ABFE-6BEB835DC478">
<hideElementsInCurrentOnly>false</hideElementsInCurrentOnly>
<bounds x="36" y="311" width="165" height="70"/>
</OView>
<OView class="oracle.dbtools.crest.swingui.logical.TVEntity" oid="8BFC0CD0-783E-EA74-1365-333D91C2866A" otype="Entity" vid="3C61B223-8E19-8B5D-E2E9-7AA69DCD2E87">
<hideElementsInCurrentOnly>false</hideElementsInCurrentOnly>
<bounds x="202" y="42" width="162" height="93"/>
</OView>
<OView class="oracle.dbtools.crest.swingui.logical.TVEntity" oid="A1347E60-2FDD-E045-C1CC-A8D1D006B5E4" otype="Entity" vid="25421C06-1839-7FDF-D221-5F55CE1C00D8">
<hideElementsInCurrentOnly>false</hideElementsInCurrentOnly>
<bounds x="1040" y="143" width="113" height="44"/>
</OView>
<OView class="oracle.dbtools.crest.swingui.logical.TVEntity" oid="B1208131-A9FF-2D8E-6A46-9C999BAA3CAA" otype="Entity" vid="E18CCE41-C247-8895-50BA-187E9DE1AC57">
<hideElementsInCurrentOnly>false</hideElementsInCurrentOnly>
<bounds x="226" y="288" width="150" height="90"/>
</OView>
<OView class="oracle.dbtools.crest.swingui.logical.TVEntity" oid="CEDFAC30-2631-ABA4-4DE3-5188049B66CB" otype="Entity" vid="371B52EA-A0F7-7DED-8299-3B9AFFFCB92E">
<hideElementsInCurrentOnly>false</hideElementsInCurrentOnly>
<bounds x="924" y="200" width="120" height="34"/>
</OView>
<OView class="oracle.dbtools.crest.swingui.logical.TVEntity" oid="D84A5643-E078-6A8C-6946-B896A59F5F94" otype="Entity" vid="E962EACA-E903-B71B-423B-875C93E25CE1">
<hideElementsInCurrentOnly>false</hideElementsInCurrentOnly>
<bounds x="637" y="112" width="170" height="110"/>
</OView>
<OView class="oracle.dbtools.crest.swingui.logical.TVEntity" oid="DB5B8750-17E6-91B3-6D01-B699FE9B4A0C" otype="Entity" vid="DCF3FD51-AE2B-AF94-DB68-1E016BF1FC42">
<hideElementsInCurrentOnly>false</hideElementsInCurrentOnly>
<bounds x="429" y="39" width="157" height="110"/>
</OView>
</objectViews>
<connectors>
<Connector class="oracle.dbtools.crest.swingui.logical.TVInheritanceRelation" oid="1F2AD562-FE58-2B7B-13F5-FA4D6259DCCA" otype="Hierarchy relation" vid_source="7A678454-ADC5-094E-A828-BE2ED607B2D1" vid_target="25421C06-1839-7FDF-D221-5F55CE1C00D8">
<hideElementsInCurrentOnly>false</hideElementsInCurrentOnly>
<backgroundColor>-65536</backgroundColor>
<lineWidth>1</lineWidth>
</Connector>
<Connector class="oracle.dbtools.crest.swingui.logical.TVInheritanceRelation" oid="4D6E789B-654F-F38F-4ED4-CF97E6973E0B" otype="Hierarchy relation" vid_source="782A9432-2275-BCD1-BBB2-D4D214D62794" vid_target="E18CCE41-C247-8895-50BA-187E9DE1AC57">
<hideElementsInCurrentOnly>false</hideElementsInCurrentOnly>
<backgroundColor>-65536</backgroundColor>
<lineWidth>1</lineWidth>
</Connector>
<Connector class="oracle.dbtools.crest.swingui.logical.TVRelation" oid="548F49CA-ED86-290E-CFAC-8A4D28CFAAB1" otype="Relation" vid_source="E962EACA-E903-B71B-423B-875C93E25CE1" vid_target="92C78FC9-EEB1-95DC-1A32-708D5CE23A7E">
<hideElementsInCurrentOnly>false</hideElementsInCurrentOnly>
<backgroundColor>-16777216</backgroundColor>
<lineWidth>1</lineWidth>
<points>
<point x="668" y="222"/>
<point x="668" y="284"/>
</points>
</Connector>
<Connector class="oracle.dbtools.crest.swingui.logical.TVRelation" oid="58618B13-404C-C4B7-5997-E81DF05DD4CC" otype="Relation" vid_source="3C61B223-8E19-8B5D-E2E9-7AA69DCD2E87" vid_target="DCF3FD51-AE2B-AF94-DB68-1E016BF1FC42">
<hideElementsInCurrentOnly>false</hideElementsInCurrentOnly>
<backgroundColor>-16777216</backgroundColor>
<lineWidth>1</lineWidth>
<points>
<point x="364" y="88"/>
<point x="429" y="88"/>
</points>
</Connector>
<Connector class="oracle.dbtools.crest.swingui.logical.TVRelation" oid="66F70B3B-050D-CB51-B994-76F5DE2A9960" otype="Relation" vid_source="CDBA9F5F-2B64-4B81-ABFE-6BEB835DC478" vid_target="3C61B223-8E19-8B5D-E2E9-7AA69DCD2E87">
<hideElementsInCurrentOnly>false</hideElementsInCurrentOnly>
<backgroundColor>-16777216</backgroundColor>
<lineWidth>1</lineWidth>
<points>
<point x="145" y="311"/>
<point x="244" y="135"/>
</points>
</Connector>
<Connector class="oracle.dbtools.crest.swingui.logical.TVInheritanceRelation" oid="9FB47420-E29C-F1AD-2D8C-DCA92D26A5C2" otype="Hierarchy relation" vid_source="782A9432-2275-BCD1-BBB2-D4D214D62794" vid_target="CDBA9F5F-2B64-4B81-ABFE-6BEB835DC478">
<hideElementsInCurrentOnly>false</hideElementsInCurrentOnly>
<backgroundColor>-65536</backgroundColor>
<lineWidth>1</lineWidth>
</Connector>
<Connector class="oracle.dbtools.crest.swingui.logical.TVRelation" oid="BA669539-28B5-B036-70F4-A552F2E7D471" otype="Relation" vid_source="25421C06-1839-7FDF-D221-5F55CE1C00D8" vid_target="25421C06-1839-7FDF-D221-5F55CE1C00D8">
<hideElementsInCurrentOnly>false</hideElementsInCurrentOnly>
<backgroundColor>-16777216</backgroundColor>
<lineWidth>1</lineWidth>
<points>
<point x="1153" y="168"/>
<point x="1178" y="168"/>
<point x="1178" y="212"/>
<point x="1106" y="212"/>
<point x="1106" y="187"/>
</points>
</Connector>
<Connector class="oracle.dbtools.crest.swingui.logical.TVRelation" oid="BC1005E4-C084-C300-B086-4D88C932D075" otype="Relation" vid_source="E18CCE41-C247-8895-50BA-187E9DE1AC57" vid_target="92C78FC9-EEB1-95DC-1A32-708D5CE23A7E">
<hideElementsInCurrentOnly>false</hideElementsInCurrentOnly>
<backgroundColor>-16777216</backgroundColor>
<lineWidth>1</lineWidth>
<points>
<point x="376" y="333"/>
<point x="530" y="333"/>
</points>
</Connector>
<Connector class="oracle.dbtools.crest.swingui.logical.TVRelation" oid="BD75091B-83F0-D2C7-7C9D-7B61DE24F03C" otype="Relation" vid_source="E962EACA-E903-B71B-423B-875C93E25CE1" vid_target="7A678454-ADC5-094E-A828-BE2ED607B2D1">
<hideElementsInCurrentOnly>false</hideElementsInCurrentOnly>
<backgroundColor>-16777216</backgroundColor>
<lineWidth>1</lineWidth>
<points>
<point x="807" y="167"/>
<point x="908" y="167"/>
</points>
</Connector>
<Connector class="oracle.dbtools.crest.swingui.logical.TVInheritanceRelation" oid="E26CF0D0-B21B-FAB2-A4BB-B105986D79A0" otype="Hierarchy relation" vid_source="7A678454-ADC5-094E-A828-BE2ED607B2D1" vid_target="371B52EA-A0F7-7DED-8299-3B9AFFFCB92E">
<hideElementsInCurrentOnly>false</hideElementsInCurrentOnly>
<backgroundColor>-65536</backgroundColor>
<lineWidth>1</lineWidth>
</Connector>
<Connector class="oracle.dbtools.crest.swingui.logical.TVRelation" oid="E2CC322F-3C74-0AF1-5DB8-A4356667DEA6" otype="Relation" vid_source="E18CCE41-C247-8895-50BA-187E9DE1AC57" vid_target="DCF3FD51-AE2B-AF94-DB68-1E016BF1FC42">
<hideElementsInCurrentOnly>false</hideElementsInCurrentOnly>
<backgroundColor>-16777216</backgroundColor>
<lineWidth>1</lineWidth>
<points>
<point x="349" y="288"/>
<point x="445" y="149"/>
</points>
</Connector>
</connectors>
<displays>
<Display class="oracle.dbtools.crest.swingui.logical.DPVLogical" name="Display_1" id="E067AEA3-6260-087D-8FFC-FD15A4465F48">
<createdBy>Charchilla</createdBy>
<modifiedBy>Charchilla</modifiedBy>
<createdTime>2025-08-31 04:13:34 UTC</createdTime>
<autoRoute>false</autoRoute>
<boxInbox>true</boxInbox>
<showLegend>false</showLegend>
<showLabels>false</showLabels>
<showRelAttributes>false</showRelAttributes>
<gridEnabled>false</gridEnabled>
<showGrid>false</showGrid>
<diagramColor>-1</diagramColor>
<display>true</display>
<notation>1</notation>
<objectViews>
<OView class="oracle.dbtools.crest.swingui.logical.TVEntity" oid="52070D1C-4698-8A87-130B-768B78CBDA4E" otype="Entity" vid="098F22E4-6E57-720A-7BD5-AFA803F4BAD9">
<hideElementsInCurrentOnly>false</hideElementsInCurrentOnly>
<bounds x="26" y="210" width="430" height="190"/>
</OView>
<OView class="oracle.dbtools.crest.swingui.logical.TVEntity" oid="604D2B45-06B1-5722-2A50-0D7392458FC7" otype="Entity" vid="83619A7A-09C3-87DB-39CC-829704EFF561">
<hideElementsInCurrentOnly>false</hideElementsInCurrentOnly>
<bounds x="530" y="284" width="170" height="110"/>
</OView>
<OView class="oracle.dbtools.crest.swingui.logical.TVEntity" oid="6936D05A-A9F3-8490-C684-C023D0E804B5" otype="Entity" vid="526954CF-3B1A-590F-EB01-90BB256697BD">
<hideElementsInCurrentOnly>false</hideElementsInCurrentOnly>
<bounds x="908" y="111" width="295" height="142"/>
</OView>
<OView class="oracle.dbtools.crest.swingui.logical.TVEntity" oid="8846BAD0-F9A7-201B-6CAD-6CCF4D80F250" otype="Entity" vid="BCC9A07E-D663-DCB3-8F53-99DFDB939859">
<hideElementsInCurrentOnly>false</hideElementsInCurrentOnly>
<bounds x="36" y="311" width="165" height="70"/>
</OView>
<OView class="oracle.dbtools.crest.swingui.logical.TVEntity" oid="8BFC0CD0-783E-EA74-1365-333D91C2866A" otype="Entity" vid="45021636-4DDD-62B7-7C94-3197EC98DC3B">
<hideElementsInCurrentOnly>false</hideElementsInCurrentOnly>
<bounds x="202" y="42" width="162" height="93"/>
</OView>
<OView class="oracle.dbtools.crest.swingui.logical.TVEntity" oid="A1347E60-2FDD-E045-C1CC-A8D1D006B5E4" otype="Entity" vid="BE55AED3-3BCB-6C6C-B4A6-01B17B2E88BF">
<hideElementsInCurrentOnly>false</hideElementsInCurrentOnly>
<bounds x="1040" y="143" width="113" height="44"/>
</OView>
<OView class="oracle.dbtools.crest.swingui.logical.TVEntity" oid="B1208131-A9FF-2D8E-6A46-9C999BAA3CAA" otype="Entity" vid="74A41287-55D4-04C4-F176-A6AD0936E833">
<hideElementsInCurrentOnly>false</hideElementsInCurrentOnly>
<bounds x="226" y="288" width="150" height="90"/>
</OView>
<OView class="oracle.dbtools.crest.swingui.logical.TVEntity" oid="CEDFAC30-2631-ABA4-4DE3-5188049B66CB" otype="Entity" vid="B9F44EAD-FD0F-C469-8FD9-E1D188A59CD3">
<hideElementsInCurrentOnly>false</hideElementsInCurrentOnly>
<bounds x="924" y="200" width="120" height="34"/>
</OView>
<OView class="oracle.dbtools.crest.swingui.logical.TVEntity" oid="D84A5643-E078-6A8C-6946-B896A59F5F94" otype="Entity" vid="30CB620B-474F-4EE9-169B-B2FACD7847BF">
<hideElementsInCurrentOnly>false</hideElementsInCurrentOnly>
<bounds x="637" y="112" width="170" height="110"/>
</OView>
<OView class="oracle.dbtools.crest.swingui.logical.TVEntity" oid="DB5B8750-17E6-91B3-6D01-B699FE9B4A0C" otype="Entity" vid="562A516F-B241-9869-5E58-728925DFC192">
<hideElementsInCurrentOnly>false</hideElementsInCurrentOnly>
<bounds x="429" y="39" width="157" height="110"/>
</OView>
</objectViews>
<connectors>
<Connector class="oracle.dbtools.crest.swingui.logical.TVInheritanceRelation" oid="1F2AD562-FE58-2B7B-13F5-FA4D6259DCCA" otype="Hierarchy relation" vid_source="526954CF-3B1A-590F-EB01-90BB256697BD" vid_target="BE55AED3-3BCB-6C6C-B4A6-01B17B2E88BF">
<hideElementsInCurrentOnly>false</hideElementsInCurrentOnly>
<backgroundColor>-65536</backgroundColor>
<lineWidth>1</lineWidth>
</Connector>
<Connector class="oracle.dbtools.crest.swingui.logical.TVInheritanceRelation" oid="4D6E789B-654F-F38F-4ED4-CF97E6973E0B" otype="Hierarchy relation" vid_source="098F22E4-6E57-720A-7BD5-AFA803F4BAD9" vid_target="74A41287-55D4-04C4-F176-A6AD0936E833">
<hideElementsInCurrentOnly>false</hideElementsInCurrentOnly>
<backgroundColor>-65536</backgroundColor>
<lineWidth>1</lineWidth>
</Connector>
<Connector class="oracle.dbtools.crest.swingui.logical.TVRelation" oid="548F49CA-ED86-290E-CFAC-8A4D28CFAAB1" otype="Relation" vid_source="30CB620B-474F-4EE9-169B-B2FACD7847BF" vid_target="83619A7A-09C3-87DB-39CC-829704EFF561">
<hideElementsInCurrentOnly>false</hideElementsInCurrentOnly>
<backgroundColor>-16777216</backgroundColor>
<lineWidth>1</lineWidth>
<points>
<point x="668" y="222"/>
<point x="668" y="284"/>
</points>
</Connector>
<Connector class="oracle.dbtools.crest.swingui.logical.TVRelation" oid="58618B13-404C-C4B7-5997-E81DF05DD4CC" otype="Relation" vid_source="45021636-4DDD-62B7-7C94-3197EC98DC3B" vid_target="562A516F-B241-9869-5E58-728925DFC192">
<hideElementsInCurrentOnly>false</hideElementsInCurrentOnly>
<backgroundColor>-16777216</backgroundColor>
<lineWidth>1</lineWidth>
<points>
<point x="364" y="88"/>
<point x="429" y="88"/>
</points>
</Connector>
<Connector class="oracle.dbtools.crest.swingui.logical.TVRelation" oid="66F70B3B-050D-CB51-B994-76F5DE2A9960" otype="Relation" vid_source="BCC9A07E-D663-DCB3-8F53-99DFDB939859" vid_target="45021636-4DDD-62B7-7C94-3197EC98DC3B">
<hideElementsInCurrentOnly>false</hideElementsInCurrentOnly>
<backgroundColor>-16777216</backgroundColor>
<lineWidth>1</lineWidth>
<points>
<point x="140" y="311"/>
<point x="253" y="135"/>
</points>
</Connector>
<Connector class="oracle.dbtools.crest.swingui.logical.TVInheritanceRelation" oid="9FB47420-E29C-F1AD-2D8C-DCA92D26A5C2" otype="Hierarchy relation" vid_source="098F22E4-6E57-720A-7BD5-AFA803F4BAD9" vid_target="BCC9A07E-D663-DCB3-8F53-99DFDB939859">
<hideElementsInCurrentOnly>false</hideElementsInCurrentOnly>
<backgroundColor>-65536</backgroundColor>
<lineWidth>1</lineWidth>
</Connector>
<Connector class="oracle.dbtools.crest.swingui.logical.TVRelation" oid="BA669539-28B5-B036-70F4-A552F2E7D471" otype="Relation" vid_source="BE55AED3-3BCB-6C6C-B4A6-01B17B2E88BF" vid_target="BE55AED3-3BCB-6C6C-B4A6-01B17B2E88BF">
<hideElementsInCurrentOnly>false</hideElementsInCurrentOnly>
<backgroundColor>-16777216</backgroundColor>
<lineWidth>1</lineWidth>
<points>
<point x="1153" y="168"/>
<point x="1178" y="168"/>
<point x="1178" y="212"/>
<point x="1106" y="212"/>
<point x="1106" y="187"/>
</points>
</Connector>
<Connector class="oracle.dbtools.crest.swingui.logical.TVRelation" oid="BC1005E4-C084-C300-B086-4D88C932D075" otype="Relation" vid_source="74A41287-55D4-04C4-F176-A6AD0936E833" vid_target="83619A7A-09C3-87DB-39CC-829704EFF561">
<hideElementsInCurrentOnly>false</hideElementsInCurrentOnly>
<backgroundColor>-16777216</backgroundColor>
<lineWidth>1</lineWidth>
<points>
<point x="376" y="333"/>
<point x="530" y="333"/>
</points>
</Connector>
<Connector class="oracle.dbtools.crest.swingui.logical.TVRelation" oid="BD75091B-83F0-D2C7-7C9D-7B61DE24F03C" otype="Relation" vid_source="30CB620B-474F-4EE9-169B-B2FACD7847BF" vid_target="526954CF-3B1A-590F-EB01-90BB256697BD">
<hideElementsInCurrentOnly>false</hideElementsInCurrentOnly>
<backgroundColor>-16777216</backgroundColor>
<lineWidth>1</lineWidth>
<points>
<point x="807" y="167"/>
<point x="908" y="167"/>
</points>
</Connector>
<Connector class="oracle.dbtools.crest.swingui.logical.TVInheritanceRelation" oid="E26CF0D0-B21B-FAB2-A4BB-B105986D79A0" otype="Hierarchy relation" vid_source="526954CF-3B1A-590F-EB01-90BB256697BD" vid_target="B9F44EAD-FD0F-C469-8FD9-E1D188A59CD3">
<hideElementsInCurrentOnly>false</hideElementsInCurrentOnly>
<backgroundColor>-65536</backgroundColor>
<lineWidth>1</lineWidth>
</Connector>
<Connector class="oracle.dbtools.crest.swingui.logical.TVRelation" oid="E2CC322F-3C74-0AF1-5DB8-A4356667DEA6" otype="Relation" vid_source="74A41287-55D4-04C4-F176-A6AD0936E833" vid_target="562A516F-B241-9869-5E58-728925DFC192">
<hideElementsInCurrentOnly>false</hideElementsInCurrentOnly>
<backgroundColor>-16777216</backgroundColor>
<lineWidth>1</lineWidth>
<points>
<point x="339" y="288"/>
<point x="459" y="149"/>
</points>
</Connector>
</connectors>
</Display>
</displays>
</Diagram>