<?xml version = '1.0' encoding = 'UTF-8'?>
<Diagram class="oracle.dbtools.crest.swingui.relational.DPVRelational" name="Relational_1" id="3DC34FD7-68D1-C6CB-1B75-69DB1F71DFE2">
<createdBy>Charchilla</createdBy>
<modifiedBy>Charchilla</modifiedBy>
<createdTime>2025-10-11 20:23:30 UTC</createdTime>
<autoRoute>false</autoRoute>
<boxInbox>true</boxInbox>
<showLegend>false</showLegend>
<showLabels>false</showLabels>
<showRelAttributes>false</showRelAttributes>
<gridEnabled>false</gridEnabled>
<showGrid>false</showGrid>
<diagramColor>-1</diagramColor>
<display>false</display>
<notation>1</notation>
<objectViews>
<OView class="oracle.dbtools.crest.swingui.relational.TVTable" oid="093DE111-FEED-A318-D4DB-80A3E0A6FB6C" otype="Table" vid="DEC222B7-C6A3-9001-F8E5-67ABF4E89C23">
<hideElementsInCurrentOnly>false</hideElementsInCurrentOnly>
<bounds x="610" y="669" width="257" height="122"/>
</OView>
<OView class="oracle.dbtools.crest.swingui.relational.TVTable" oid="0E9BE994-35C0-707C-63F3-FE01224A89A5" otype="Table" vid="EB8DC9D6-9A6B-AB17-70F4-C38F162432C8">
<hideElementsInCurrentOnly>false</hideElementsInCurrentOnly>
<bounds x="6" y="556" width="175" height="74"/>
</OView>
<OView class="oracle.dbtools.crest.swingui.relational.TVTable" oid="18405089-DA13-B3EF-B8B3-33EC43489C25" otype="Table" vid="83AEFFB7-8130-5E29-96A1-59EF848091D7">
<hideElementsInCurrentOnly>false</hideElementsInCurrentOnly>
<bounds x="21" y="40" width="180" height="74"/>
</OView>
<OView class="oracle.dbtools.crest.swingui.relational.TVTable" oid="57DF8263-4CEE-56E7-3E79-1A852815D8E3" otype="Table" vid="A19629C3-B468-77DA-95F6-B3BE5D86E218">
<hideElementsInCurrentOnly>false</hideElementsInCurrentOnly>
<bounds x="1190" y="26" width="203" height="74"/>
</OView>
<OView class="oracle.dbtools.crest.swingui.relational.TVTable" oid="629267B5-2471-7C60-C71D-1441D4CC45DA" otype="Table" vid="2ACABDEF-A26D-D6F2-7B76-575C084A694A">
<hideElementsInCurrentOnly>false</hideElementsInCurrentOnly>
<bounds x="588" y="531" width="251" height="122"/>
</OView>
<OView class="oracle.dbtools.crest.swingui.relational.TVTable" oid="6458EFEA-DC7E-4C01-6BE3-183F4448C660" otype="Table" vid="CAD0452A-552A-A01B-214C-07040D5C4059">
<hideElementsInCurrentOnly>false</hideElementsInCurrentOnly>
<bounds x="0" y="461" width="165" height="74"/>
</OView>
<OView class="oracle.dbtools.crest.swingui.relational.TVTable" oid="793A5E4C-8BD5-E3FF-7ED0-DE6B69DC098B" otype="Table" vid="32301CAA-02FE-CD83-29D4-9C16C89A1494">
<hideElementsInCurrentOnly>false</hideElementsInCurrentOnly>
<bounds x="514" y="20" width="250" height="122"/>
</OView>
<OView class="oracle.dbtools.crest.swingui.relational.TVTable" oid="8C960DB0-E75A-5152-87B9-6E93E437327A" otype="Table" vid="7846DAC5-7F68-9331-BD94-B8648F18C6A7">
<hideElementsInCurrentOnly>false</hideElementsInCurrentOnly>
<bounds x="219" y="431" width="312" height="266"/>
</OView>
<OView class="oracle.dbtools.crest.swingui.relational.TVTable" oid="92F3CDCB-67AA-60EB-D44B-2B4481D29087" otype="Table" vid="615728FC-A52D-31DD-626C-8CF0D740AEF4">
<hideElementsInCurrentOnly>false</hideElementsInCurrentOnly>
<bounds x="234" y="25" width="245" height="108"/>
</OView>
<OView class="oracle.dbtools.crest.swingui.relational.TVTable" oid="BDE60476-02EE-B4A7-48F4-15AE38F2421A" otype="Table" vid="F32B7FAC-6950-964B-72D3-3FF25B108027">
<hideElementsInCurrentOnly>false</hideElementsInCurrentOnly>
<bounds x="811" y="17" width="341" height="150"/>
</OView>
<OView class="oracle.dbtools.crest.swingui.relational.TVTable" oid="C40B3244-BCAF-F289-B8BF-C44E1F1DDB75" otype="Table" vid="5695BBAA-1D6D-4395-C58F-11D1949C2CEE">
<hideElementsInCurrentOnly>false</hideElementsInCurrentOnly>
<bounds x="864" y="415" width="321" height="178"/>
</OView>
<OView class="oracle.dbtools.crest.swingui.relational.TVTable" oid="CD1C39D4-B416-BE37-1B30-04DB470F4690" otype="Table" vid="AB6609D3-5E1D-D031-9031-A71DC1D11224">
<hideElementsInCurrentOnly>false</hideElementsInCurrentOnly>
<bounds x="1220" y="444" width="183" height="102"/>
</OView>
<OView class="oracle.dbtools.crest.swingui.relational.TVTable" oid="D5B0CC94-CECE-27B5-6472-995D83A1DDFE" otype="Table" vid="82BED252-714D-2EDE-BE0E-6DAC4C1E1989">
<hideElementsInCurrentOnly>false</hideElementsInCurrentOnly>
<bounds x="200" y="161" width="286" height="122"/>
</OView>
<OView class="oracle.dbtools.crest.swingui.relational.TVTable" oid="F3404109-5330-EF70-4B91-F39ACB88FEDF" otype="Table" vid="D15D0B28-0281-0DAE-95DC-FAA015291247">
<hideElementsInCurrentOnly>false</hideElementsInCurrentOnly>
<bounds x="564" y="220" width="427" height="164"/>
</OView>
</objectViews>
<connectors>
<Connector class="oracle.dbtools.crest.swingui.relational.TVFKRelation" oid="1731ED51-22F9-CE2A-4168-3E72D4AC8256" otype="FKIndexAssociation" vid_source="615728FC-A52D-31DD-626C-8CF0D740AEF4" vid_target="32301CAA-02FE-CD83-29D4-9C16C89A1494">
<hideElementsInCurrentOnly>false</hideElementsInCurrentOnly>
<backgroundColor>-16777216</backgroundColor>
<lineWidth>1</lineWidth>
<points>
<point x="479" y="79"/>
<point x="514" y="79"/>
</points>
</Connector>
<Connector class="oracle.dbtools.crest.swingui.relational.TVFKRelation" oid="1B3B7E7E-639D-A308-ED6F-91DA712765FE" otype="FKIndexAssociation" vid_source="82BED252-714D-2EDE-BE0E-6DAC4C1E1989" vid_target="D15D0B28-0281-0DAE-95DC-FAA015291247">
<hideElementsInCurrentOnly>false</hideElementsInCurrentOnly>
<backgroundColor>-16777216</backgroundColor>
<lineWidth>1</lineWidth>
<points>
<point x="486" y="251"/>
<point x="564" y="251"/>
</points>
</Connector>
<Connector class="oracle.dbtools.crest.swingui.relational.TVFKRelation" oid="255FDEE2-26C8-C652-D504-6490F82D1C26" otype="FKIndexAssociation" vid_source="32301CAA-02FE-CD83-29D4-9C16C89A1494" vid_target="F32B7FAC-6950-964B-72D3-3FF25B108027">
<hideElementsInCurrentOnly>false</hideElementsInCurrentOnly>
<backgroundColor>-16777216</backgroundColor>
<lineWidth>1</lineWidth>
<points>
<point x="764" y="81"/>
<point x="811" y="81"/>
</points>
</Connector>
<Connector class="oracle.dbtools.crest.swingui.relational.TVFKRelation" oid="32E3F89E-8D8A-1B0F-D2BD-20B7A3AB86F7" otype="FKIndexAssociation" vid_source="7846DAC5-7F68-9331-BD94-B8648F18C6A7" vid_target="82BED252-714D-2EDE-BE0E-6DAC4C1E1989">
<hideElementsInCurrentOnly>false</hideElementsInCurrentOnly>
<backgroundColor>-16777216</backgroundColor>
<lineWidth>1</lineWidth>
<points>
<point x="352" y="431"/>
<point x="352" y="283"/>
</points>
</Connector>
<Connector class="oracle.dbtools.crest.swingui.relational.TVFKRelation" oid="3684F6D0-B08E-DF6E-F673-9B72521FE2B7" otype="FKIndexAssociation" vid_source="83AEFFB7-8130-5E29-96A1-59EF848091D7" vid_target="615728FC-A52D-31DD-626C-8CF0D740AEF4">
<hideElementsInCurrentOnly>false</hideElementsInCurrentOnly>
<backgroundColor>-16777216</backgroundColor>
<lineWidth>1</lineWidth>
<points>
<point x="201" y="77"/>
<point x="234" y="77"/>
</points>
</Connector>
<Connector class="oracle.dbtools.crest.swingui.relational.TVFKRelation" oid="3ABE946C-DAFD-2F95-37C8-8661118EB438" otype="FKIndexAssociation" vid_source="32301CAA-02FE-CD83-29D4-9C16C89A1494" vid_target="7846DAC5-7F68-9331-BD94-B8648F18C6A7">
<hideElementsInCurrentOnly>false</hideElementsInCurrentOnly>
<backgroundColor>-16777216</backgroundColor>
<lineWidth>1</lineWidth>
<points>
<point x="522" y="142"/>
<point x="522" y="431"/>
</points>
</Connector>
<Connector class="oracle.dbtools.crest.swingui.relational.TVFKRelation" oid="5097813C-71D3-8E1E-F06E-7FF162D94F7A" otype="FKIndexAssociation" vid_source="F32B7FAC-6950-964B-72D3-3FF25B108027" vid_target="5695BBAA-1D6D-4395-C58F-11D1949C2CEE">
<hideElementsInCurrentOnly>false</hideElementsInCurrentOnly>
<backgroundColor>-16777216</backgroundColor>
<lineWidth>1</lineWidth>
<points>
<point x="1008" y="167"/>
<point x="1008" y="415"/>
</points>
</Connector>
<Connector class="oracle.dbtools.crest.swingui.relational.TVFKRelation" oid="5692E77E-B43A-B5BE-FD86-E2596A8245B7" otype="FKIndexAssociation" vid_source="AB6609D3-5E1D-D031-9031-A71DC1D11224" vid_target="5695BBAA-1D6D-4395-C58F-11D1949C2CEE">
<hideElementsInCurrentOnly>false</hideElementsInCurrentOnly>
<backgroundColor>-16777216</backgroundColor>
<lineWidth>1</lineWidth>
<points>
<point x="1220" y="495"/>
<point x="1185" y="495"/>
</points>
</Connector>
<Connector class="oracle.dbtools.crest.swingui.relational.TVFKRelation" oid="5E3F67E1-F74C-28B4-8728-D67225107FE9" otype="FKIndexAssociation" vid_source="A19629C3-B468-77DA-95F6-B3BE5D86E218" vid_target="F32B7FAC-6950-964B-72D3-3FF25B108027">
<hideElementsInCurrentOnly>false</hideElementsInCurrentOnly>
<backgroundColor>-16777216</backgroundColor>
<lineWidth>1</lineWidth>
<points>
<point x="1190" y="63"/>
<point x="1152" y="63"/>
</points>
</Connector>
<Connector class="oracle.dbtools.crest.swingui.relational.TVFKRelation" oid="A546E626-9B78-581B-6C80-392C4DFEDAA6" otype="FKIndexAssociation" vid_source="7846DAC5-7F68-9331-BD94-B8648F18C6A7" vid_target="2ACABDEF-A26D-D6F2-7B76-575C084A694A">
<hideElementsInCurrentOnly>false</hideElementsInCurrentOnly>
<backgroundColor>-16777216</backgroundColor>
<lineWidth>1</lineWidth>
<points>
<point x="531" y="592"/>
<point x="588" y="592"/>
</points>
</Connector>
<Connector class="oracle.dbtools.crest.swingui.relational.TVFKRelation" oid="A63DC820-CD63-7F8C-80A5-79503DD0B710" otype="FKIndexAssociation" vid_source="7846DAC5-7F68-9331-BD94-B8648F18C6A7" vid_target="7846DAC5-7F68-9331-BD94-B8648F18C6A7">
<hideElementsInCurrentOnly>false</hideElementsInCurrentOnly>
<backgroundColor>-16777216</backgroundColor>
<lineWidth>1</lineWidth>
<points>
<point x="531" y="629"/>
<point x="570" y="629"/>
<point x="570" y="782"/>
<point x="397" y="782"/>
<point x="397" y="697"/>
</points>
</Connector>
<Connector class="oracle.dbtools.crest.swingui.relational.TVFKRelation" oid="C2A1E7AB-06DB-511A-636A-316D8E1C6D99" otype="FKIndexAssociation" vid_source="EB8DC9D6-9A6B-AB17-70F4-C38F162432C8" vid_target="7846DAC5-7F68-9331-BD94-B8648F18C6A7">
<hideElementsInCurrentOnly>false</hideElementsInCurrentOnly>
<backgroundColor>-16777216</backgroundColor>
<lineWidth>1</lineWidth>
<points>
<point x="181" y="593"/>
<point x="219" y="593"/>
</points>
</Connector>
<Connector class="oracle.dbtools.crest.swingui.relational.TVFKRelation" oid="C5B0BDC2-DD1F-57EF-8CFD-F31748475472" otype="FKIndexAssociation" vid_source="F32B7FAC-6950-964B-72D3-3FF25B108027" vid_target="D15D0B28-0281-0DAE-95DC-FAA015291247">
<hideElementsInCurrentOnly>false</hideElementsInCurrentOnly>
<backgroundColor>-16777216</backgroundColor>
<lineWidth>1</lineWidth>
<points>
<point x="901" y="167"/>
<point x="901" y="220"/>
</points>
</Connector>
<Connector class="oracle.dbtools.crest.swingui.relational.TVFKRelation" oid="DC9A70AA-8C93-3A21-DE3A-7B30683E0803" otype="FKIndexAssociation" vid_source="CAD0452A-552A-A01B-214C-07040D5C4059" vid_target="7846DAC5-7F68-9331-BD94-B8648F18C6A7">
<hideElementsInCurrentOnly>false</hideElementsInCurrentOnly>
<backgroundColor>-16777216</backgroundColor>
<lineWidth>1</lineWidth>
<points>
<point x="165" y="498"/>
<point x="219" y="498"/>
</points>
</Connector>
<Connector class="oracle.dbtools.crest.swingui.relational.TVFKRelation" oid="E45DC8EF-8706-D50B-7412-5226573E64C2" otype="FKIndexAssociation" vid_source="7846DAC5-7F68-9331-BD94-B8648F18C6A7" vid_target="DEC222B7-C6A3-9001-F8E5-67ABF4E89C23">
<hideElementsInCurrentOnly>false</hideElementsInCurrentOnly>
<backgroundColor>-16777216</backgroundColor>
<lineWidth>1</lineWidth>
<points>
<point x="531" y="683"/>
<point x="610" y="683"/>
</points>
</Connector>
<Connector class="oracle.dbtools.crest.swingui.relational.TVFKRelation" oid="FF55D3A5-8388-BF8D-4795-629845488FDF" otype="FKIndexAssociation" vid_source="7846DAC5-7F68-9331-BD94-B8648F18C6A7" vid_target="5695BBAA-1D6D-4395-C58F-11D1949C2CEE">
<hideElementsInCurrentOnly>false</hideElementsInCurrentOnly>
<backgroundColor>-16777216</backgroundColor>
<lineWidth>1</lineWidth>
<points>
<point x="531" y="512"/>
<point x="864" y="512"/>
</points>
</Connector>
</connectors>
<arcs>
<Arc class="oracle.dbtools.crest.swingui.relational.TVFKArc" oid="AF64D097-EB30-18CC-7484-56A303F8B1CC" otype="FKArc" vid="C55DCE91-A098-1F5F-3FEF-806095E86B5A">
<hideElementsInCurrentOnly>false</hideElementsInCurrentOnly>
<bounds x="199" y="411" width="352" height="306"/>
</Arc>
</arcs>
</Diagram>