<?xml version = '1.0' encoding = 'UTF-8'?>
<Diagram class="oracle.dbtools.crest.swingui.logical.DPVLogical" name="Logical" id="2334FE57-4CAC-45E7-0571-127A365AD40C">
<createdBy>Charchilla</createdBy>
<modifiedBy>Charchilla</modifiedBy>
<createdTime>2025-09-13 20:26:27 UTC</createdTime>
<autoRoute>false</autoRoute>
<boxInbox>true</boxInbox>
<showLegend>false</showLegend>
<showLabels>false</showLabels>
<showRelAttributes>false</showRelAttributes>
<gridEnabled>false</gridEnabled>
<showGrid>false</showGrid>
<diagramColor>-1</diagramColor>
<display>false</display>
<notation>1</notation>
<objectViews>
<OView class="oracle.dbtools.crest.swingui.logical.TVEntity" oid="187A08A7-7944-D6E8-1DEF-52F0BEE99E15" otype="Entity" vid="E5C73462-6049-9C18-451D-CEF9739474DA">
<hideElementsInCurrentOnly>false</hideElementsInCurrentOnly>
<bounds x="15" y="115" width="97" height="54"/>
</OView>
<OView class="oracle.dbtools.crest.swingui.logical.TVEntity" oid="18A7BB43-F64A-A219-1DFB-5DBA98BDD30C" otype="Entity" vid="128B2BE5-91F2-941F-9863-7743C9D4DB0A">
<hideElementsInCurrentOnly>false</hideElementsInCurrentOnly>
<bounds x="336" y="293" width="158" height="82"/>
</OView>
<OView class="oracle.dbtools.crest.swingui.logical.TVEntity" oid="2339E9CF-66A6-F03D-5D4C-E5C5B12479FD" otype="Entity" vid="C92E8F44-7465-E1D2-3538-21968501E023">
<hideElementsInCurrentOnly>false</hideElementsInCurrentOnly>
<bounds x="678" y="47" width="111" height="54"/>
</OView>
<OView class="oracle.dbtools.crest.swingui.logical.TVEntity" oid="27B7A110-DA7A-6178-CEE6-FE304944FDC8" otype="Entity" vid="3EB37322-67DC-6F81-5626-DABA7F582187">
<hideElementsInCurrentOnly>false</hideElementsInCurrentOnly>
<bounds x="412" y="152" width="96" height="68"/>
</OView>
<OView class="oracle.dbtools.crest.swingui.logical.TVEntity" oid="395DC5EB-7AA4-8C70-A12E-60CFD2208D6F" otype="Entity" vid="F9C5ACB1-DBF4-6C66-F409-DDE49E110F85">
<hideElementsInCurrentOnly>false</hideElementsInCurrentOnly>
<bounds x="825" y="42" width="102" height="54"/>
</OView>
<OView class="oracle.dbtools.crest.swingui.logical.TVEntity" oid="425BB02B-BCB3-30A8-3A47-918930DE9116" otype="Entity" vid="DCB90924-7ACC-7CD9-04FF-4724AB6DE55E">
<hideElementsInCurrentOnly>false</hideElementsInCurrentOnly>
<bounds x="178" y="78" width="118" height="96"/>
</OView>
<OView class="oracle.dbtools.crest.swingui.logical.TVEntity" oid="4DF09F77-B258-FF6F-3089-AC0B8ED9C769" otype="Entity" vid="CA651D28-6E31-1434-3D28-41BEB3E7BE71">
<hideElementsInCurrentOnly>false</hideElementsInCurrentOnly>
<bounds x="512" y="15" width="120" height="124"/>
</OView>
<OView class="oracle.dbtools.crest.swingui.logical.TVEntity" oid="60B04D7A-77B1-75F4-D3C8-B870E6C1A06C" otype="Entity" vid="E1C5067B-7430-104B-F543-0F02C2257D95">
<hideElementsInCurrentOnly>false</hideElementsInCurrentOnly>
<bounds x="344" y="27" width="114" height="96"/>
</OView>
<OView class="oracle.dbtools.crest.swingui.logical.TVEntity" oid="89AD314F-B89B-766A-6397-EE2215BB0280" otype="Entity" vid="91D4586A-3E10-BEDF-F37B-6521477B0013">
<hideElementsInCurrentOnly>false</hideElementsInCurrentOnly>
<bounds x="269" y="212" width="138" height="40"/>
</OView>
<OView class="oracle.dbtools.crest.swingui.logical.TVEntity" oid="B2BABC6A-DC9D-F527-01DA-44D79167343B" otype="Entity" vid="2AE77D76-63B4-9D1C-6471-9E48B3EDEA3E">
<hideElementsInCurrentOnly>false</hideElementsInCurrentOnly>
<bounds x="17" y="198" width="133" height="54"/>
</OView>
<OView class="oracle.dbtools.crest.swingui.logical.TVEntity" oid="FF579F2E-5994-7408-299D-E12C2E59B066" otype="Entity" vid="C62AB113-761C-3E14-0BC8-475D5691A080">
<hideElementsInCurrentOnly>false</hideElementsInCurrentOnly>
<bounds x="16" y="64" width="87" height="40"/>
</OView>
</objectViews>
<connectors>
<Connector class="oracle.dbtools.crest.swingui.logical.TVRelation" oid="21BB4117-0F03-248E-0380-54CF6353CA2D" otype="Relation" vid_source="91D4586A-3E10-BEDF-F37B-6521477B0013" vid_target="128B2BE5-91F2-941F-9863-7743C9D4DB0A">
<hideElementsInCurrentOnly>false</hideElementsInCurrentOnly>
<backgroundColor>-16777216</backgroundColor>
<lineWidth>1</lineWidth>
<points>
<point x="371" y="252"/>
<point x="371" y="293"/>
</points>
</Connector>
<Connector class="oracle.dbtools.crest.swingui.logical.TVRelation" oid="512B7F3A-B3E6-C08F-5AC8-7D2E2475B2E1" otype="Relation" vid_source="E5C73462-6049-9C18-451D-CEF9739474DA" vid_target="DCB90924-7ACC-7CD9-04FF-4724AB6DE55E">
<hideElementsInCurrentOnly>false</hideElementsInCurrentOnly>
<backgroundColor>-16777216</backgroundColor>
<lineWidth>1</lineWidth>
<points>
<point x="112" y="142"/>
<point x="178" y="142"/>
</points>
</Connector>
<Connector class="oracle.dbtools.crest.swingui.logical.TVRelation" oid="5A365543-1329-3504-F54C-AF8079D947AF" otype="Relation" vid_source="DCB90924-7ACC-7CD9-04FF-4724AB6DE55E" vid_target="2AE77D76-63B4-9D1C-6471-9E48B3EDEA3E">
<hideElementsInCurrentOnly>false</hideElementsInCurrentOnly>
<backgroundColor>-16777216</backgroundColor>
<lineWidth>1</lineWidth>
<points>
<point x="178" y="164"/>
<point x="125" y="198"/>
</points>
</Connector>
<Connector class="oracle.dbtools.crest.swingui.logical.TVRelation" oid="693D0CF9-6C3D-57E2-F568-3EE47F233093" otype="Relation" vid_source="CA651D28-6E31-1434-3D28-41BEB3E7BE71" vid_target="E1C5067B-7430-104B-F543-0F02C2257D95">
<hideElementsInCurrentOnly>false</hideElementsInCurrentOnly>
<backgroundColor>-16777216</backgroundColor>
<lineWidth>1</lineWidth>
<points>
<point x="512" y="75"/>
<point x="458" y="75"/>
</points>
</Connector>
<Connector class="oracle.dbtools.crest.swingui.logical.TVRelation" oid="72EADDAB-BDF0-D356-B20A-77018A79AF38" otype="Relation" vid_source="C92E8F44-7465-E1D2-3538-21968501E023" vid_target="F9C5ACB1-DBF4-6C66-F409-DDE49E110F85">
<hideElementsInCurrentOnly>false</hideElementsInCurrentOnly>
<backgroundColor>-16777216</backgroundColor>
<lineWidth>1</lineWidth>
<points>
<point x="789" y="71"/>
<point x="825" y="71"/>
</points>
</Connector>
<Connector class="oracle.dbtools.crest.swingui.logical.TVRelation" oid="78AD474E-054F-F582-D286-409E6680C3D2" otype="Relation" vid_source="DCB90924-7ACC-7CD9-04FF-4724AB6DE55E" vid_target="E1C5067B-7430-104B-F543-0F02C2257D95">
<hideElementsInCurrentOnly>false</hideElementsInCurrentOnly>
<backgroundColor>-16777216</backgroundColor>
<lineWidth>1</lineWidth>
<points>
<point x="296" y="100"/>
<point x="344" y="100"/>
</points>
</Connector>
<Connector class="oracle.dbtools.crest.swingui.logical.TVRelation" oid="7B837A98-5DFB-88C6-33B7-1E9930793F06" otype="Relation" vid_source="CA651D28-6E31-1434-3D28-41BEB3E7BE71" vid_target="C92E8F44-7465-E1D2-3538-21968501E023">
<hideElementsInCurrentOnly>false</hideElementsInCurrentOnly>
<backgroundColor>-16777216</backgroundColor>
<lineWidth>1</lineWidth>
<points>
<point x="632" y="74"/>
<point x="678" y="74"/>
</points>
</Connector>
<Connector class="oracle.dbtools.crest.swingui.logical.TVRelation" oid="7C9DBEEA-D5D3-677F-0B3C-D85A6BD74532" otype="Relation" vid_source="DCB90924-7ACC-7CD9-04FF-4724AB6DE55E" vid_target="C62AB113-761C-3E14-0BC8-475D5691A080">
<hideElementsInCurrentOnly>false</hideElementsInCurrentOnly>
<backgroundColor>-16777216</backgroundColor>
<lineWidth>1</lineWidth>
<points>
<point x="178" y="91"/>
<point x="103" y="91"/>
</points>
</Connector>
<Connector class="oracle.dbtools.crest.swingui.logical.TVRelation" oid="8C97DAC0-693F-CC7B-0E53-786C0719184A" otype="Relation" vid_source="E1C5067B-7430-104B-F543-0F02C2257D95" vid_target="3EB37322-67DC-6F81-5626-DABA7F582187">
<hideElementsInCurrentOnly>false</hideElementsInCurrentOnly>
<backgroundColor>-16777216</backgroundColor>
<lineWidth>1</lineWidth>
<points>
<point x="435" y="123"/>
<point x="435" y="152"/>
</points>
</Connector>
<Connector class="oracle.dbtools.crest.swingui.logical.TVRelation" oid="91692195-3A88-2642-B5E1-6E4FC505F468" otype="Relation" vid_source="E1C5067B-7430-104B-F543-0F02C2257D95" vid_target="91D4586A-3E10-BEDF-F37B-6521477B0013">
<hideElementsInCurrentOnly>false</hideElementsInCurrentOnly>
<backgroundColor>-16777216</backgroundColor>
<lineWidth>1</lineWidth>
<points>
<point x="375" y="123"/>
<point x="375" y="212"/>
</points>
</Connector>
<Connector class="oracle.dbtools.crest.swingui.logical.TVRelation" oid="94A2DC96-B322-1AF9-60B1-32A04D27B534" otype="Relation" vid_source="DCB90924-7ACC-7CD9-04FF-4724AB6DE55E" vid_target="DCB90924-7ACC-7CD9-04FF-4724AB6DE55E">
<hideElementsInCurrentOnly>false</hideElementsInCurrentOnly>
<backgroundColor>-16777216</backgroundColor>
<lineWidth>1</lineWidth>
<points>
<point x="296" y="126"/>
<point x="341" y="126"/>
<point x="340" y="182"/>
<point x="265" y="183"/>
<point x="265" y="174"/>
</points>
</Connector>
</connectors>
</Diagram>