<?xml version = '1.0' encoding = 'UTF-8'?>
<FKIndexAssociation class="oracle.dbtools.crest.model.design.relational.FKIndexAssociation" directorySegmentName="seg_0" id="1731ED51-22F9-CE2A-4168-3E72D4AC8256" containerWithKeyObject="793A5E4C-8BD5-E3FF-7ED0-DE6B69DC098B" localFKIndex="B7026C6D-124D-0296-0021-6AAD3F560DF0" name="Planta_COMUNA_FK">
<createdBy>Charchilla</createdBy>
<createdTime>2025-10-11 20:26:41 UTC</createdTime>
<generatorID>256DE45E-0E18-307F-6382-A2833ABC2F2C</generatorID>
<ownerDesignName>WORK-S9</ownerDesignName>
<referredTableLongName>COMUNA</referredTableLongName>
<deleteRule>NO ACTION</deleteRule>
<referredTableID>92F3CDCB-67AA-60EB-D44B-2B4481D29087</referredTableID>
<keyObject>B1614512-4A55-B8BE-0EB1-CA2F307BC567</keyObject>
<referredKeyID>B1614512-4A55-B8BE-0EB1-CA2F307BC567</referredKeyID>
<mandatory>true</mandatory>
<refColNames>id_comuna</refColNames>
<transferable>true</transferable>
<rely>false</rely>
<columnDependencyConstraintGenerateInDDL>true</columnDependencyConstraintGenerateInDDL>
</FKIndexAssociation>