<?xml version = '1.0' encoding = 'UTF-8'?>
<FKIndexAssociation class="oracle.dbtools.crest.model.design.relational.FKIndexAssociation" directorySegmentName="seg_0" id="1B3B7E7E-639D-A308-ED6F-91DA712765FE" containerWithKeyObject="F3404109-5330-EF70-4B91-F39ACB88FEDF" localFKIndex="95D7936E-37E0-0E28-8F22-2850AE647F80" name="ORD_MANTENSION_TEC_MANTENSION_FK">
<createdBy>Charchilla</createdBy>
<createdTime>2025-10-11 20:26:41 UTC</createdTime>
<generatorID>D9065A3A-B5B8-97FB-0755-E8E2C9EE500F</generatorID>
<ownerDesignName>WORK-S9</ownerDesignName>
<referredTableLongName>TEC_MANTENSION</referredTableLongName>
<deleteRule>NO ACTION</deleteRule>
<referredTableID>D5B0CC94-CECE-27B5-6472-995D83A1DDFE</referredTableID>
<keyObject>92F1BDC4-52BF-7A31-BC9B-5AB25B152682</keyObject>
<referredKeyID>92F1BDC4-52BF-7A31-BC9B-5AB25B152682</referredKeyID>
<mandatory>true</mandatory>
<refColNames>id_empleado</refColNames>
<transferable>true</transferable>
<rely>false</rely>
<columnDependencyConstraintGenerateInDDL>true</columnDependencyConstraintGenerateInDDL>
</FKIndexAssociation>