<?xml version = '1.0' encoding = 'UTF-8'?>
<FKIndexAssociation class="oracle.dbtools.crest.model.design.relational.FKIndexAssociation" directorySegmentName="seg_0" id="255FDEE2-26C8-C652-D504-6490F82D1C26" containerWithKeyObject="BDE60476-02EE-B4A7-48F4-15AE38F2421A" localFKIndex="AB5CE2A7-66D3-91B4-02A3-0CE496D535B3" name="MAQUINA_Planta_FK">
<createdBy>Charchilla</createdBy>
<createdTime>2025-10-11 20:26:41 UTC</createdTime>
<generatorID>55F5D6A4-93E3-D3CA-857A-98C658F013C7</generatorID>
<ownerDesignName>WORK-S9</ownerDesignName>
<referredTableLongName>Planta</referredTableLongName>
<deleteRule>NO ACTION</deleteRule>
<referredTableID>793A5E4C-8BD5-E3FF-7ED0-DE6B69DC098B</referredTableID>
<keyObject>C4AAC9CD-402A-5E48-3307-7A0D4A1AD4AE</keyObject>
<referredKeyID>C4AAC9CD-402A-5E48-3307-7A0D4A1AD4AE</referredKeyID>
<mandatory>true</mandatory>
<refColNames>id_planta</refColNames>
<transferable>true</transferable>
<rely>false</rely>
<columnDependencyConstraintGenerateInDDL>true</columnDependencyConstraintGenerateInDDL>
</FKIndexAssociation>