<?xml version = '1.0' encoding = 'UTF-8'?>
<FKIndexAssociation class="oracle.dbtools.crest.model.design.relational.FKIndexAssociation" directorySegmentName="seg_0" id="32E3F89E-8D8A-1B0F-D2BD-20B7A3AB86F7" containerWithKeyObject="D5B0CC94-CECE-27B5-6472-995D83A1DDFE" localFKIndex="2886E916-0310-7C9C-44EA-6B0420C0E17A" name="TEC_MANTENSION_EMPLEADO_FK">
<createdBy>Charchilla</createdBy>
<createdTime>2025-10-11 20:26:41 UTC</createdTime>
<generatorID>68F85BF5-ABEB-6DBF-118D-2011537BB3A9</generatorID>
<ownerDesignName>WORK-S9</ownerDesignName>
<referredTableLongName>EMPLEADO</referredTableLongName>
<arc>AF64D097-EB30-18CC-7484-56A303F8B1CC</arc>
<deleteRule>NO ACTION</deleteRule>
<referredTableID>8C960DB0-E75A-5152-87B9-6E93E437327A</referredTableID>
<keyObject>CC45CECD-708D-D993-98AD-82703A9B6751</keyObject>
<referredKeyID>CC45CECD-708D-D993-98AD-82703A9B6751</referredKeyID>
<mandatory>true</mandatory>
<refColNames>id_empleado</refColNames>
<transferable>true</transferable>
<rely>false</rely>
<columnDependencyConstraintGenerateInDDL>true</columnDependencyConstraintGenerateInDDL>
</FKIndexAssociation>