<?xml version = '1.0' encoding = 'UTF-8'?>
<FKIndexAssociation class="oracle.dbtools.crest.model.design.relational.FKIndexAssociation" directorySegmentName="seg_0" id="3684F6D0-B08E-DF6E-F673-9B72521FE2B7" containerWithKeyObject="92F3CDCB-67AA-60EB-D44B-2B4481D29087" localFKIndex="5C2CFFC4-4C14-E70D-B55D-EDDFA98FD882" name="COMUNA_REGION_FK">
<createdBy>Charchilla</createdBy>
<createdTime>2025-10-11 20:26:41 UTC</createdTime>
<generatorID>47697FF1-E5D2-79F1-1027-7D32CA9B75DD</generatorID>
<ownerDesignName>WORK-S9</ownerDesignName>
<referredTableLongName>REGION</referredTableLongName>
<deleteRule>NO ACTION</deleteRule>
<referredTableID>18405089-DA13-B3EF-B8B3-33EC43489C25</referredTableID>
<keyObject>28BA3326-E17B-A876-D842-82169038A4F1</keyObject>
<referredKeyID>28BA3326-E17B-A876-D842-82169038A4F1</referredKeyID>
<mandatory>true</mandatory>
<refColNames>id_region</refColNames>
<transferable>true</transferable>
<rely>false</rely>
<columnDependencyConstraintGenerateInDDL>true</columnDependencyConstraintGenerateInDDL>
</FKIndexAssociation>