<?xml version = '1.0' encoding = 'UTF-8'?>
<FKIndexAssociation class="oracle.dbtools.crest.model.design.relational.FKIndexAssociation" directorySegmentName="seg_0" id="3ABE946C-DAFD-2F95-37C8-8661118EB438" containerWithKeyObject="8C960DB0-E75A-5152-87B9-6E93E437327A" localFKIndex="DF287EC0-6D7B-2F68-9412-FCB46D7F4149" name="EMPLEADO_Planta_FK">
<createdBy>Charchilla</createdBy>
<createdTime>2025-10-11 20:26:41 UTC</createdTime>
<generatorID>F1C73B81-A8CD-FDA4-C664-AC287BD36193</generatorID>
<ownerDesignName>WORK-S9</ownerDesignName>
<referredTableLongName>Planta</referredTableLongName>
<deleteRule>NO ACTION</deleteRule>
<referredTableID>793A5E4C-8BD5-E3FF-7ED0-DE6B69DC098B</referredTableID>
<keyObject>C4AAC9CD-402A-5E48-3307-7A0D4A1AD4AE</keyObject>
<referredKeyID>C4AAC9CD-402A-5E48-3307-7A0D4A1AD4AE</referredKeyID>
<mandatory>true</mandatory>
<refColNames>id_planta</refColNames>
<transferable>true</transferable>
<rely>false</rely>
<columnDependencyConstraintGenerateInDDL>true</columnDependencyConstraintGenerateInDDL>
</FKIndexAssociation>