<?xml version = '1.0' encoding = 'UTF-8'?>
<FKIndexAssociation class="oracle.dbtools.crest.model.design.relational.FKIndexAssociation" directorySegmentName="seg_0" id="5097813C-71D3-8E1E-F06E-7FF162D94F7A" containerWithKeyObject="C40B3244-BCAF-F289-B8BF-C44E1F1DDB75" localFKIndex="B9CA5E69-2705-8AF8-D816-68E95437A851" name="ASIG_TURNO_MAQUINA_FK">
<createdBy>Charchilla</createdBy>
<createdTime>2025-10-11 20:26:41 UTC</createdTime>
<generatorID>DC6463F6-AF47-0C0B-CC42-A7AD62BD9259</generatorID>
<ownerDesignName>WORK-S9</ownerDesignName>
<referredTableLongName>MAQUINA</referredTableLongName>
<deleteRule>NO ACTION</deleteRule>
<referredTableID>BDE60476-02EE-B4A7-48F4-15AE38F2421A</referredTableID>
<keyObject>AD180F31-DEBE-7CD7-E5FB-81D1E078B29B</keyObject>
<referredKeyID>AD180F31-DEBE-7CD7-E5FB-81D1E078B29B</referredKeyID>
<mandatory>true</mandatory>
<refColNames>numero</refColNames>
<transferable>true</transferable>
<rely>false</rely>
<columnDependencyConstraintGenerateInDDL>true</columnDependencyConstraintGenerateInDDL>
</FKIndexAssociation>