<?xml version = '1.0' encoding = 'UTF-8'?>
<FKIndexAssociation class="oracle.dbtools.crest.model.design.relational.FKIndexAssociation" directorySegmentName="seg_0" id="5692E77E-B43A-B5BE-FD86-E2596A8245B7" containerWithKeyObject="C40B3244-BCAF-F289-B8BF-C44E1F1DDB75" localFKIndex="15678B37-5EF3-5129-6827-EE41F08E9DFB" name="ASIG_TURNO_TURNO_FK">
<createdBy>Charchilla</createdBy>
<createdTime>2025-10-11 20:26:41 UTC</createdTime>
<generatorID>34CFBB8B-5A33-5968-4C1E-29F7B8B5E25A</generatorID>
<ownerDesignName>WORK-S9</ownerDesignName>
<referredTableLongName>TURNO</referredTableLongName>
<deleteRule>NO ACTION</deleteRule>
<referredTableID>CD1C39D4-B416-BE37-1B30-04DB470F4690</referredTableID>
<keyObject>A8957CC2-04C5-2C5B-EE29-02BEBF5CF5D1</keyObject>
<referredKeyID>A8957CC2-04C5-2C5B-EE29-02BEBF5CF5D1</referredKeyID>
<mandatory>true</mandatory>
<refColNames>id_turno</refColNames>
<transferable>true</transferable>
<rely>false</rely>
<columnDependencyConstraintGenerateInDDL>true</columnDependencyConstraintGenerateInDDL>
</FKIndexAssociation>