<?xml version = '1.0' encoding = 'UTF-8'?>
<FKIndexAssociation class="oracle.dbtools.crest.model.design.relational.FKIndexAssociation" directorySegmentName="seg_0" id="5E3F67E1-F74C-28B4-8728-D67225107FE9" containerWithKeyObject="BDE60476-02EE-B4A7-48F4-15AE38F2421A" localFKIndex="CC762C7A-544E-5368-28E1-0522E836A526" name="MAQUINA_TIPO_MAQUINA_FK">
<createdBy>Charchilla</createdBy>
<createdTime>2025-10-11 20:26:41 UTC</createdTime>
<generatorID>8140DC1C-EA08-2BEF-F3FA-E9BA89BA9349</generatorID>
<ownerDesignName>WORK-S9</ownerDesignName>
<referredTableLongName>TIPO_MAQUINA</referredTableLongName>
<deleteRule>NO ACTION</deleteRule>
<referredTableID>57DF8263-4CEE-56E7-3E79-1A852815D8E3</referredTableID>
<keyObject>26B89E7C-AFF1-8DFF-11DF-8696B1D5CDF2</keyObject>
<referredKeyID>26B89E7C-AFF1-8DFF-11DF-8696B1D5CDF2</referredKeyID>
<mandatory>true</mandatory>
<refColNames>id_tipo_maq</refColNames>
<transferable>true</transferable>
<rely>false</rely>
<columnDependencyConstraintGenerateInDDL>true</columnDependencyConstraintGenerateInDDL>
</FKIndexAssociation>