<?xml version = '1.0' encoding = 'UTF-8'?>
<FKIndexAssociation class="oracle.dbtools.crest.model.design.relational.FKIndexAssociation" directorySegmentName="seg_0" id="A546E626-9B78-581B-6C80-392C4DFEDAA6" containerWithKeyObject="629267B5-2471-7C60-C71D-1441D4CC45DA" localFKIndex="2AB9535B-126A-BECD-6236-A7A443B21E58" name="OPERARIOS_EMPLEADO_FK">
<createdBy>Charchilla</createdBy>
<createdTime>2025-10-11 20:26:41 UTC</createdTime>
<generatorID>5608DEC2-3187-7BCC-D312-C1E9913B7607</generatorID>
<ownerDesignName>WORK-S9</ownerDesignName>
<referredTableLongName>EMPLEADO</referredTableLongName>
<arc>AF64D097-EB30-18CC-7484-56A303F8B1CC</arc>
<deleteRule>NO ACTION</deleteRule>
<referredTableID>8C960DB0-E75A-5152-87B9-6E93E437327A</referredTableID>
<keyObject>CC45CECD-708D-D993-98AD-82703A9B6751</keyObject>
<referredKeyID>CC45CECD-708D-D993-98AD-82703A9B6751</referredKeyID>
<mandatory>true</mandatory>
<refColNames>id_empleado</refColNames>
<transferable>true</transferable>
<rely>false</rely>
<columnDependencyConstraintGenerateInDDL>true</columnDependencyConstraintGenerateInDDL>
</FKIndexAssociation>