<?xml version = '1.0' encoding = 'UTF-8'?>
<FKIndexAssociation class="oracle.dbtools.crest.model.design.relational.FKIndexAssociation" directorySegmentName="seg_0" id="A63DC820-CD63-7F8C-80A5-79503DD0B710" containerWithKeyObject="8C960DB0-E75A-5152-87B9-6E93E437327A" localFKIndex="59CA5CE1-36C7-6BBC-31D4-3F7E5CD87139" name="EMPLEADO_EMPLEADO_FK">
<createdBy>Charchilla</createdBy>
<createdTime>2025-10-11 20:26:41 UTC</createdTime>
<generatorID>DFC439D2-D90F-A5F5-6780-15165BEACBB9</generatorID>
<ownerDesignName>WORK-S9</ownerDesignName>
<referredTableLongName>EMPLEADO</referredTableLongName>
<deleteRule>NO ACTION</deleteRule>
<referredTableID>8C960DB0-E75A-5152-87B9-6E93E437327A</referredTableID>
<keyObject>CC45CECD-708D-D993-98AD-82703A9B6751</keyObject>
<referredKeyID>CC45CECD-708D-D993-98AD-82703A9B6751</referredKeyID>
<mandatory>true</mandatory>
<refColNames>id_empleado</refColNames>
<transferable>true</transferable>
<rely>false</rely>
<columnDependencyConstraintGenerateInDDL>true</columnDependencyConstraintGenerateInDDL>
</FKIndexAssociation>