<?xml version = '1.0' encoding = 'UTF-8'?>
<FKIndexAssociation class="oracle.dbtools.crest.model.design.relational.FKIndexAssociation" directorySegmentName="seg_0" id="C2A1E7AB-06DB-511A-636A-316D8E1C6D99" containerWithKeyObject="8C960DB0-E75A-5152-87B9-6E93E437327A" localFKIndex="C31E55AB-72D5-A95A-5A07-53BB1FB43720" name="EMPLEADO_SALUD_FK">
<createdBy>Charchilla</createdBy>
<createdTime>2025-10-11 20:26:41 UTC</createdTime>
<generatorID>6D2E6012-DBE8-EAC9-407F-14FC4CDA25AE</generatorID>
<ownerDesignName>WORK-S9</ownerDesignName>
<referredTableLongName>SALUD</referredTableLongName>
<deleteRule>NO ACTION</deleteRule>
<referredTableID>0E9BE994-35C0-707C-63F3-FE01224A89A5</referredTableID>
<keyObject>AFB7E130-C023-EEAA-974A-4547E61EFFBC</keyObject>
<referredKeyID>AFB7E130-C023-EEAA-974A-4547E61EFFBC</referredKeyID>
<mandatory>true</mandatory>
<refColNames>id_salud</refColNames>
<transferable>true</transferable>
<rely>false</rely>
<columnDependencyConstraintGenerateInDDL>true</columnDependencyConstraintGenerateInDDL>
</FKIndexAssociation>