<?xml version = '1.0' encoding = 'UTF-8'?>
<FKIndexAssociation class="oracle.dbtools.crest.model.design.relational.FKIndexAssociation" directorySegmentName="seg_0" id="C5B0BDC2-DD1F-57EF-8CFD-F31748475472" containerWithKeyObject="F3404109-5330-EF70-4B91-F39ACB88FEDF" localFKIndex="0AAB8D87-CA38-A53B-F805-031A034EAA4A" name="ORD_MANTENSION_MAQUINA_FK">
<createdBy>Charchilla</createdBy>
<createdTime>2025-10-11 20:26:41 UTC</createdTime>
<generatorID>8727094C-1CED-E3FA-40E8-0997CA6625EE</generatorID>
<ownerDesignName>WORK-S9</ownerDesignName>
<referredTableLongName>MAQUINA</referredTableLongName>
<deleteRule>NO ACTION</deleteRule>
<referredTableID>BDE60476-02EE-B4A7-48F4-15AE38F2421A</referredTableID>
<keyObject>AD180F31-DEBE-7CD7-E5FB-81D1E078B29B</keyObject>
<referredKeyID>AD180F31-DEBE-7CD7-E5FB-81D1E078B29B</referredKeyID>
<mandatory>true</mandatory>
<refColNames>numero</refColNames>
<transferable>true</transferable>
<rely>false</rely>
<columnDependencyConstraintGenerateInDDL>true</columnDependencyConstraintGenerateInDDL>
</FKIndexAssociation>