<?xml version = '1.0' encoding = 'UTF-8'?>
<FKIndexAssociation class="oracle.dbtools.crest.model.design.relational.FKIndexAssociation" directorySegmentName="seg_0" id="DC9A70AA-8C93-3A21-DE3A-7B30683E0803" containerWithKeyObject="8C960DB0-E75A-5152-87B9-6E93E437327A" localFKIndex="0D0FFAB4-40B4-0DAC-35EF-A7CD1A463A1E" name="EMPLEADO_AFP_FK">
<createdBy>Charchilla</createdBy>
<createdTime>2025-10-11 20:26:41 UTC</createdTime>
<generatorID>94D9C04E-F601-C574-2A7C-C8BB9AB5E5E2</generatorID>
<ownerDesignName>WORK-S9</ownerDesignName>
<referredTableLongName>AFP</referredTableLongName>
<deleteRule>NO ACTION</deleteRule>
<referredTableID>6458EFEA-DC7E-4C01-6BE3-183F4448C660</referredTableID>
<keyObject>EAF3E315-EA1D-52C9-33DA-72932B1671B5</keyObject>
<referredKeyID>EAF3E315-EA1D-52C9-33DA-72932B1671B5</referredKeyID>
<mandatory>true</mandatory>
<refColNames>id_afp</refColNames>
<transferable>true</transferable>
<rely>false</rely>
<columnDependencyConstraintGenerateInDDL>true</columnDependencyConstraintGenerateInDDL>
</FKIndexAssociation>