<?xml version = '1.0' encoding = 'UTF-8'?>
<FKIndexAssociation class="oracle.dbtools.crest.model.design.relational.FKIndexAssociation" directorySegmentName="seg_0" id="E45DC8EF-8706-D50B-7412-5226573E64C2" containerWithKeyObject="093DE111-FEED-A318-D4DB-80A3E0A6FB6C" localFKIndex="4FA0CFE4-0B43-E8A8-D983-14BD58227864" name="JEFE_TURNO_EMPLEADO_FK">
<createdBy>Charchilla</createdBy>
<createdTime>2025-10-11 20:26:41 UTC</createdTime>
<generatorID>3318397D-2966-0ABA-1AB5-53AE1E0CD8B8</generatorID>
<ownerDesignName>WORK-S9</ownerDesignName>
<referredTableLongName>EMPLEADO</referredTableLongName>
<arc>AF64D097-EB30-18CC-7484-56A303F8B1CC</arc>
<deleteRule>NO ACTION</deleteRule>
<referredTableID>8C960DB0-E75A-5152-87B9-6E93E437327A</referredTableID>
<keyObject>CC45CECD-708D-D993-98AD-82703A9B6751</keyObject>
<referredKeyID>CC45CECD-708D-D993-98AD-82703A9B6751</referredKeyID>
<mandatory>true</mandatory>
<refColNames>id_empleado</refColNames>
<transferable>true</transferable>
<rely>false</rely>
<columnDependencyConstraintGenerateInDDL>true</columnDependencyConstraintGenerateInDDL>
</FKIndexAssociation>