<?xml version = '1.0' encoding = 'UTF-8'?>
<FKIndexAssociation class="oracle.dbtools.crest.model.design.relational.FKIndexAssociation" directorySegmentName="seg_0" id="FF55D3A5-8388-BF8D-4795-629845488FDF" containerWithKeyObject="C40B3244-BCAF-F289-B8BF-C44E1F1DDB75" localFKIndex="59E98699-1816-FED2-CE07-782E21D04642" name="ASIG_TURNO_EMPLEADO_FK">
<createdBy>Charchilla</createdBy>
<createdTime>2025-10-11 20:26:41 UTC</createdTime>
<generatorID>2ADF5AFB-60A2-9A06-9784-E1DDF546383E</generatorID>
<ownerDesignName>WORK-S9</ownerDesignName>
<referredTableLongName>EMPLEADO</referredTableLongName>
<deleteRule>NO ACTION</deleteRule>
<referredTableID>8C960DB0-E75A-5152-87B9-6E93E437327A</referredTableID>
<keyObject>CC45CECD-708D-D993-98AD-82703A9B6751</keyObject>
<referredKeyID>CC45CECD-708D-D993-98AD-82703A9B6751</referredKeyID>
<mandatory>true</mandatory>
<refColNames>id_empleado</refColNames>
<transferable>true</transferable>
<rely>false</rely>
<columnDependencyConstraintGenerateInDDL>true</columnDependencyConstraintGenerateInDDL>
</FKIndexAssociation>