<?xml version = '1.0' encoding = 'UTF-8'?>
<Entity class="oracle.dbtools.crest.model.design.logical.Entity" directorySegmentName="seg_0" id="27B7A110-DA7A-6178-CEE6-FE304944FDC8" name="PAGO">
<createdBy>Charchilla</createdBy>
<createdTime>2025-09-13 21:07:39 UTC</createdTime>
<ownerDesignName>s5</ownerDesignName>
<engineerTo>
<item key="C262E638-699B-2499-AB36-5CDFF4D1E746" value="true"/>
</engineerTo>
<adequatelyNormalized>NO</adequatelyNormalized>
<expectedVolumes>0</expectedVolumes>
<fwdEngineeringStrategyName>Single Table</fwdEngineeringStrategyName>
<growthPercent>0</growthPercent>
<growthType>Year</growthType>
<maxVolumes>9999999</maxVolumes>
<minVolumes>0</minVolumes>
<normalForm>Third</normalForm>
<attributes itemClass="oracle.dbtools.crest.model.design.logical.Attribute">
<Attribute name="id_pago" id="719469DD-BD71-9A43-191C-CEEC26D42D38">
<createdBy>Charchilla</createdBy>
<createdTime>2025-09-13 21:07:47 UTC</createdTime>
<ownerDesignName>s5</ownerDesignName>
<engineerTo>
<item key="C262E638-699B-2499-AB36-5CDFF4D1E746" value="true"/>
</engineerTo>
<useDomainConstraints>false</useDomainConstraints>
<use>1</use>
<logicalDatatype>LOGDT024</logicalDatatype>
<dataTypeSize>15</dataTypeSize>
<ownDataTypeParameters>15,,</ownDataTypeParameters>
</Attribute>
<Attribute name="monto" id="B911F3FA-432F-61FD-B947-3ED64C0784C7">
<createdBy>Charchilla</createdBy>
<createdTime>2025-09-13 21:08:09 UTC</createdTime>
<ownerDesignName>s5</ownerDesignName>
<engineerTo>
<item key="C262E638-699B-2499-AB36-5CDFF4D1E746" value="true"/>
</engineerTo>
<useDomainConstraints>false</useDomainConstraints>
<use>1</use>
<logicalDatatype>LOGDT024</logicalDatatype>
<dataTypeSize>30</dataTypeSize>
<ownDataTypeParameters>30,,</ownDataTypeParameters>
</Attribute>
<Attribute name="t_pago" id="52869D73-AFE9-FD59-61F7-9FF56D22318B">
<createdBy>Charchilla</createdBy>
<createdTime>2025-09-13 21:08:55 UTC</createdTime>
<ownerDesignName>s5</ownerDesignName>
<engineerTo>
<item key="C262E638-699B-2499-AB36-5CDFF4D1E746" value="true"/>
</engineerTo>
<constraintName>CK_PAGO_T_PAGO</constraintName>
<useDomainConstraints>false</useDomainConstraints>
<use>1</use>
<logicalDatatype>LOGDT024</logicalDatatype>
<dataTypeSize>10</dataTypeSize>
<listOfValues>
<valueDef value="&quot;convenio&quot;" description=""/>
<valueDef value="&quot;efectivo&quot;" description=""/>
<valueDef value="&quot;tarjeta&quot;" description=""/>
</listOfValues>
<ownDataTypeParameters>10,,</ownDataTypeParameters>
</Attribute>
<Attribute name="id_atencion" id="45E90D7D-8BC4-F788-216A-DA24D4D8CFF1">
<createdBy>Charchilla</createdBy>
<createdTime>2025-09-13 21:34:17 UTC</createdTime>
<generatorID>8C97DAC0-693F-CC7B-0E53-786C0719184A</generatorID>
<ownerDesignName>s5</ownerDesignName>
<engineerTo>
<item key="C262E638-699B-2499-AB36-5CDFF4D1E746" value="true"/>
</engineerTo>
<referedAttribute>42164227-6788-2975-14F5-180FC58095C5</referedAttribute>
<useDomainConstraints>false</useDomainConstraints>
<use>1</use>
<logicalDatatype>LOGDT024</logicalDatatype>
<dataTypeSize>15</dataTypeSize>
<ownDataTypeParameters>,,</ownDataTypeParameters>
</Attribute>
</attributes>
<identifiers itemClass="oracle.dbtools.crest.model.design.logical.CandidateKey">
<identifier id="D501697C-1534-1F81-47EF-37DB60F115A2" name="PAGO PK">
<createdBy>Charchilla</createdBy>
<createdTime>2025-09-13 21:08:07 UTC</createdTime>
<ownerDesignName>s5</ownerDesignName>
<engineerTo>
<item key="C262E638-699B-2499-AB36-5CDFF4D1E746" value="true"/>
</engineerTo>
<pk>true</pk>
<usedAttributes>
<attributeRef>719469DD-BD71-9A43-191C-CEEC26D42D38</attributeRef>
</usedAttributes>
</identifier>
</identifiers>
</Entity>