<?xml version = '1.0' encoding = 'UTF-8'?>
<Entity class="oracle.dbtools.crest.model.design.logical.Entity" directorySegmentName="seg_0" id="395DC5EB-7AA4-8C70-A12E-60CFD2208D6F" name="REGION">
<createdBy>Charchilla</createdBy>
<createdTime>2025-09-13 20:26:35 UTC</createdTime>
<ownerDesignName>s5</ownerDesignName>
<engineerTo>
<item key="C262E638-699B-2499-AB36-5CDFF4D1E746" value="true"/>
</engineerTo>
<adequatelyNormalized>NO</adequatelyNormalized>
<expectedVolumes>0</expectedVolumes>
<fwdEngineeringStrategyName>Single Table</fwdEngineeringStrategyName>
<growthPercent>0</growthPercent>
<growthType>Year</growthType>
<maxVolumes>9999999</maxVolumes>
<minVolumes>0</minVolumes>
<normalForm>Third</normalForm>
<attributes itemClass="oracle.dbtools.crest.model.design.logical.Attribute">
<Attribute name="id_region" id="02C1E839-B079-8471-4C0A-A8E8D8FF9B6C">
<createdBy>Charchilla</createdBy>
<createdTime>2025-09-13 20:27:27 UTC</createdTime>
<ownerDesignName>s5</ownerDesignName>
<engineerTo>
<item key="C262E638-699B-2499-AB36-5CDFF4D1E746" value="true"/>
</engineerTo>
<useDomainConstraints>false</useDomainConstraints>
<use>1</use>
<logicalDatatype>LOGDT024</logicalDatatype>
<dataTypeSize>3</dataTypeSize>
<ownDataTypeParameters>3,,</ownDataTypeParameters>
</Attribute>
<Attribute name="nombre" id="F95FE127-773D-80BD-2CB0-653D2C6E6065">
<createdBy>Charchilla</createdBy>
<createdTime>2025-09-13 20:28:11 UTC</createdTime>
<ownerDesignName>s5</ownerDesignName>
<engineerTo>
<item key="C262E638-699B-2499-AB36-5CDFF4D1E746" value="true"/>
</engineerTo>
<useDomainConstraints>false</useDomainConstraints>
<use>1</use>
<logicalDatatype>LOGDT024</logicalDatatype>
<dataTypeSize>100</dataTypeSize>
<ownDataTypeParameters>100,,</ownDataTypeParameters>
</Attribute>
</attributes>
<identifiers itemClass="oracle.dbtools.crest.model.design.logical.CandidateKey">
<identifier id="340F94BB-5362-E920-AF47-A857FCF6D050" name="REGION PK">
<createdBy>Charchilla</createdBy>
<createdTime>2025-09-13 20:28:10 UTC</createdTime>
<ownerDesignName>s5</ownerDesignName>
<engineerTo>
<item key="C262E638-699B-2499-AB36-5CDFF4D1E746" value="true"/>
</engineerTo>
<pk>true</pk>
<usedAttributes>
<attributeRef>02C1E839-B079-8471-4C0A-A8E8D8FF9B6C</attributeRef>
</usedAttributes>
</identifier>
</identifiers>
</Entity>