<?xml version = '1.0' encoding = 'UTF-8'?>
<Entity class="oracle.dbtools.crest.model.design.logical.Entity" directorySegmentName="seg_0" id="425BB02B-BCB3-30A8-3A47-918930DE9116" name="MEDICO">
<createdBy>Charchilla</createdBy>
<createdTime>2025-09-13 20:34:07 UTC</createdTime>
<ownerDesignName>s5</ownerDesignName>
<engineerTo>
<item key="C262E638-699B-2499-AB36-5CDFF4D1E746" value="true"/>
</engineerTo>
<adequatelyNormalized>NO</adequatelyNormalized>
<expectedVolumes>0</expectedVolumes>
<fwdEngineeringStrategyName>Single Table</fwdEngineeringStrategyName>
<growthPercent>0</growthPercent>
<growthType>Year</growthType>
<maxVolumes>9999999</maxVolumes>
<minVolumes>0</minVolumes>
<normalForm>Third</normalForm>
<attributes itemClass="oracle.dbtools.crest.model.design.logical.Attribute">
<Attribute name="rut_medico" id="0716E1D7-326E-F712-A93D-1C1E26B84C8B">
<createdBy>Charchilla</createdBy>
<createdTime>2025-09-13 20:36:28 UTC</createdTime>
<ownerDesignName>s5</ownerDesignName>
<engineerTo>
<item key="C262E638-699B-2499-AB36-5CDFF4D1E746" value="true"/>
</engineerTo>
<useDomainConstraints>false</useDomainConstraints>
<use>1</use>
<logicalDatatype>LOGDT024</logicalDatatype>
<dataTypeSize>15</dataTypeSize>
<ownDataTypeParameters>15,,</ownDataTypeParameters>
</Attribute>
<Attribute name="nombre" id="1A653BC1-F9C2-5D37-A559-44E9A136431E">
<createdBy>Charchilla</createdBy>
<createdTime>2025-09-13 20:36:47 UTC</createdTime>
<ownerDesignName>s5</ownerDesignName>
<engineerTo>
<item key="C262E638-699B-2499-AB36-5CDFF4D1E746" value="true"/>
</engineerTo>
<useDomainConstraints>false</useDomainConstraints>
<use>1</use>
<logicalDatatype>LOGDT024</logicalDatatype>
<dataTypeSize>100</dataTypeSize>
<ownDataTypeParameters>100,,</ownDataTypeParameters>
</Attribute>
<Attribute name="f_ingreso" id="09A7034E-A2F3-9BC9-4F73-3C88445705F9">
<createdBy>Charchilla</createdBy>
<createdTime>2025-09-13 20:37:20 UTC</createdTime>
<ownerDesignName>s5</ownerDesignName>
<engineerTo>
<item key="C262E638-699B-2499-AB36-5CDFF4D1E746" value="true"/>
</engineerTo>
<useDomainConstraints>false</useDomainConstraints>
<use>1</use>
<logicalDatatype>LOGDT007</logicalDatatype>
<ownDataTypeParameters>,,</ownDataTypeParameters>
</Attribute>
<Attribute name="unidad" id="36C8A1FA-49C4-57E4-BC04-E064604CFFED">
<createdBy>Charchilla</createdBy>
<createdTime>2025-09-13 20:37:31 UTC</createdTime>
<ownerDesignName>s5</ownerDesignName>
<engineerTo>
<item key="C262E638-699B-2499-AB36-5CDFF4D1E746" value="true"/>
</engineerTo>
<useDomainConstraints>false</useDomainConstraints>
<use>1</use>
<logicalDatatype>LOGDT024</logicalDatatype>
<dataTypeSize>20</dataTypeSize>
<ownDataTypeParameters>20,,</ownDataTypeParameters>
</Attribute>
<Attribute name="id_supervisor" id="A7B25D07-54BE-950E-DF6A-2E84D3B51F5C">
<createdBy>Charchilla</createdBy>
<createdTime>2025-09-13 20:37:46 UTC</createdTime>
<ownerDesignName>s5</ownerDesignName>
<engineerTo>
<item key="C262E638-699B-2499-AB36-5CDFF4D1E746" value="true"/>
</engineerTo>
<nullsAllowed>true</nullsAllowed>
<useDomainConstraints>false</useDomainConstraints>
<use>1</use>
<logicalDatatype>LOGDT024</logicalDatatype>
<dataTypeSize>15</dataTypeSize>
<ownDataTypeParameters>15,,</ownDataTypeParameters>
</Attribute>
<Attribute name="id_especialidad" id="283A8464-AD30-0CB7-8BD8-18B063786D2F">
<createdBy>Charchilla</createdBy>
<createdTime>2025-09-13 21:30:42 UTC</createdTime>
<generatorID>5A365543-1329-3504-F54C-AF8079D947AF</generatorID>
<ownerDesignName>s5</ownerDesignName>
<engineerTo>
<item key="C262E638-699B-2499-AB36-5CDFF4D1E746" value="true"/>
</engineerTo>
<referedAttribute>0D1554EF-A16A-A00D-323A-A0554902F0F2</referedAttribute>
<useDomainConstraints>false</useDomainConstraints>
<use>1</use>
<logicalDatatype>LOGDT024</logicalDatatype>
<dataTypeSize>3</dataTypeSize>
<ownDataTypeParameters>,,</ownDataTypeParameters>
</Attribute>
<Attribute name="id_afp" id="FFC03B8A-0A9B-09C8-D9DD-52D3760AD0D1">
<createdBy>Charchilla</createdBy>
<createdTime>2025-09-13 21:35:50 UTC</createdTime>
<generatorID>7C9DBEEA-D5D3-677F-0B3C-D85A6BD74532</generatorID>
<ownerDesignName>s5</ownerDesignName>
<engineerTo>
<item key="C262E638-699B-2499-AB36-5CDFF4D1E746" value="true"/>
</engineerTo>
<referedAttribute>49D958F2-1A2D-7310-FC38-6F7E2F9BA6D4</referedAttribute>
<useDomainConstraints>false</useDomainConstraints>
<use>1</use>
<logicalDatatype>LOGDT024</logicalDatatype>
<dataTypeSize>3</dataTypeSize>
<ownDataTypeParameters>,,</ownDataTypeParameters>
</Attribute>
<Attribute name="id_salud" id="12647A73-921B-5B02-774E-10F1F01B6C65">
<createdBy>Charchilla</createdBy>
<createdTime>2025-09-13 21:36:29 UTC</createdTime>
<generatorID>512B7F3A-B3E6-C08F-5AC8-7D2E2475B2E1</generatorID>
<ownerDesignName>s5</ownerDesignName>
<engineerTo>
<item key="C262E638-699B-2499-AB36-5CDFF4D1E746" value="true"/>
</engineerTo>
<referedAttribute>03F280A4-D5E3-DB96-01D3-A063ECD9BD31</referedAttribute>
<useDomainConstraints>false</useDomainConstraints>
<use>1</use>
<logicalDatatype>LOGDT024</logicalDatatype>
<dataTypeSize>3</dataTypeSize>
<ownDataTypeParameters>,,</ownDataTypeParameters>
</Attribute>
<Attribute name="rut_medico1" id="A2EFDC2D-A9DC-AE5F-9C85-EED09DF5AB4B">
<createdBy>Charchilla</createdBy>
<createdTime>2025-09-13 21:51:46 UTC</createdTime>
<generatorID>94A2DC96-B322-1AF9-60B1-32A04D27B534</generatorID>
<ownerDesignName>s5</ownerDesignName>
<engineerTo>
<item key="C262E638-699B-2499-AB36-5CDFF4D1E746" value="true"/>
</engineerTo>
<nullsAllowed>true</nullsAllowed>
<referedAttribute>0716E1D7-326E-F712-A93D-1C1E26B84C8B</referedAttribute>
<useDomainConstraints>false</useDomainConstraints>
<use>1</use>
<logicalDatatype>LOGDT024</logicalDatatype>
<dataTypeSize>15</dataTypeSize>
<ownDataTypeParameters>,,</ownDataTypeParameters>
</Attribute>
</attributes>
<identifiers itemClass="oracle.dbtools.crest.model.design.logical.CandidateKey">
<identifier id="91EFDE7D-B68D-3FDA-EE55-D3E383D8C784" name="MEDICO PK">
<createdBy>Charchilla</createdBy>
<createdTime>2025-09-13 20:36:43 UTC</createdTime>
<ownerDesignName>s5</ownerDesignName>
<engineerTo>
<item key="C262E638-699B-2499-AB36-5CDFF4D1E746" value="true"/>
</engineerTo>
<pk>true</pk>
<usedAttributes>
<attributeRef>0716E1D7-326E-F712-A93D-1C1E26B84C8B</attributeRef>
</usedAttributes>
</identifier>
</identifiers>
</Entity>