<?xml version = '1.0' encoding = 'UTF-8'?>
<Entity class="oracle.dbtools.crest.model.design.logical.Entity" directorySegmentName="seg_0" id="60B04D7A-77B1-75F4-D3C8-B870E6C1A06C" name="ATENCION">
<createdBy>Charchilla</createdBy>
<createdTime>2025-09-13 20:30:46 UTC</createdTime>
<ownerDesignName>s5</ownerDesignName>
<engineerTo>
<item key="C262E638-699B-2499-AB36-5CDFF4D1E746" value="true"/>
</engineerTo>
<adequatelyNormalized>NO</adequatelyNormalized>
<expectedVolumes>0</expectedVolumes>
<fwdEngineeringStrategyName>Single Table</fwdEngineeringStrategyName>
<growthPercent>0</growthPercent>
<growthType>Year</growthType>
<maxVolumes>9999999</maxVolumes>
<minVolumes>0</minVolumes>
<normalForm>Third</normalForm>
<attributes itemClass="oracle.dbtools.crest.model.design.logical.Attribute">
<Attribute name="id_atencion" id="42164227-6788-2975-14F5-180FC58095C5">
<createdBy>Charchilla</createdBy>
<createdTime>2025-09-13 20:30:59 UTC</createdTime>
<ownerDesignName>s5</ownerDesignName>
<engineerTo>
<item key="C262E638-699B-2499-AB36-5CDFF4D1E746" value="true"/>
</engineerTo>
<useDomainConstraints>false</useDomainConstraints>
<use>1</use>
<logicalDatatype>LOGDT024</logicalDatatype>
<dataTypeSize>15</dataTypeSize>
<ownDataTypeParameters>15,,</ownDataTypeParameters>
</Attribute>
<Attribute name="f_atencion" id="6735001E-5A66-FAAC-3693-7CFB69E701FC">
<createdBy>Charchilla</createdBy>
<createdTime>2025-09-13 20:31:56 UTC</createdTime>
<ownerDesignName>s5</ownerDesignName>
<engineerTo>
<item key="C262E638-699B-2499-AB36-5CDFF4D1E746" value="true"/>
</engineerTo>
<useDomainConstraints>false</useDomainConstraints>
<use>1</use>
<logicalDatatype>LOGDT007</logicalDatatype>
<ownDataTypeParameters>,,</ownDataTypeParameters>
</Attribute>
<Attribute name="h_atencion" id="4E1308DD-5653-78FE-B10F-7402A362A18A">
<createdBy>Charchilla</createdBy>
<createdTime>2025-09-13 20:32:46 UTC</createdTime>
<ownerDesignName>s5</ownerDesignName>
<engineerTo>
<item key="C262E638-699B-2499-AB36-5CDFF4D1E746" value="true"/>
</engineerTo>
<useDomainConstraints>false</useDomainConstraints>
<use>1</use>
<logicalDatatype>LOGDT007</logicalDatatype>
<ownDataTypeParameters>,,</ownDataTypeParameters>
</Attribute>
<Attribute name="diagnostico" id="C9485BFF-5D26-12EF-DE96-8C0D9A7CAF1F">
<createdBy>Charchilla</createdBy>
<createdTime>2025-09-13 20:33:13 UTC</createdTime>
<ownerDesignName>s5</ownerDesignName>
<engineerTo>
<item key="C262E638-699B-2499-AB36-5CDFF4D1E746" value="true"/>
</engineerTo>
<useDomainConstraints>false</useDomainConstraints>
<use>1</use>
<logicalDatatype>LOGDT024</logicalDatatype>
<dataTypeSize>200</dataTypeSize>
<ownDataTypeParameters>200,,</ownDataTypeParameters>
</Attribute>
<Attribute name="T_atencion" id="248B9E44-0288-F7C1-95EF-858145290020">
<createdBy>Charchilla</createdBy>
<createdTime>2025-09-13 20:33:28 UTC</createdTime>
<ownerDesignName>s5</ownerDesignName>
<engineerTo>
<item key="C262E638-699B-2499-AB36-5CDFF4D1E746" value="true"/>
</engineerTo>
<constraintName>CK_ATENCION_T_ATENCION</constraintName>
<useDomainConstraints>false</useDomainConstraints>
<use>1</use>
<logicalDatatype>LOGDT024</logicalDatatype>
<dataTypeSize>15</dataTypeSize>
<listOfValues>
<valueDef value="&quot;general&quot;" description=""/>
<valueDef value="&quot;preventiva&quot;" description=""/>
<valueDef value="&quot;urgencia&quot;" description=""/>
</listOfValues>
<ownDataTypeParameters>15,,</ownDataTypeParameters>
</Attribute>
<Attribute name="id_pago" id="20425285-7A99-A16C-B09A-98F170329C83">
<createdBy>Charchilla</createdBy>
<createdTime>2025-09-13 21:34:17 UTC</createdTime>
<generatorID>8C97DAC0-693F-CC7B-0E53-786C0719184A</generatorID>
<ownerDesignName>s5</ownerDesignName>
<engineerTo>
<item key="C262E638-699B-2499-AB36-5CDFF4D1E746" value="true"/>
</engineerTo>
<referedAttribute>719469DD-BD71-9A43-191C-CEEC26D42D38</referedAttribute>
<useDomainConstraints>false</useDomainConstraints>
<use>1</use>
<logicalDatatype>LOGDT024</logicalDatatype>
<dataTypeSize>15</dataTypeSize>
<ownDataTypeParameters>15,,</ownDataTypeParameters>
</Attribute>
<Attribute name="rut_medico" id="E980CD4D-09CA-84A5-5865-C7B6D357BB77">
<createdBy>Charchilla</createdBy>
<createdTime>2025-09-13 21:38:17 UTC</createdTime>
<generatorID>78AD474E-054F-F582-D286-409E6680C3D2</generatorID>
<ownerDesignName>s5</ownerDesignName>
<engineerTo>
<item key="C262E638-699B-2499-AB36-5CDFF4D1E746" value="true"/>
</engineerTo>
<nullsAllowed>true</nullsAllowed>
<referedAttribute>0716E1D7-326E-F712-A93D-1C1E26B84C8B</referedAttribute>
<useDomainConstraints>false</useDomainConstraints>
<use>1</use>
<logicalDatatype>LOGDT024</logicalDatatype>
<dataTypeSize>15</dataTypeSize>
<ownDataTypeParameters>15,,</ownDataTypeParameters>
</Attribute>
</attributes>
<identifiers itemClass="oracle.dbtools.crest.model.design.logical.CandidateKey">
<identifier id="EF2CAA5F-160B-401E-8DA8-DBB9401C9535" name="ATENCION PK">
<createdBy>Charchilla</createdBy>
<createdTime>2025-09-13 20:32:08 UTC</createdTime>
<ownerDesignName>s5</ownerDesignName>
<engineerTo>
<item key="C262E638-699B-2499-AB36-5CDFF4D1E746" value="true"/>
</engineerTo>
<pk>true</pk>
<usedAttributes>
<attributeRef>42164227-6788-2975-14F5-180FC58095C5</attributeRef>
</usedAttributes>
</identifier>
</identifiers>
</Entity>