<?xml version = '1.0' encoding = 'UTF-8'?>
<Entity class="oracle.dbtools.crest.model.design.logical.Entity" directorySegmentName="seg_0" id="89AD314F-B89B-766A-6397-EE2215BB0280" name="SOLICITUD_EXAMEN">
<createdBy>Charchilla</createdBy>
<createdTime>2025-09-13 21:09:40 UTC</createdTime>
<ownerDesignName>s5</ownerDesignName>
<engineerTo>
<item key="C262E638-699B-2499-AB36-5CDFF4D1E746" value="true"/>
</engineerTo>
<adequatelyNormalized>NO</adequatelyNormalized>
<expectedVolumes>0</expectedVolumes>
<fwdEngineeringStrategyName>Single Table</fwdEngineeringStrategyName>
<growthPercent>0</growthPercent>
<growthType>Year</growthType>
<maxVolumes>9999999</maxVolumes>
<minVolumes>0</minVolumes>
<normalForm>Third</normalForm>
<attributes itemClass="oracle.dbtools.crest.model.design.logical.Attribute">
<Attribute name="id_solicitud" id="5235DD00-F7CA-8EDC-6828-907AB38F6F5E">
<createdBy>Charchilla</createdBy>
<createdTime>2025-09-13 21:09:52 UTC</createdTime>
<ownerDesignName>s5</ownerDesignName>
<engineerTo>
<item key="C262E638-699B-2499-AB36-5CDFF4D1E746" value="true"/>
</engineerTo>
<useDomainConstraints>false</useDomainConstraints>
<use>1</use>
<logicalDatatype>LOGDT024</logicalDatatype>
<dataTypeSize>15</dataTypeSize>
<ownDataTypeParameters>15,,</ownDataTypeParameters>
</Attribute>
<Attribute name="id_atencion" id="6EAE471B-3E23-7D32-FC22-916F423FB1D1">
<createdBy>Charchilla</createdBy>
<createdTime>2025-09-13 21:59:24 UTC</createdTime>
<generatorID>91692195-3A88-2642-B5E1-6E4FC505F468</generatorID>
<ownerDesignName>s5</ownerDesignName>
<engineerTo>
<item key="C262E638-699B-2499-AB36-5CDFF4D1E746" value="true"/>
</engineerTo>
<nullsAllowed>true</nullsAllowed>
<referedAttribute>42164227-6788-2975-14F5-180FC58095C5</referedAttribute>
<useDomainConstraints>false</useDomainConstraints>
<use>1</use>
<logicalDatatype>LOGDT024</logicalDatatype>
<dataTypeSize>15</dataTypeSize>
<ownDataTypeParameters>,,</ownDataTypeParameters>
</Attribute>
<Attribute name="id_examen" id="83F68F9A-B4E7-4D11-D336-049C75DF3B49">
<createdBy>Charchilla</createdBy>
<createdTime>2025-09-13 22:01:54 UTC</createdTime>
<generatorID>21BB4117-0F03-248E-0380-54CF6353CA2D</generatorID>
<ownerDesignName>s5</ownerDesignName>
<engineerTo>
<item key="C262E638-699B-2499-AB36-5CDFF4D1E746" value="true"/>
</engineerTo>
<referedAttribute>3919A685-2356-9D37-961E-9ADBB7E6E665</referedAttribute>
<useDomainConstraints>false</useDomainConstraints>
<use>1</use>
<logicalDatatype>LOGDT024</logicalDatatype>
<dataTypeSize>15</dataTypeSize>
<ownDataTypeParameters>,,</ownDataTypeParameters>
</Attribute>
</attributes>
<identifiers itemClass="oracle.dbtools.crest.model.design.logical.CandidateKey">
<identifier id="2339CFD3-96E3-E1EC-D2B9-796CCD6FDEF4" name="SOLICITUD_EXAMEN PK">
<createdBy>Charchilla</createdBy>
<createdTime>2025-09-13 21:10:00 UTC</createdTime>
<ownerDesignName>s5</ownerDesignName>
<engineerTo>
<item key="C262E638-699B-2499-AB36-5CDFF4D1E746" value="true"/>
</engineerTo>
<pk>true</pk>
<usedAttributes>
<attributeRef>5235DD00-F7CA-8EDC-6828-907AB38F6F5E</attributeRef>
</usedAttributes>
</identifier>
</identifiers>
</Entity>