<?xml version = '1.0' encoding = 'UTF-8'?>
<Diagram class="oracle.dbtools.crest.swingui.relational.DPVRelational" name="Relational_1" id="600D0B71-A05E-9B23-0678-EA765556D792">
<createdBy>Charchilla</createdBy>
<modifiedBy>Charchilla</modifiedBy>
<createdTime>2025-08-23 23:45:57 UTC</createdTime>
<autoRoute>false</autoRoute>
<boxInbox>true</boxInbox>
<showLegend>false</showLegend>
<showLabels>false</showLabels>
<showRelAttributes>false</showRelAttributes>
<gridEnabled>false</gridEnabled>
<showGrid>false</showGrid>
<diagramColor>-1</diagramColor>
<display>false</display>
<notation>1</notation>
<objectViews>
<OView class="oracle.dbtools.crest.swingui.relational.TVTable" oid="15B0AB7E-6D17-FAC5-3E35-4D425186A257" otype="Table" vid="BD957EE0-CC70-11E7-D576-B027A78FC846">
<hideElementsInCurrentOnly>false</hideElementsInCurrentOnly>
<bounds x="464" y="72" width="250" height="188"/>
</OView>
<OView class="oracle.dbtools.crest.swingui.relational.TVTable" oid="4259650B-2EB2-8F0A-CB47-DD4FFFF92BB6" otype="Table" vid="7557D01E-5440-30C3-00BB-FF582E4B1E53">
<hideElementsInCurrentOnly>false</hideElementsInCurrentOnly>
<bounds x="1220" y="588" width="161" height="63"/>
</OView>
<OView class="oracle.dbtools.crest.swingui.relational.TVTable" oid="78247EDB-8B08-15B9-BE85-E2DD63D63708" otype="Table" vid="8541DCA2-6EC3-989C-6051-E50E3BB5C087">
<hideElementsInCurrentOnly>false</hideElementsInCurrentOnly>
<bounds x="1239" y="441" width="160" height="63"/>
</OView>
<OView class="oracle.dbtools.crest.swingui.relational.TVTable" oid="8806E0C2-7C85-A08C-00B4-4631D1558C18" otype="Table" vid="1590B007-8E9C-9B40-15EE-4C9E25E83F42">
<hideElementsInCurrentOnly>false</hideElementsInCurrentOnly>
<bounds x="225" y="344" width="296" height="184"/>
</OView>
<OView class="oracle.dbtools.crest.swingui.relational.TVTable" oid="99E23801-C4BD-A7E9-1F88-54E1F730411E" otype="Table" vid="283C8408-2C2C-5608-1B3A-8463AD79FC95">
<hideElementsInCurrentOnly>false</hideElementsInCurrentOnly>
<bounds x="169" y="65" width="238" height="149"/>
</OView>
<OView class="oracle.dbtools.crest.swingui.relational.TVTable" oid="ADE88618-3950-5FE7-1BE8-4C256B5A6AD4" otype="Table" vid="3CE19DE2-2063-AFD6-4925-AFECB0BE9C90">
<hideElementsInCurrentOnly>false</hideElementsInCurrentOnly>
<bounds x="1181" y="123" width="175" height="133"/>
</OView>
<OView class="oracle.dbtools.crest.swingui.relational.TVTable" oid="C6C3DB7D-4E7C-BF0A-E0DC-A20C4A7B8738" otype="Table" vid="8D3AE142-F4C8-D88B-9E02-82B5628FF964">
<hideElementsInCurrentOnly>false</hideElementsInCurrentOnly>
<bounds x="833" y="68" width="246" height="219"/>
</OView>
<OView class="oracle.dbtools.crest.swingui.relational.TVTable" oid="E2ADEE93-08FD-A63F-BF80-EB684B2F2522" otype="Table" vid="A8D1A0E2-73EA-D999-F558-2F47DDD73B17">
<hideElementsInCurrentOnly>false</hideElementsInCurrentOnly>
<bounds x="619" y="400" width="516" height="273"/>
</OView>
</objectViews>
<connectors>
<Connector class="oracle.dbtools.crest.swingui.relational.TVFKRelation" oid="33708A77-D4D2-45BA-1675-23C3DFA77CBE" otype="FKIndexAssociation" vid_source="8D3AE142-F4C8-D88B-9E02-82B5628FF964" vid_target="BD957EE0-CC70-11E7-D576-B027A78FC846">
<hideElementsInCurrentOnly>false</hideElementsInCurrentOnly>
<backgroundColor>-16777216</backgroundColor>
<lineWidth>1</lineWidth>
<points>
<point x="833" y="166"/>
<point x="714" y="166"/>
</points>
</Connector>
<Connector class="oracle.dbtools.crest.swingui.relational.TVFKRelation" oid="73B47994-17DA-0B58-415D-A4E24DAEC7B2" otype="FKIndexAssociation" vid_source="3CE19DE2-2063-AFD6-4925-AFECB0BE9C90" vid_target="8D3AE142-F4C8-D88B-9E02-82B5628FF964">
<hideElementsInCurrentOnly>false</hideElementsInCurrentOnly>
<backgroundColor>-16777216</backgroundColor>
<lineWidth>1</lineWidth>
<points>
<point x="1181" y="189"/>
<point x="1079" y="189"/>
</points>
</Connector>
<Connector class="oracle.dbtools.crest.swingui.relational.TVFKRelation" oid="A87F36B1-956D-1358-126E-24260319E60B" otype="FKIndexAssociation" vid_source="A8D1A0E2-73EA-D999-F558-2F47DDD73B17" vid_target="7557D01E-5440-30C3-00BB-FF582E4B1E53">
<hideElementsInCurrentOnly>false</hideElementsInCurrentOnly>
<backgroundColor>-16777216</backgroundColor>
<lineWidth>1</lineWidth>
<points>
<point x="1135" y="619"/>
<point x="1220" y="619"/>
</points>
</Connector>
<Connector class="oracle.dbtools.crest.swingui.relational.TVFKRelation" oid="DCC94BD1-79D8-BD23-8122-30954186DCE0" otype="FKIndexAssociation" vid_source="283C8408-2C2C-5608-1B3A-8463AD79FC95" vid_target="1590B007-8E9C-9B40-15EE-4C9E25E83F42">
<hideElementsInCurrentOnly>false</hideElementsInCurrentOnly>
<backgroundColor>-16777216</backgroundColor>
<lineWidth>1</lineWidth>
<points>
<point x="316" y="214"/>
<point x="316" y="344"/>
</points>
</Connector>
<Connector class="oracle.dbtools.crest.swingui.relational.TVFKRelation" oid="E884CE00-385A-E3D3-E479-EC4140937E9F" otype="FKIndexAssociation" vid_source="A8D1A0E2-73EA-D999-F558-2F47DDD73B17" vid_target="8541DCA2-6EC3-989C-6051-E50E3BB5C087">
<hideElementsInCurrentOnly>false</hideElementsInCurrentOnly>
<backgroundColor>-16777216</backgroundColor>
<lineWidth>1</lineWidth>
<points>
<point x="1135" y="472"/>
<point x="1239" y="472"/>
</points>
</Connector>
<Connector class="oracle.dbtools.crest.swingui.relational.TVFKRelation" oid="EAE756BB-D030-AF95-1781-17D8FDA5C086" otype="FKIndexAssociation" vid_source="A8D1A0E2-73EA-D999-F558-2F47DDD73B17" vid_target="8D3AE142-F4C8-D88B-9E02-82B5628FF964">
<hideElementsInCurrentOnly>false</hideElementsInCurrentOnly>
<backgroundColor>-16777216</backgroundColor>
<lineWidth>1</lineWidth>
<points>
<point x="971" y="400"/>
<point x="971" y="287"/>
</points>
</Connector>
<Connector class="oracle.dbtools.crest.swingui.relational.TVFKRelation" oid="FCD0E8DE-6A87-68A9-AB03-2A3BA3873DBD" otype="FKIndexAssociation" vid_source="283C8408-2C2C-5608-1B3A-8463AD79FC95" vid_target="BD957EE0-CC70-11E7-D576-B027A78FC846">
<hideElementsInCurrentOnly>false</hideElementsInCurrentOnly>
<backgroundColor>-16777216</backgroundColor>
<lineWidth>1</lineWidth>
<points>
<point x="407" y="143"/>
<point x="464" y="143"/>
</points>
</Connector>
</connectors>
<arcs>
<Arc class="oracle.dbtools.crest.swingui.relational.TVFKArc" oid="7FABCB92-789E-1025-9C84-AC74A38E7432" otype="FKArc" vid="F54086F7-1D28-7086-09A5-E5134B666FEA">
<hideElementsInCurrentOnly>false</hideElementsInCurrentOnly>
<bounds x="599" y="380" width="556" height="313"/>
</Arc>
</arcs>
</Diagram>