<?xml version = '1.0' encoding = 'UTF-8'?>
<relationalModel class="oracle.dbtools.crest.model.design.relational.RelationalDesign" name="Relational_1" id="7DE37CB5-57AE-504E-B305-A2204C12A978" mainViewID="3DC34FD7-68D1-C6CB-1B75-69DB1F71DFE2">
<createdBy>Charchilla</createdBy>
<createdTime>2025-10-11 20:23:30 UTC</createdTime>
<ownerDesignName>WORK-S9</ownerDesignName>
<shouldBeOpen>false</shouldBeOpen>
<selectedRDBMSSite>32076570-2523-435C-2E92-BF29817DFF70</selectedRDBMSSite>
</relationalModel>