<?xml version = '1.0' encoding = 'UTF-8'?>
<Relation class="oracle.dbtools.crest.model.design.logical.Relation" name="Relation_2" directorySegmentName="seg_0" id="32D995E1-FB69-76ED-106F-EE5FA8680920">
<createdBy>Charchilla</createdBy>
<createdTime>2025-08-23 23:07:05 UTC</createdTime>
<ownerDesignName>s2</ownerDesignName>
<engineerTo>
<item key="2789203D-59AF-6989-C570-BEAF60C1CDCC" value="true"/>
</engineerTo>
<targetPk>5984649D-0688-CDD2-1A05-B75C7A2CC4E3</targetPk>
<identifying>false</identifying>
<optionalSource>false</optionalSource>
<optionalTarget>true</optionalTarget>
<sourceCardinality>*</sourceCardinality>
<sourceEntity>824DF0EF-F53B-D8EF-D85A-D01CE1710294</sourceEntity>
<targetCardinalityString>1</targetCardinalityString>
<targetEntity>3B0963B1-3F77-8EFE-7645-4C5AF96651C5</targetEntity>
<transferable>true</transferable>
<deleteRule>NO ACTION</deleteRule>
</Relation>