<?xml version = '1.0' encoding = 'UTF-8'?>
<Relation class="oracle.dbtools.crest.model.design.logical.Relation" name="Relation_4" directorySegmentName="seg_0" id="3419A275-28CF-0077-CC11-680E655A94D9">
<createdBy>Charchilla</createdBy>
<createdTime>2025-08-23 23:15:41 UTC</createdTime>
<ownerDesignName>s2</ownerDesignName>
<engineerTo>
<item key="2789203D-59AF-6989-C570-BEAF60C1CDCC" value="true"/>
</engineerTo>
<sourcePk>677F1EAE-765C-D65A-2FC3-5F486EC44561</sourcePk>
<identifying>false</identifying>
<optionalSource>true</optionalSource>
<optionalTarget>false</optionalTarget>
<sourceCardinality>1</sourceCardinality>
<sourceEntity>EC7D8110-3A83-55DE-C521-19E9339F2A7E</sourceEntity>
<targetCardinalityString>*</targetCardinalityString>
<targetEntity>4B4E9E97-9896-66C3-A2E1-277B7AD6D71C</targetEntity>
<transferable>true</transferable>
<deleteRule>NO ACTION</deleteRule>
</Relation>