<?xml version = '1.0' encoding = 'UTF-8'?>
<Relation class="oracle.dbtools.crest.model.design.logical.Relation" name="Relation_3" directorySegmentName="seg_0" id="4C536C23-1B1A-A78A-690E-55623585CA34">
<createdBy>Charchilla</createdBy>
<createdTime>2025-08-23 23:09:10 UTC</createdTime>
<ownerDesignName>s2</ownerDesignName>
<engineerTo>
<item key="2789203D-59AF-6989-C570-BEAF60C1CDCC" value="true"/>
</engineerTo>
<sourcePk>299FB223-750A-3B36-E936-8AC100ECD723</sourcePk>
<identifying>false</identifying>
<optionalSource>false</optionalSource>
<optionalTarget>false</optionalTarget>
<sourceCardinality>1</sourceCardinality>
<sourceEntity>824DF0EF-F53B-D8EF-D85A-D01CE1710294</sourceEntity>
<targetCardinalityString>*</targetCardinalityString>
<targetEntity>E567BA8F-2C2D-658B-6CB7-667F1E2B45BF</targetEntity>
<transferable>true</transferable>
<deleteRule>NO ACTION</deleteRule>
</Relation>