<?xml version = '1.0' encoding = 'UTF-8'?>
<Relation class="oracle.dbtools.crest.model.design.logical.Relation" name="Relation_7" directorySegmentName="seg_0" id="AF410CB6-AF41-711C-3ECA-B633BA8478B3">
<createdBy>Charchilla</createdBy>
<createdTime>2025-08-23 23:33:49 UTC</createdTime>
<ownerDesignName>s2</ownerDesignName>
<engineerTo>
<item key="2789203D-59AF-6989-C570-BEAF60C1CDCC" value="true"/>
</engineerTo>
<sourcePk>299FB223-750A-3B36-E936-8AC100ECD723</sourcePk>
<targetPk>3B362AF4-5DE2-50CF-59E5-25A96C3F0B47</targetPk>
<identifying>false</identifying>
<optionalSource>false</optionalSource>
<optionalTarget>false</optionalTarget>
<sourceCardinality>*</sourceCardinality>
<sourceEntity>824DF0EF-F53B-D8EF-D85A-D01CE1710294</sourceEntity>
<targetCardinalityString>1</targetCardinalityString>
<targetEntity>877F59DC-9A24-F7F2-B0B9-7B7E0DB6E201</targetEntity>
<transferable>true</transferable>
<deleteRule>NO ACTION</deleteRule>
</Relation>