<?xml version = '1.0' encoding = 'UTF-8'?>
<Relation class="oracle.dbtools.crest.model.design.logical.Relation" name="Relation_1" directorySegmentName="seg_0" id="D9550050-E096-FE08-ED91-D5178AC705F4">
<createdBy>Charchilla</createdBy>
<createdTime>2025-08-23 23:03:57 UTC</createdTime>
<ownerDesignName>s2</ownerDesignName>
<engineerTo>
<item key="2789203D-59AF-6989-C570-BEAF60C1CDCC" value="true"/>
</engineerTo>
<sourcePk>FA12EC1C-2A48-FDD1-3B43-BFEB6C33CD60</sourcePk>
<identifying>false</identifying>
<optionalSource>false</optionalSource>
<optionalTarget>false</optionalTarget>
<sourceCardinality>1</sourceCardinality>
<sourceEntity>EC7D8110-3A83-55DE-C521-19E9339F2A7E</sourceEntity>
<targetCardinalityString>*</targetCardinalityString>
<targetEntity>E567BA8F-2C2D-658B-6CB7-667F1E2B45BF</targetEntity>
<transferable>true</transferable>
<deleteRule>NO ACTION</deleteRule>
</Relation>