<?xml version = '1.0' encoding = 'UTF-8'?>
<RMDeletedMap class="oracle.dbtools.crest.model.xtdmapping.RMDeletedMap">
<mappings itemClass="oracle.dbtools.crest.model.xtdmapping.XtdMapping">
<delm id="DF4500CB-0E5D907E2B2A7D609F7D-EBEE706CD4DC" delID="7D609F7D-6ECB-7A22-AD6A-EBEE706CD4DC" oDP="0DBBB21B-EC31-D4AC-4D0F-1D4E56BB5E33" oID="DF4500CB-F5F7-37DC-1877-0E5D907E2B2A" oType="3" rSEnt="F12FCFC7-742B-8988-B83C-9A8F28CD2FE4" rTEnt="18EDA5E8-2E34-25FC-D140-7561A125CFEF" tDP="503E1AB4-5499-72FA-10D3-22D1D045D6EF" tID="7D609F7D-6ECB-7A22-AD6A-EBEE706CD4DC" tType="8">
</delm>
<delm id="DFC439D2-15165BEACBB9A7CDFD89-B2C9B696F454" delID="A7CDFD89-1EEE-AC95-DCE7-B2C9B696F454" inhType="3" oDP="0DBBB21B-EC31-D4AC-4D0F-1D4E56BB5E33" oID="DFC439D2-D90F-A5F5-6780-15165BEACBB9" oType="3" rSEnt="47811FA1-E382-8EA9-3EE7-C248DE56B23B" rTEnt="25FC76E3-4259-33C4-37EF-69C4AF0B8A4A" tDP="503E1AB4-5499-72FA-10D3-22D1D045D6EF" tID="A7CDFD89-1EEE-AC95-DCE7-B2C9B696F454" tType="8">
</delm>
<delm id="E6D7CB57-F6CEE15E476D7D143D19-E0FE8E6718D0" delID="7D143D19-4080-0E0B-2DE3-E0FE8E6718D0" oDP="0DBBB21B-EC31-D4AC-4D0F-1D4E56BB5E33" oID="E6D7CB57-977D-78A6-BA6D-F6CEE15E476D" oType="3" rSEnt="ADBFFA37-AD66-C71C-BEEB-98F71108933C" rTEnt="18EDA5E8-2E34-25FC-D140-7561A125CFEF" tDP="503E1AB4-5499-72FA-10D3-22D1D045D6EF" tID="7D143D19-4080-0E0B-2DE3-E0FE8E6718D0" tType="8">
</delm>
</mappings>
</RMDeletedMap>